model,condition,item_id,domain,response,correct_answer,is_correct
llama3-8b,T1,9047,physics,C,B,False
llama3-8b,T1,9048,physics,A,J,False
llama3-8b,T1,9049,physics,C,F,False
llama3-8b,T1,9052,physics,G,C,False
llama3-8b,T1,9054,physics,D,H,False
llama3-8b,T1,9055,physics,F,F,True
llama3-8b,T1,9059,physics,B,B,True
llama3-8b,T1,9060,physics,B,A,False
llama3-8b,T1,9061,physics,B,C,False
llama3-8b,T1,9069,physics,D,G,False
llama3-8b,T1,9070,physics,C,D,False
llama3-8b,T1,9071,physics,B,D,False
llama3-8b,T1,9074,physics,B,H,False
llama3-8b,T1,9082,physics,G,E,False
llama3-8b,T1,9085,physics,A,I,False
llama3-8b,T1,9086,physics,F,G,False
llama3-8b,T1,9088,physics,C,G,False
llama3-8b,T1,9089,physics,D,D,True
llama3-8b,T1,9091,physics,D,A,False
llama3-8b,T1,9097,physics,B,A,False
llama3-8b,T1,9098,physics,F,A,False
llama3-8b,T1,9100,physics,D,B,False
llama3-8b,T1,9104,physics,C,J,False
llama3-8b,T1,9105,physics,D,B,False
llama3-8b,T1,9106,physics,C,E,False
llama3-8b,T1,9107,physics,B,A,False
llama3-8b,T1,9108,physics,E,G,False
llama3-8b,T1,9110,physics,F,B,False
llama3-8b,T1,9111,physics,B,B,True
llama3-8b,T1,9115,physics,J,J,True
llama3-8b,T1,9116,physics,D,A,False
llama3-8b,T1,9117,physics,C,F,False
llama3-8b,T1,9120,physics,A,D,False
llama3-8b,T1,9121,physics,D,H,False
llama3-8b,T1,9123,physics,A,A,True
llama3-8b,T1,9129,physics,G,F,False
llama3-8b,T1,9130,physics,C,J,False
llama3-8b,T1,9135,physics,E,E,True
llama3-8b,T1,9140,physics,D,D,True
llama3-8b,T1,9141,physics,D,A,False
llama3-8b,T1,9142,physics,C,G,False
llama3-8b,T1,9143,physics,D,H,False
llama3-8b,T1,9147,physics,B,J,False
llama3-8b,T1,9149,physics,C,I,False
llama3-8b,T1,9152,physics,A,D,False
llama3-8b,T1,9153,physics,E,H,False
llama3-8b,T1,9156,physics,G,A,False
llama3-8b,T1,9157,physics,C,C,True
llama3-8b,T1,9158,physics,C,E,False
llama3-8b,T1,9161,physics,C,A,False
llama3-8b,T1,9165,physics,J,B,False
llama3-8b,T1,9167,physics,F,C,False
llama3-8b,T1,9169,physics,E,F,False
llama3-8b,T1,9171,physics,C,F,False
llama3-8b,T1,9178,physics,E,D,False
llama3-8b,T1,9179,physics,E,G,False
llama3-8b,T1,9181,physics,E,A,False
llama3-8b,T1,9182,physics,B,F,False
llama3-8b,T1,9183,physics,E,H,False
llama3-8b,T1,9185,physics,D,J,False
llama3-8b,T1,9186,physics,A,B,False
llama3-8b,T1,9189,physics,C,J,False
llama3-8b,T1,9190,physics,B,F,False
llama3-8b,T1,9193,physics,A,D,False
llama3-8b,T1,9194,physics,C,C,True
llama3-8b,T1,9199,physics,E,E,True
llama3-8b,T1,9200,physics,F,E,False
llama3-8b,T1,9206,physics,D,E,False
llama3-8b,T1,9207,physics,B,A,False
llama3-8b,T1,9209,physics,C,G,False
llama3-8b,T1,9211,physics,B,B,True
llama3-8b,T1,9213,physics,A,H,False
llama3-8b,T1,9214,physics,J,J,True
llama3-8b,T1,9216,physics,D,D,True
llama3-8b,T1,9218,physics,A,C,False
llama3-8b,T1,9223,physics,D,J,False
llama3-8b,T1,9226,physics,B,C,False
llama3-8b,T1,9229,physics,B,A,False
llama3-8b,T1,9230,physics,E,G,False
llama3-8b,T1,9231,physics,B,D,False
llama3-8b,T1,9234,physics,B,D,False
llama3-8b,T1,9237,physics,C,A,False
llama3-8b,T1,9238,physics,B,B,True
llama3-8b,T1,9239,physics,B,B,True
llama3-8b,T1,9241,physics,E,C,False
llama3-8b,T1,9242,physics,D,A,False
llama3-8b,T1,9245,physics,E,J,False
llama3-8b,T1,9246,physics,B,J,False
llama3-8b,T1,9249,physics,J,J,True
llama3-8b,T1,9252,physics,E,D,False
llama3-8b,T1,9255,physics,D,D,True
llama3-8b,T1,9257,physics,D,D,True
llama3-8b,T1,9258,physics,E,C,False
llama3-8b,T1,9265,physics,D,D,True
llama3-8b,T1,9267,physics,C,F,False
llama3-8b,T1,9268,physics,B,F,False
llama3-8b,T1,9272,physics,A,J,False
llama3-8b,T1,9273,physics,A,A,True
llama3-8b,T1,9274,physics,B,B,True
llama3-8b,T1,9277,physics,D,A,False
llama3-8b,T1,9278,physics,E,E,True
llama3-8b,T1,9279,physics,E,E,True
llama3-8b,T1,9283,physics,G,G,True
llama3-8b,T1,9284,physics,B,I,False
llama3-8b,T1,9290,physics,H,I,False
llama3-8b,T1,9292,physics,E,E,True
llama3-8b,T1,9294,physics,B,B,True
llama3-8b,T1,9297,physics,D,J,False
llama3-8b,T1,9300,physics,B,H,False
llama3-8b,T1,9302,physics,A,D,False
llama3-8b,T1,9305,physics,J,H,False
llama3-8b,T1,9306,physics,F,F,True
llama3-8b,T1,9309,physics,E,F,False
llama3-8b,T1,9313,physics,E,D,False
llama3-8b,T1,9315,physics,E,E,True
llama3-8b,T1,9321,physics,D,I,False
llama3-8b,T1,9322,physics,C,E,False
llama3-8b,T1,9325,physics,B,B,True
llama3-8b,T1,9326,physics,D,B,False
llama3-8b,T1,9328,physics,B,I,False
llama3-8b,T1,9333,physics,A,A,True
llama3-8b,T1,9338,physics,C,J,False
llama3-8b,T1,9340,physics,I,I,True
llama3-8b,T1,9342,physics,B,J,False
llama3-8b,T1,9343,physics,B,H,False
llama3-8b,T1,9346,physics,B,A,False
llama3-8b,T1,9347,physics,C,C,True
llama3-8b,T1,9362,physics,D,D,True
llama3-8b,T1,9365,physics,A,A,True
llama3-8b,T1,9367,physics,D,J,False
llama3-8b,T1,9369,physics,J,C,False
llama3-8b,T1,9373,physics,E,G,False
llama3-8b,T1,9374,physics,E,D,False
llama3-8b,T1,9376,physics,C,H,False
llama3-8b,T1,9380,physics,B,A,False
llama3-8b,T1,9383,physics,E,I,False
llama3-8b,T1,9385,physics,G,A,False
llama3-8b,T1,9388,physics,B,I,False
llama3-8b,T1,9389,physics,E,F,False
llama3-8b,T1,9392,physics,C,E,False
llama3-8b,T1,9395,physics,E,F,False
llama3-8b,T1,9396,physics,C,D,False
llama3-8b,T1,9398,physics,G,G,True
llama3-8b,T1,9400,physics,A,H,False
llama3-8b,T1,9401,physics,C,J,False
llama3-8b,T1,9402,physics,A,F,False
llama3-8b,T1,9403,physics,B,G,False
llama3-8b,T1,9412,physics,J,G,False
llama3-8b,T1,9414,physics,C,G,False
llama3-8b,T1,9416,physics,C,D,False
llama3-8b,T1,9422,physics,G,B,False
llama3-8b,T1,9423,physics,G,J,False
llama3-8b,T1,9424,physics,A,J,False
llama3-8b,T1,9427,physics,B,B,True
llama3-8b,T1,9430,physics,E,E,True
llama3-8b,T1,9431,physics,E,G,False
llama3-8b,T1,9438,physics,B,B,True
llama3-8b,T1,9440,physics,E,I,False
llama3-8b,T1,9443,physics,F,B,False
llama3-8b,T1,9453,physics,C,C,True
llama3-8b,T1,9454,physics,C,I,False
llama3-8b,T1,9456,physics,B,I,False
llama3-8b,T1,9457,physics,G,J,False
llama3-8b,T1,9459,physics,B,G,False
llama3-8b,T1,9460,physics,C,F,False
llama3-8b,T1,9465,physics,B,B,True
llama3-8b,T1,9471,physics,A,G,False
llama3-8b,T1,9473,physics,A,F,False
llama3-8b,T1,9474,physics,B,G,False
llama3-8b,T1,9475,physics,C,C,True
llama3-8b,T1,9476,physics,A,A,True
llama3-8b,T1,9477,physics,D,D,True
llama3-8b,T1,9479,physics,D,D,True
llama3-8b,T1,9482,physics,B,H,False
llama3-8b,T1,9487,physics,B,H,False
llama3-8b,T1,9488,physics,G,G,True
llama3-8b,T1,9495,physics,C,J,False
llama3-8b,T1,9498,physics,E,C,False
llama3-8b,T1,9499,physics,D,A,False
llama3-8b,T1,9501,physics,B,G,False
llama3-8b,T1,9503,physics,D,D,True
llama3-8b,T1,9504,physics,E,G,False
llama3-8b,T1,9506,physics,C,G,False
llama3-8b,T1,9510,physics,D,D,True
llama3-8b,T1,9512,physics,E,C,False
llama3-8b,T1,9513,physics,B,I,False
llama3-8b,T1,9514,physics,C,D,False
llama3-8b,T1,9515,physics,A,A,True
llama3-8b,T1,9517,physics,J,A,False
llama3-8b,T1,9518,physics,B,H,False
llama3-8b,T1,9519,physics,B,E,False
llama3-8b,T1,9523,physics,C,F,False
llama3-8b,T1,9526,physics,C,C,True
llama3-8b,T1,9531,physics,E,F,False
llama3-8b,T1,9532,physics,C,E,False
llama3-8b,T1,9535,physics,D,H,False
llama3-8b,T1,9536,physics,E,B,False
llama3-8b,T1,9540,physics,H,G,False
llama3-8b,T1,9545,physics,J,C,False
llama3-8b,T1,9551,physics,B,B,True
llama3-8b,T1,9557,physics,B,E,False
llama3-8b,T1,9559,physics,B,H,False
llama3-8b,T1,9561,physics,A,F,False
llama3-8b,T1,9563,physics,B,J,False
llama3-8b,T1,9564,physics,B,I,False
llama3-8b,T1,9568,physics,G,G,True
llama3-8b,T1,9569,physics,C,C,True
llama3-8b,T1,9571,physics,F,G,False
llama3-8b,T1,9572,physics,F,C,False
llama3-8b,T1,9576,physics,B,B,True
llama3-8b,T1,9578,physics,D,A,False
llama3-8b,T1,9580,physics,C,E,False
llama3-8b,T1,9582,physics,E,B,False
llama3-8b,T1,9585,physics,D,D,True
llama3-8b,T1,9588,physics,C,B,False
llama3-8b,T1,9589,physics,J,A,False
llama3-8b,T1,9591,physics,E,H,False
llama3-8b,T1,9592,physics,F,J,False
llama3-8b,T1,9594,physics,B,E,False
llama3-8b,T1,9607,physics,E,A,False
llama3-8b,T1,9610,physics,F,A,False
llama3-8b,T1,9611,physics,B,E,False
llama3-8b,T1,9613,physics,H,C,False
llama3-8b,T1,9614,physics,E,E,True
llama3-8b,T1,9615,physics,E,J,False
llama3-8b,T1,9618,physics,B,B,True
llama3-8b,T1,9620,physics,C,D,False
llama3-8b,T1,9621,physics,B,B,True
llama3-8b,T1,9622,physics,D,F,False
llama3-8b,T1,9624,physics,D,I,False
llama3-8b,T1,9625,physics,D,I,False
llama3-8b,T1,9627,physics,E,C,False
llama3-8b,T1,9628,physics,B,B,True
llama3-8b,T1,9630,physics,F,F,True
llama3-8b,T1,9636,physics,G,C,False
llama3-8b,T1,9637,physics,F,F,True
llama3-8b,T1,9639,physics,H,A,False
llama3-8b,T1,9640,physics,D,F,False
llama3-8b,T1,9642,physics,F,J,False
llama3-8b,T1,9644,physics,E,I,False
llama3-8b,T1,9645,physics,E,I,False
llama3-8b,T1,9648,physics,A,E,False
llama3-8b,T1,9649,physics,G,A,False
llama3-8b,T1,9651,physics,E,A,False
llama3-8b,T1,9653,physics,C,A,False
llama3-8b,T1,9659,physics,C,J,False
llama3-8b,T1,9666,physics,E,E,True
llama3-8b,T1,9668,physics,F,F,True
llama3-8b,T1,9669,physics,D,G,False
llama3-8b,T1,9670,physics,A,E,False
llama3-8b,T1,9672,physics,D,I,False
llama3-8b,T1,9673,physics,F,F,True
llama3-8b,T1,9674,physics,C,C,True
llama3-8b,T1,9676,physics,B,G,False
llama3-8b,T1,9677,physics,C,C,True
llama3-8b,T1,9685,physics,E,G,False
llama3-8b,T1,9686,physics,B,H,False
llama3-8b,T1,9687,physics,D,G,False
llama3-8b,T1,9688,physics,A,H,False
llama3-8b,T1,9696,physics,E,E,True
llama3-8b,T1,9697,physics,B,H,False
llama3-8b,T1,9703,physics,B,B,True
llama3-8b,T1,9706,physics,B,E,False
llama3-8b,T1,9711,physics,D,D,True
llama3-8b,T1,9712,physics,C,C,True
llama3-8b,T1,9713,physics,C,D,False
llama3-8b,T1,9715,physics,E,E,True
llama3-8b,T1,9721,physics,A,J,False
llama3-8b,T1,9723,physics,B,H,False
llama3-8b,T1,9726,physics,C,I,False
llama3-8b,T1,9731,physics,J,D,False
llama3-8b,T1,9736,physics,E,E,True
llama3-8b,T1,9740,physics,C,F,False
llama3-8b,T1,9743,physics,F,H,False
llama3-8b,T1,9744,physics,B,I,False
llama3-8b,T1,9749,physics,D,A,False
llama3-8b,T1,9751,physics,B,G,False
llama3-8b,T1,9755,physics,C,D,False
llama3-8b,T1,9757,physics,C,A,False
llama3-8b,T1,9758,physics,B,J,False
llama3-8b,T1,9759,physics,H,H,True
llama3-8b,T1,9761,physics,B,B,True
llama3-8b,T1,9764,physics,C,D,False
llama3-8b,T1,9765,physics,B,I,False
llama3-8b,T1,9767,physics,A,A,True
llama3-8b,T1,9769,physics,F,E,False
llama3-8b,T1,9771,physics,C,F,False
llama3-8b,T1,9773,physics,E,E,True
llama3-8b,T1,9774,physics,C,D,False
llama3-8b,T1,9776,physics,D,D,True
llama3-8b,T1,9777,physics,E,A,False
llama3-8b,T1,9778,physics,E,E,True
llama3-8b,T1,9780,physics,F,B,False
llama3-8b,T1,9785,physics,A,H,False
llama3-8b,T1,9786,physics,E,A,False
llama3-8b,T1,9789,physics,B,D,False
llama3-8b,T1,9795,physics,C,C,True
llama3-8b,T1,9800,physics,B,C,False
llama3-8b,T1,9802,physics,D,I,False
llama3-8b,T1,9804,physics,D,H,False
llama3-8b,T1,9807,physics,I,I,True
llama3-8b,T1,9809,physics,C,F,False
llama3-8b,T1,9817,physics,C,B,False
llama3-8b,T1,9818,physics,F,D,False
llama3-8b,T1,9819,physics,A,I,False
llama3-8b,T1,9824,physics,E,I,False
llama3-8b,T1,9825,physics,F,F,True
llama3-8b,T1,9827,physics,F,C,False
llama3-8b,T1,9831,physics,B,I,False
llama3-8b,T1,9832,physics,C,I,False
llama3-8b,T1,9833,physics,B,H,False
llama3-8b,T1,9837,physics,C,C,True
llama3-8b,T1,9838,physics,B,G,False
llama3-8b,T1,9839,physics,B,I,False
llama3-8b,T1,9843,physics,E,A,False
llama3-8b,T1,9844,physics,D,B,False
llama3-8b,T1,9845,physics,C,G,False
llama3-8b,T1,9849,physics,B,H,False
llama3-8b,T1,9850,physics,C,F,False
llama3-8b,T1,9852,physics,G,G,True
llama3-8b,T1,9854,physics,F,D,False
llama3-8b,T1,9856,physics,A,D,False
llama3-8b,T1,9861,physics,E,A,False
llama3-8b,T1,9862,physics,A,I,False
llama3-8b,T1,9863,physics,D,A,False
llama3-8b,T1,9864,physics,A,H,False
llama3-8b,T1,9867,physics,C,B,False
llama3-8b,T1,9874,physics,F,A,False
llama3-8b,T1,9875,physics,G,H,False
llama3-8b,T1,9876,physics,C,C,True
llama3-8b,T1,9885,physics,C,C,True
llama3-8b,T1,9889,physics,C,A,False
llama3-8b,T1,9890,physics,E,J,False
llama3-8b,T1,9897,physics,B,B,True
llama3-8b,T1,9902,physics,J,J,True
llama3-8b,T1,9904,physics,B,B,True
llama3-8b,T1,9908,physics,B,I,False
llama3-8b,T1,9911,physics,J,G,False
llama3-8b,T1,9913,physics,J,J,True
llama3-8b,T1,9914,physics,A,A,True
llama3-8b,T1,9920,physics,D,E,False
llama3-8b,T1,9923,physics,C,J,False
llama3-8b,T1,9930,physics,A,J,False
llama3-8b,T1,9939,physics,B,I,False
llama3-8b,T1,9942,physics,G,F,False
llama3-8b,T1,9943,physics,G,I,False
llama3-8b,T1,9946,physics,D,B,False
llama3-8b,T1,9949,physics,A,H,False
llama3-8b,T1,9953,physics,E,F,False
llama3-8b,T1,9954,physics,E,F,False
llama3-8b,T1,9955,physics,D,F,False
llama3-8b,T1,9957,physics,D,C,False
llama3-8b,T1,9958,physics,E,E,True
llama3-8b,T1,9959,physics,C,I,False
llama3-8b,T1,9960,physics,C,D,False
llama3-8b,T1,9962,physics,C,E,False
llama3-8b,T1,9964,physics,B,B,True
llama3-8b,T1,9967,physics,B,A,False
llama3-8b,T1,9968,physics,D,C,False
llama3-8b,T1,9973,physics,B,G,False
llama3-8b,T1,9976,physics,J,E,False
llama3-8b,T1,9981,physics,A,A,True
llama3-8b,T1,9986,physics,C,B,False
llama3-8b,T1,9988,physics,G,G,True
llama3-8b,T1,9994,physics,B,H,False
llama3-8b,T1,10004,physics,B,C,False
llama3-8b,T1,10011,physics,C,I,False
llama3-8b,T1,10012,physics,I,I,True
llama3-8b,T1,10014,physics,E,H,False
llama3-8b,T1,10016,physics,C,C,True
llama3-8b,T1,10017,physics,E,E,True
llama3-8b,T1,10018,physics,D,D,True
llama3-8b,T1,10020,physics,A,H,False
llama3-8b,T1,10021,physics,B,I,False
llama3-8b,T1,10022,physics,B,D,False
llama3-8b,T1,10029,physics,F,F,True
llama3-8b,T1,10032,physics,B,B,True
llama3-8b,T1,10033,physics,B,B,True
llama3-8b,T1,10034,physics,B,E,False
llama3-8b,T1,10038,physics,B,B,True
llama3-8b,T1,10040,physics,C,H,False
llama3-8b,T1,10041,physics,D,E,False
llama3-8b,T1,10042,physics,E,A,False
llama3-8b,T1,10043,physics,A,A,True
llama3-8b,T1,10049,physics,E,I,False
llama3-8b,T1,10050,physics,C,H,False
llama3-8b,T1,10052,physics,E,C,False
llama3-8b,T1,10058,physics,I,J,False
llama3-8b,T1,10059,physics,F,A,False
llama3-8b,T1,10060,physics,B,C,False
llama3-8b,T1,10063,physics,J,A,False
llama3-8b,T1,10069,physics,E,C,False
llama3-8b,T1,10070,physics,B,G,False
llama3-8b,T1,10076,physics,C,A,False
llama3-8b,T1,10079,physics,B,I,False
llama3-8b,T1,10083,physics,F,F,True
llama3-8b,T1,10086,physics,B,A,False
llama3-8b,T1,10089,physics,A,I,False
llama3-8b,T1,10091,physics,C,H,False
llama3-8b,T1,10092,physics,E,B,False
llama3-8b,T1,10095,physics,F,F,True
llama3-8b,T1,10099,physics,G,J,False
llama3-8b,T1,10100,physics,J,J,True
llama3-8b,T1,10102,physics,B,J,False
llama3-8b,T1,10105,physics,B,E,False
llama3-8b,T1,10110,physics,B,J,False
llama3-8b,T1,10113,physics,C,G,False
llama3-8b,T1,10116,physics,C,A,False
llama3-8b,T1,10118,physics,F,F,True
llama3-8b,T1,10121,physics,G,J,False
llama3-8b,T1,10123,physics,C,H,False
llama3-8b,T1,10126,physics,G,G,True
llama3-8b,T1,10135,physics,F,J,False
llama3-8b,T1,10139,physics,A,I,False
llama3-8b,T1,10140,physics,F,H,False
llama3-8b,T1,10143,physics,A,A,True
llama3-8b,T1,10144,physics,E,E,True
llama3-8b,T1,10147,physics,E,E,True
llama3-8b,T1,10149,physics,C,C,True
llama3-8b,T1,10150,physics,D,D,True
llama3-8b,T1,10151,physics,F,D,False
llama3-8b,T1,10152,physics,D,E,False
llama3-8b,T1,10153,physics,E,F,False
llama3-8b,T1,10155,physics,B,H,False
llama3-8b,T1,10162,physics,A,E,False
llama3-8b,T1,10165,physics,H,H,True
llama3-8b,T1,10168,physics,H,B,False
llama3-8b,T1,10173,physics,B,F,False
llama3-8b,T1,10180,physics,E,J,False
llama3-8b,T1,10182,physics,E,E,True
llama3-8b,T1,10188,physics,I,I,True
llama3-8b,T1,10190,physics,B,B,True
llama3-8b,T1,10191,physics,H,H,True
llama3-8b,T1,10193,physics,D,H,False
llama3-8b,T1,10194,physics,C,A,False
llama3-8b,T1,10195,physics,H,H,True
llama3-8b,T1,10199,physics,D,D,True
llama3-8b,T1,10201,physics,D,D,True
llama3-8b,T1,10206,physics,D,A,False
llama3-8b,T1,10207,physics,I,I,True
llama3-8b,T1,10209,physics,D,B,False
llama3-8b,T1,10211,physics,I,I,True
llama3-8b,T1,10213,physics,J,A,False
llama3-8b,T1,10220,physics,C,J,False
llama3-8b,T1,10226,physics,E,D,False
llama3-8b,T1,10229,physics,F,I,False
llama3-8b,T1,10235,physics,E,A,False
llama3-8b,T1,10237,physics,C,J,False
llama3-8b,T1,10240,physics,E,G,False
llama3-8b,T1,10241,physics,D,G,False
llama3-8b,T1,10243,physics,B,J,False
llama3-8b,T1,10249,physics,C,J,False
llama3-8b,T1,10250,physics,F,B,False
llama3-8b,T1,10251,physics,F,E,False
llama3-8b,T1,10253,physics,B,A,False
llama3-8b,T1,10255,physics,F,J,False
llama3-8b,T1,10259,physics,D,J,False
llama3-8b,T1,10260,physics,D,H,False
llama3-8b,T1,10261,physics,F,F,True
llama3-8b,T1,10268,physics,G,A,False
llama3-8b,T1,10273,physics,J,A,False
llama3-8b,T1,10274,physics,C,I,False
llama3-8b,T1,10276,physics,E,B,False
llama3-8b,T1,10283,physics,A,I,False
llama3-8b,T1,10286,physics,D,D,True
llama3-8b,T1,10287,physics,D,A,False
llama3-8b,T1,10292,physics,C,G,False
llama3-8b,T1,10293,physics,D,I,False
llama3-8b,T1,10295,physics,E,G,False
llama3-8b,T1,10298,physics,C,C,True
llama3-8b,T1,10299,physics,E,E,True
llama3-8b,T1,10307,physics,H,C,False
llama3-8b,T1,10308,physics,B,E,False
llama3-8b,T1,10310,physics,E,C,False
llama3-8b,T1,10311,physics,G,F,False
llama3-8b,T1,10314,physics,F,F,True
llama3-8b,T1,10316,physics,B,J,False
llama3-8b,T1,10317,physics,I,F,False
llama3-8b,T1,10318,physics,G,G,True
llama3-8b,T1,10319,physics,F,B,False
llama3-8b,T1,10320,physics,D,J,False
llama3-8b,T1,10322,physics,G,A,False
llama3-8b,T1,10324,physics,E,D,False
llama3-8b,T1,10326,physics,H,B,False
llama3-8b,T1,10330,physics,C,C,True
llama3-8b,T1,10333,physics,A,C,False
llama3-8b,T1,10335,physics,H,H,True
llama3-8b,T1,10336,physics,B,E,False
llama3-8b,T1,10337,physics,B,G,False
llama3-8b,T1,10340,physics,A,D,False
llama3-8b,T1,10344,physics,B,A,False
llama3-8b,T1,10345,physics,J,G,False
llama3-8b,T1,10346,physics,D,I,False
llama3-8b,T1,10348,physics,C,J,False
llama3-8b,T1,10349,physics,B,A,False
llama3-8b,T1,10350,physics,B,B,True
llama3-8b,T1,10352,physics,E,D,False
llama3-8b,T1,10353,physics,C,H,False
llama3-8b,T1,10354,physics,J,H,False
llama3-8b,T1,10355,physics,C,E,False
llama3-8b,T1,866,law,E,D,False
llama3-8b,T1,867,law,E,B,False
llama3-8b,T1,871,law,C,C,True
llama3-8b,T1,872,law,F,G,False
llama3-8b,T1,873,law,E,E,True
llama3-8b,T1,874,law,E,A,False
llama3-8b,T1,876,law,B,I,False
llama3-8b,T1,879,law,I,A,False
llama3-8b,T1,885,law,G,C,False
llama3-8b,T1,889,law,D,C,False
llama3-8b,T1,890,law,C,G,False
llama3-8b,T1,894,law,D,H,False
llama3-8b,T1,895,law,E,H,False
llama3-8b,T1,896,law,B,G,False
llama3-8b,T1,899,law,D,G,False
llama3-8b,T1,902,law,I,I,True
llama3-8b,T1,903,law,B,B,True
llama3-8b,T1,905,law,D,A,False
llama3-8b,T1,907,law,I,J,False
llama3-8b,T1,908,law,I,B,False
llama3-8b,T1,909,law,A,B,False
llama3-8b,T1,913,law,A,E,False
llama3-8b,T1,915,law,E,G,False
llama3-8b,T1,917,law,F,I,False
llama3-8b,T1,918,law,A,J,False
llama3-8b,T1,919,law,D,E,False
llama3-8b,T1,922,law,D,D,True
llama3-8b,T1,923,law,D,F,False
llama3-8b,T1,924,law,J,J,True
llama3-8b,T1,925,law,J,J,True
llama3-8b,T1,933,law,I,H,False
llama3-8b,T1,937,law,B,D,False
llama3-8b,T1,939,law,G,G,True
llama3-8b,T1,942,law,F,F,True
llama3-8b,T1,943,law,H,F,False
llama3-8b,T1,944,law,D,D,True
llama3-8b,T1,946,law,E,B,False
llama3-8b,T1,952,law,D,D,True
llama3-8b,T1,954,law,F,E,False
llama3-8b,T1,955,law,G,A,False
llama3-8b,T1,958,law,J,J,True
llama3-8b,T1,959,law,A,A,True
llama3-8b,T1,965,law,G,F,False
llama3-8b,T1,969,law,I,I,True
llama3-8b,T1,971,law,H,C,False
llama3-8b,T1,973,law,H,H,True
llama3-8b,T1,974,law,F,G,False
llama3-8b,T1,975,law,G,D,False
llama3-8b,T1,976,law,G,E,False
llama3-8b,T1,981,law,C,I,False
llama3-8b,T1,983,law,D,G,False
llama3-8b,T1,984,law,F,B,False
llama3-8b,T1,985,law,D,G,False
llama3-8b,T1,986,law,J,B,False
llama3-8b,T1,988,law,G,B,False
llama3-8b,T1,990,law,F,G,False
llama3-8b,T1,991,law,A,E,False
llama3-8b,T1,994,law,F,H,False
llama3-8b,T1,995,law,E,F,False
llama3-8b,T1,1000,law,G,A,False
llama3-8b,T1,1004,law,H,F,False
llama3-8b,T1,1005,law,E,D,False
llama3-8b,T1,1007,law,C,A,False
llama3-8b,T1,1008,law,G,J,False
llama3-8b,T1,1010,law,A,E,False
llama3-8b,T1,1015,law,C,F,False
llama3-8b,T1,1016,law,A,H,False
llama3-8b,T1,1017,law,B,B,True
llama3-8b,T1,1019,law,F,A,False
llama3-8b,T1,1032,law,B,D,False
llama3-8b,T1,1036,law,D,B,False
llama3-8b,T1,1038,law,E,B,False
llama3-8b,T1,1040,law,F,I,False
llama3-8b,T1,1041,law,B,I,False
llama3-8b,T1,1042,law,I,E,False
llama3-8b,T1,1044,law,A,B,False
llama3-8b,T1,1045,law,G,E,False
llama3-8b,T1,1050,law,A,A,True
llama3-8b,T1,1051,law,F,D,False
llama3-8b,T1,1052,law,G,A,False
llama3-8b,T1,1053,law,J,B,False
llama3-8b,T1,1055,law,J,C,False
llama3-8b,T1,1061,law,F,F,True
llama3-8b,T1,1063,law,G,A,False
llama3-8b,T1,1064,law,J,A,False
llama3-8b,T1,1065,law,F,F,True
llama3-8b,T1,1067,law,J,J,True
llama3-8b,T1,1068,law,E,B,False
llama3-8b,T1,1069,law,F,F,True
llama3-8b,T1,1070,law,D,E,False
llama3-8b,T1,1071,law,C,A,False
llama3-8b,T1,1072,law,F,F,True
llama3-8b,T1,1073,law,J,F,False
llama3-8b,T1,1076,law,D,D,True
llama3-8b,T1,1077,law,D,I,False
llama3-8b,T1,1078,law,C,B,False
llama3-8b,T1,1079,law,G,I,False
llama3-8b,T1,1083,law,I,A,False
llama3-8b,T1,1084,law,D,J,False
llama3-8b,T1,1085,law,C,I,False
llama3-8b,T1,1086,law,A,C,False
llama3-8b,T1,1090,law,F,A,False
llama3-8b,T1,1091,law,B,A,False
llama3-8b,T1,1094,law,J,A,False
llama3-8b,T1,1096,law,A,A,True
llama3-8b,T1,1099,law,C,I,False
llama3-8b,T1,1100,law,E,D,False
llama3-8b,T1,1101,law,E,E,True
llama3-8b,T1,1103,law,J,G,False
llama3-8b,T1,1106,law,B,C,False
llama3-8b,T1,1108,law,D,G,False
llama3-8b,T1,1110,law,I,I,True
llama3-8b,T1,1114,law,C,B,False
llama3-8b,T1,1116,law,B,A,False
llama3-8b,T1,1117,law,G,D,False
llama3-8b,T1,1123,law,D,D,True
llama3-8b,T1,1124,law,C,C,True
llama3-8b,T1,1132,law,G,F,False
llama3-8b,T1,1136,law,I,H,False
llama3-8b,T1,1137,law,E,C,False
llama3-8b,T1,1139,law,E,I,False
llama3-8b,T1,1142,law,F,I,False
llama3-8b,T1,1143,law,B,A,False
llama3-8b,T1,1144,law,E,E,True
llama3-8b,T1,1145,law,J,J,True
llama3-8b,T1,1146,law,A,E,False
llama3-8b,T1,1147,law,G,C,False
llama3-8b,T1,1154,law,C,D,False
llama3-8b,T1,1155,law,G,G,True
llama3-8b,T1,1156,law,C,C,True
llama3-8b,T1,1158,law,I,C,False
llama3-8b,T1,1159,law,E,D,False
llama3-8b,T1,1161,law,I,I,True
llama3-8b,T1,1162,law,F,F,True
llama3-8b,T1,1163,law,G,D,False
llama3-8b,T1,1165,law,C,C,True
llama3-8b,T1,1168,law,G,H,False
llama3-8b,T1,1169,law,D,F,False
llama3-8b,T1,1172,law,A,A,True
llama3-8b,T1,1174,law,I,B,False
llama3-8b,T1,1179,law,H,F,False
llama3-8b,T1,1183,law,F,A,False
llama3-8b,T1,1184,law,F,I,False
llama3-8b,T1,1185,law,F,I,False
llama3-8b,T1,1187,law,J,F,False
llama3-8b,T1,1189,law,D,E,False
llama3-8b,T1,1190,law,I,E,False
llama3-8b,T1,1191,law,F,J,False
llama3-8b,T1,1193,law,C,A,False
llama3-8b,T1,1195,law,B,J,False
llama3-8b,T1,1199,law,E,J,False
llama3-8b,T1,1203,law,B,I,False
llama3-8b,T1,1204,law,J,F,False
llama3-8b,T1,1205,law,C,H,False
llama3-8b,T1,1206,law,A,D,False
llama3-8b,T1,1207,law,C,H,False
llama3-8b,T1,1208,law,F,A,False
llama3-8b,T1,1209,law,C,I,False
llama3-8b,T1,1211,law,G,C,False
llama3-8b,T1,1212,law,A,A,True
llama3-8b,T1,1214,law,G,H,False
llama3-8b,T1,1215,law,D,J,False
llama3-8b,T1,1216,law,I,H,False
llama3-8b,T1,1218,law,E,E,True
llama3-8b,T1,1220,law,E,A,False
llama3-8b,T1,1221,law,J,G,False
llama3-8b,T1,1223,law,B,G,False
llama3-8b,T1,1227,law,B,I,False
llama3-8b,T1,1228,law,B,G,False
llama3-8b,T1,1229,law,D,H,False
llama3-8b,T1,1231,law,B,B,True
llama3-8b,T1,1237,law,D,G,False
llama3-8b,T1,1241,law,A,I,False
llama3-8b,T1,1243,law,E,B,False
llama3-8b,T1,1244,law,J,G,False
llama3-8b,T1,1245,law,I,I,True
llama3-8b,T1,1248,law,I,D,False
llama3-8b,T1,1252,law,C,A,False
llama3-8b,T1,1255,law,A,A,True
llama3-8b,T1,1259,law,J,H,False
llama3-8b,T1,1261,law,F,G,False
llama3-8b,T1,1263,law,B,B,True
llama3-8b,T1,1266,law,C,C,True
llama3-8b,T1,1267,law,D,E,False
llama3-8b,T1,1268,law,D,D,True
llama3-8b,T1,1276,law,A,A,True
llama3-8b,T1,1278,law,B,I,False
llama3-8b,T1,1279,law,F,F,True
llama3-8b,T1,1281,law,E,G,False
llama3-8b,T1,1283,law,I,I,True
llama3-8b,T1,1288,law,G,G,True
llama3-8b,T1,1291,law,F,E,False
llama3-8b,T1,1292,law,D,H,False
llama3-8b,T1,1294,law,H,H,True
llama3-8b,T1,1295,law,E,E,True
llama3-8b,T1,1302,law,G,G,True
llama3-8b,T1,1303,law,G,A,False
llama3-8b,T1,1304,law,G,A,False
llama3-8b,T1,1305,law,G,G,True
llama3-8b,T1,1307,law,C,A,False
llama3-8b,T1,1308,law,C,I,False
llama3-8b,T1,1309,law,E,E,True
llama3-8b,T1,1311,law,J,I,False
llama3-8b,T1,1317,law,E,I,False
llama3-8b,T1,1318,law,C,E,False
llama3-8b,T1,1319,law,F,A,False
llama3-8b,T1,1320,law,D,A,False
llama3-8b,T1,1322,law,I,I,True
llama3-8b,T1,1323,law,E,A,False
llama3-8b,T1,1324,law,D,B,False
llama3-8b,T1,1325,law,A,G,False
llama3-8b,T1,1326,law,J,J,True
llama3-8b,T1,1328,law,A,A,True
llama3-8b,T1,1336,law,E,J,False
llama3-8b,T1,1339,law,E,A,False
llama3-8b,T1,1344,law,F,F,True
llama3-8b,T1,1348,law,F,I,False
llama3-8b,T1,1350,law,H,H,True
llama3-8b,T1,1353,law,D,D,True
llama3-8b,T1,1356,law,C,B,False
llama3-8b,T1,1357,law,H,I,False
llama3-8b,T1,1359,law,B,A,False
llama3-8b,T1,1362,law,B,D,False
llama3-8b,T1,1363,law,F,F,True
llama3-8b,T1,1364,law,G,G,True
llama3-8b,T1,1365,law,B,H,False
llama3-8b,T1,1366,law,B,J,False
llama3-8b,T1,1368,law,G,G,True
llama3-8b,T1,1371,law,I,F,False
llama3-8b,T1,1372,law,H,J,False
llama3-8b,T1,1373,law,C,C,True
llama3-8b,T1,1375,law,D,G,False
llama3-8b,T1,1376,law,I,I,True
llama3-8b,T1,1380,law,A,C,False
llama3-8b,T1,1386,law,E,I,False
llama3-8b,T1,1388,law,C,I,False
llama3-8b,T1,1391,law,A,A,True
llama3-8b,T1,1393,law,A,B,False
llama3-8b,T1,1395,law,B,B,True
llama3-8b,T1,1398,law,C,B,False
llama3-8b,T1,1399,law,J,D,False
llama3-8b,T1,1401,law,E,G,False
llama3-8b,T1,1403,law,A,F,False
llama3-8b,T1,1404,law,A,I,False
llama3-8b,T1,1406,law,A,B,False
llama3-8b,T1,1410,law,G,H,False
llama3-8b,T1,1411,law,E,E,True
llama3-8b,T1,1413,law,B,F,False
llama3-8b,T1,1415,law,B,E,False
llama3-8b,T1,1418,law,J,B,False
llama3-8b,T1,1419,law,D,F,False
llama3-8b,T1,1420,law,C,H,False
llama3-8b,T1,1422,law,G,G,True
llama3-8b,T1,1423,law,D,G,False
llama3-8b,T1,1424,law,H,H,True
llama3-8b,T1,1425,law,A,A,True
llama3-8b,T1,1426,law,C,B,False
llama3-8b,T1,1427,law,D,J,False
llama3-8b,T1,1429,law,A,A,True
llama3-8b,T1,1431,law,D,D,True
llama3-8b,T1,1433,law,H,D,False
llama3-8b,T1,1437,law,B,J,False
llama3-8b,T1,1440,law,B,B,True
llama3-8b,T1,1441,law,I,H,False
llama3-8b,T1,1445,law,H,D,False
llama3-8b,T1,1446,law,I,G,False
llama3-8b,T1,1447,law,B,F,False
llama3-8b,T1,1449,law,G,G,True
llama3-8b,T1,1450,law,E,I,False
llama3-8b,T1,1452,law,E,D,False
llama3-8b,T1,1463,law,H,J,False
llama3-8b,T1,1464,law,B,H,False
llama3-8b,T1,1465,law,E,F,False
llama3-8b,T1,1468,law,A,E,False
llama3-8b,T1,1472,law,A,J,False
llama3-8b,T1,1473,law,A,I,False
llama3-8b,T1,1474,law,F,I,False
llama3-8b,T1,1475,law,B,B,True
llama3-8b,T1,1476,law,C,D,False
llama3-8b,T1,1479,law,A,A,True
llama3-8b,T1,1482,law,D,E,False
llama3-8b,T1,1483,law,E,G,False
llama3-8b,T1,1484,law,G,J,False
llama3-8b,T1,1486,law,F,F,True
llama3-8b,T1,1488,law,I,G,False
llama3-8b,T1,1491,law,H,H,True
llama3-8b,T1,1492,law,E,E,True
llama3-8b,T1,1496,law,C,C,True
llama3-8b,T1,1500,law,E,D,False
llama3-8b,T1,1503,law,D,F,False
llama3-8b,T1,1504,law,E,H,False
llama3-8b,T1,1505,law,E,I,False
llama3-8b,T1,1506,law,E,H,False
llama3-8b,T1,1507,law,C,H,False
llama3-8b,T1,1508,law,D,F,False
llama3-8b,T1,1510,law,I,F,False
llama3-8b,T1,1513,law,G,D,False
llama3-8b,T1,1514,law,I,H,False
llama3-8b,T1,1515,law,D,I,False
llama3-8b,T1,1516,law,G,D,False
llama3-8b,T1,1521,law,G,I,False
llama3-8b,T1,1523,law,C,D,False
llama3-8b,T1,1524,law,B,F,False
llama3-8b,T1,1526,law,A,I,False
llama3-8b,T1,1527,law,C,C,True
llama3-8b,T1,1530,law,J,I,False
llama3-8b,T1,1531,law,I,A,False
llama3-8b,T1,1533,law,D,J,False
llama3-8b,T1,1534,law,A,A,True
llama3-8b,T1,1536,law,H,F,False
llama3-8b,T1,1537,law,C,G,False
llama3-8b,T1,1539,law,G,H,False
llama3-8b,T1,1540,law,G,I,False
llama3-8b,T1,1547,law,J,G,False
llama3-8b,T1,1548,law,B,E,False
llama3-8b,T1,1550,law,C,G,False
llama3-8b,T1,1551,law,J,I,False
llama3-8b,T1,1555,law,C,F,False
llama3-8b,T1,1559,law,C,C,True
llama3-8b,T1,1560,law,D,A,False
llama3-8b,T1,1562,law,H,A,False
llama3-8b,T1,1563,law,A,A,True
llama3-8b,T1,1564,law,C,C,True
llama3-8b,T1,1565,law,A,A,True
llama3-8b,T1,1567,law,E,H,False
llama3-8b,T1,1574,law,B,F,False
llama3-8b,T1,1577,law,I,E,False
llama3-8b,T1,1580,law,C,A,False
llama3-8b,T1,1585,law,E,C,False
llama3-8b,T1,1586,law,B,E,False
llama3-8b,T1,1588,law,A,I,False
llama3-8b,T1,1590,law,D,F,False
llama3-8b,T1,1592,law,G,C,False
llama3-8b,T1,1595,law,J,J,True
llama3-8b,T1,1598,law,E,A,False
llama3-8b,T1,1599,law,G,I,False
llama3-8b,T1,1601,law,E,G,False
llama3-8b,T1,1602,law,I,E,False
llama3-8b,T1,1605,law,D,D,True
llama3-8b,T1,1606,law,A,E,False
llama3-8b,T1,1607,law,F,H,False
llama3-8b,T1,1608,law,H,C,False
llama3-8b,T1,1609,law,G,E,False
llama3-8b,T1,1612,law,F,E,False
llama3-8b,T1,1613,law,I,I,True
llama3-8b,T1,1614,law,E,E,True
llama3-8b,T1,1615,law,A,H,False
llama3-8b,T1,1619,law,F,G,False
llama3-8b,T1,1620,law,C,D,False
llama3-8b,T1,1621,law,I,G,False
llama3-8b,T1,1624,law,I,E,False
llama3-8b,T1,1634,law,B,B,True
llama3-8b,T1,1638,law,B,J,False
llama3-8b,T1,1639,law,D,C,False
llama3-8b,T1,1641,law,H,E,False
llama3-8b,T1,1642,law,B,C,False
llama3-8b,T1,1643,law,A,G,False
llama3-8b,T1,1644,law,I,I,True
llama3-8b,T1,1646,law,E,I,False
llama3-8b,T1,1647,law,F,A,False
llama3-8b,T1,1648,law,H,C,False
llama3-8b,T1,1652,law,F,I,False
llama3-8b,T1,1659,law,C,H,False
llama3-8b,T1,1660,law,I,G,False
llama3-8b,T1,1663,law,B,J,False
llama3-8b,T1,1664,law,H,C,False
llama3-8b,T1,1668,law,D,G,False
llama3-8b,T1,1669,law,I,E,False
llama3-8b,T1,1674,law,F,E,False
llama3-8b,T1,1675,law,B,G,False
llama3-8b,T1,1677,law,J,J,True
llama3-8b,T1,1678,law,F,C,False
llama3-8b,T1,1679,law,C,I,False
llama3-8b,T1,1681,law,E,A,False
llama3-8b,T1,1683,law,B,G,False
llama3-8b,T1,1688,law,H,J,False
llama3-8b,T1,1689,law,G,A,False
llama3-8b,T1,1691,law,E,J,False
llama3-8b,T1,1693,law,E,E,True
llama3-8b,T1,1695,law,J,I,False
llama3-8b,T1,1696,law,J,B,False
llama3-8b,T1,1697,law,F,C,False
llama3-8b,T1,1702,law,B,C,False
llama3-8b,T1,1704,law,E,G,False
llama3-8b,T1,1706,law,C,C,True
llama3-8b,T1,1707,law,B,H,False
llama3-8b,T1,1708,law,B,G,False
llama3-8b,T1,1709,law,H,B,False
llama3-8b,T1,1710,law,F,E,False
llama3-8b,T1,1711,law,D,E,False
llama3-8b,T1,1713,law,G,H,False
llama3-8b,T1,1714,law,H,B,False
llama3-8b,T1,1720,law,C,G,False
llama3-8b,T1,1721,law,D,A,False
llama3-8b,T1,1723,law,F,J,False
llama3-8b,T1,1725,law,C,B,False
llama3-8b,T1,1726,law,C,C,True
llama3-8b,T1,1735,law,G,F,False
llama3-8b,T1,1737,law,J,B,False
llama3-8b,T1,1740,law,J,D,False
llama3-8b,T1,1741,law,E,E,True
llama3-8b,T1,1745,law,A,A,True
llama3-8b,T1,1747,law,I,B,False
llama3-8b,T1,1748,law,D,D,True
llama3-8b,T1,1749,law,E,B,False
llama3-8b,T1,1751,law,A,J,False
llama3-8b,T1,1752,law,F,A,False
llama3-8b,T1,1754,law,E,E,True
llama3-8b,T1,1760,law,A,A,True
llama3-8b,T1,1764,law,J,A,False
llama3-8b,T1,1765,law,I,J,False
llama3-8b,T1,1769,law,E,H,False
llama3-8b,T1,1770,law,D,D,True
llama3-8b,T1,1771,law,G,G,True
llama3-8b,T1,1772,law,C,J,False
llama3-8b,T1,1773,law,B,I,False
llama3-8b,T1,1775,law,J,E,False
llama3-8b,T1,1776,law,H,J,False
llama3-8b,T1,1778,law,D,J,False
llama3-8b,T1,1779,law,J,H,False
llama3-8b,T1,1782,law,E,C,False
llama3-8b,T1,1785,law,A,A,True
llama3-8b,T1,1787,law,C,C,True
llama3-8b,T1,1788,law,G,J,False
llama3-8b,T1,1793,law,A,G,False
llama3-8b,T1,1796,law,E,E,True
llama3-8b,T1,1797,law,E,J,False
llama3-8b,T1,1798,law,F,F,True
llama3-8b,T1,1802,law,C,C,True
llama3-8b,T1,1803,law,D,J,False
llama3-8b,T1,1804,law,E,H,False
llama3-8b,T1,1810,law,F,I,False
llama3-8b,T1,1813,law,J,C,False
llama3-8b,T1,1817,law,F,F,True
llama3-8b,T1,1820,law,D,D,True
llama3-8b,T1,1826,law,G,A,False
llama3-8b,T1,1827,law,J,B,False
llama3-8b,T1,1829,law,B,C,False
llama3-8b,T1,1831,law,F,J,False
llama3-8b,T1,1832,law,D,G,False
llama3-8b,T1,1834,law,I,E,False
llama3-8b,T1,1835,law,C,B,False
llama3-8b,T1,1836,law,E,E,True
llama3-8b,T1,1837,law,B,B,True
llama3-8b,T1,1838,law,E,G,False
llama3-8b,T1,1839,law,B,B,True
llama3-8b,T1,1842,law,C,D,False
llama3-8b,T1,1848,law,C,B,False
llama3-8b,T1,1849,law,D,E,False
llama3-8b,T1,1851,law,C,G,False
llama3-8b,T1,1852,law,G,H,False
llama3-8b,T1,1853,law,I,J,False
llama3-8b,T1,1854,law,E,F,False
llama3-8b,T1,1855,law,A,H,False
llama3-8b,T1,1857,law,F,J,False
llama3-8b,T1,1860,law,I,F,False
llama3-8b,T1,1864,law,B,J,False
llama3-8b,T1,1868,law,F,C,False
llama3-8b,T1,1869,law,J,E,False
llama3-8b,T1,1871,law,A,H,False
llama3-8b,T1,1873,law,A,A,True
llama3-8b,T1,1876,law,G,E,False
llama3-8b,T1,1878,law,E,E,True
llama3-8b,T1,1879,law,I,I,True
llama3-8b,T1,1886,law,F,I,False
llama3-8b,T1,1891,law,G,H,False
llama3-8b,T1,1892,law,A,A,True
llama3-8b,T1,1895,law,I,C,False
llama3-8b,T1,1898,law,G,G,True
llama3-8b,T1,1914,law,F,C,False
llama3-8b,T1,1915,law,J,C,False
llama3-8b,T1,1917,law,E,A,False
llama3-8b,T1,1918,law,F,H,False
llama3-8b,T1,1919,law,G,I,False
llama3-8b,T1,1928,law,J,E,False
llama3-8b,T1,1931,law,A,C,False
llama3-8b,T1,1932,law,I,D,False
llama3-8b,T1,1935,law,C,H,False
llama3-8b,T1,1936,law,F,I,False
llama3-8b,T1,1940,law,G,G,True
llama3-8b,T1,1942,law,I,I,True
llama3-8b,T1,1943,law,A,G,False
llama3-8b,T1,1944,law,D,E,False
llama3-8b,T1,1947,law,C,F,False
llama3-8b,T1,1949,law,D,D,True
llama3-8b,T1,1953,law,J,A,False
llama3-8b,T1,1954,law,B,B,True
llama3-8b,T1,1956,law,D,H,False
llama3-8b,T1,1962,law,D,D,True
llama3-8b,T1,1964,law,G,G,True
llama3-8b,T1,1965,law,F,J,False
llama3-8b,T1,1966,law,I,G,False
llama3-8b,T1,1967,law,G,E,False
llama3-8b,T1,1968,law,E,G,False
llama3-8b,T1,1970,law,C,F,False
llama3-8b,T1,1971,law,F,D,False
llama3-8b,T1,1977,law,B,H,False
llama3-8b,T1,1982,law,G,G,True
llama3-8b,T1,1983,law,A,I,False
llama3-8b,T1,1984,law,F,A,False
llama3-8b,T1,1990,psychology,C,B,False
llama3-8b,T1,1993,psychology,G,J,False
llama3-8b,T1,1995,psychology,G,G,True
llama3-8b,T1,1998,psychology,H,B,False
llama3-8b,T1,2003,psychology,C,C,True
llama3-8b,T1,2004,psychology,E,E,True
llama3-8b,T1,2005,psychology,D,D,True
llama3-8b,T1,2006,psychology,H,A,False
llama3-8b,T1,2008,psychology,A,A,True
llama3-8b,T1,2009,psychology,D,H,False
llama3-8b,T1,2010,psychology,H,A,False
llama3-8b,T1,2011,psychology,C,C,True
llama3-8b,T1,2013,psychology,E,A,False
llama3-8b,T1,2014,psychology,B,B,True
llama3-8b,T1,2015,psychology,J,J,True
llama3-8b,T1,2016,psychology,F,C,False
llama3-8b,T1,2018,psychology,C,J,False
llama3-8b,T1,2019,psychology,B,I,False
llama3-8b,T1,2020,psychology,B,B,True
llama3-8b,T1,2021,psychology,I,I,True
llama3-8b,T1,2022,psychology,D,I,False
llama3-8b,T1,2023,psychology,B,E,False
llama3-8b,T1,2024,psychology,A,G,False
llama3-8b,T1,2027,psychology,G,G,True
llama3-8b,T1,2028,psychology,J,G,False
llama3-8b,T1,2030,psychology,F,F,True
llama3-8b,T1,2032,psychology,E,I,False
llama3-8b,T1,2034,psychology,G,H,False
llama3-8b,T1,2035,psychology,F,F,True
llama3-8b,T1,2036,psychology,F,F,True
llama3-8b,T1,2037,psychology,F,F,True
llama3-8b,T1,2042,psychology,I,I,True
llama3-8b,T1,2045,psychology,I,A,False
llama3-8b,T1,2048,psychology,F,F,True
llama3-8b,T1,2049,psychology,B,B,True
llama3-8b,T1,2050,psychology,I,D,False
llama3-8b,T1,2051,psychology,F,F,True
llama3-8b,T1,2053,psychology,F,F,True
llama3-8b,T1,2054,psychology,B,B,True
llama3-8b,T1,2055,psychology,G,G,True
llama3-8b,T1,2058,psychology,C,C,True
llama3-8b,T1,2059,psychology,C,C,True
llama3-8b,T1,2063,psychology,G,G,True
llama3-8b,T1,2064,psychology,E,E,True
llama3-8b,T1,2065,psychology,C,H,False
llama3-8b,T1,2066,psychology,A,E,False
llama3-8b,T1,2067,psychology,A,B,False
llama3-8b,T1,2068,psychology,E,I,False
llama3-8b,T1,2071,psychology,H,D,False
llama3-8b,T1,2072,psychology,C,B,False
llama3-8b,T1,2073,psychology,C,C,True
llama3-8b,T1,2074,psychology,H,C,False
llama3-8b,T1,2077,psychology,F,F,True
llama3-8b,T1,2078,psychology,H,J,False
llama3-8b,T1,2080,psychology,J,D,False
llama3-8b,T1,2081,psychology,J,G,False
llama3-8b,T1,2082,psychology,F,F,True
llama3-8b,T1,2084,psychology,G,G,True
llama3-8b,T1,2085,psychology,A,B,False
llama3-8b,T1,2087,psychology,G,G,True
llama3-8b,T1,2088,psychology,B,J,False
llama3-8b,T1,2089,psychology,E,E,True
llama3-8b,T1,2090,psychology,F,J,False
llama3-8b,T1,2091,psychology,I,J,False
llama3-8b,T1,2092,psychology,A,E,False
llama3-8b,T1,2096,psychology,A,A,True
llama3-8b,T1,2097,psychology,B,B,True
llama3-8b,T1,2101,psychology,A,A,True
llama3-8b,T1,2102,psychology,B,B,True
llama3-8b,T1,2104,psychology,J,J,True
llama3-8b,T1,2106,psychology,G,G,True
llama3-8b,T1,2110,psychology,J,J,True
llama3-8b,T1,2111,psychology,A,A,True
llama3-8b,T1,2114,psychology,D,J,False
llama3-8b,T1,2115,psychology,I,I,True
llama3-8b,T1,2116,psychology,B,B,True
llama3-8b,T1,2118,psychology,J,J,True
llama3-8b,T1,2119,psychology,B,E,False
llama3-8b,T1,2120,psychology,F,F,True
llama3-8b,T1,2121,psychology,F,F,True
llama3-8b,T1,2122,psychology,A,A,True
llama3-8b,T1,2123,psychology,B,B,True
llama3-8b,T1,2124,psychology,G,G,True
llama3-8b,T1,2125,psychology,E,E,True
llama3-8b,T1,2126,psychology,A,A,True
llama3-8b,T1,2127,psychology,B,B,True
llama3-8b,T1,2128,psychology,I,I,True
llama3-8b,T1,2130,psychology,E,E,True
llama3-8b,T1,2132,psychology,C,C,True
llama3-8b,T1,2133,psychology,A,H,False
llama3-8b,T1,2134,psychology,F,J,False
llama3-8b,T1,2137,psychology,B,A,False
llama3-8b,T1,2138,psychology,D,D,True
llama3-8b,T1,2139,psychology,B,A,False
llama3-8b,T1,2143,psychology,G,G,True
llama3-8b,T1,2144,psychology,B,D,False
llama3-8b,T1,2147,psychology,D,J,False
llama3-8b,T1,2148,psychology,F,F,True
llama3-8b,T1,2150,psychology,D,F,False
llama3-8b,T1,2152,psychology,F,B,False
llama3-8b,T1,2153,psychology,E,D,False
llama3-8b,T1,2159,psychology,B,H,False
llama3-8b,T1,2160,psychology,H,E,False
llama3-8b,T1,2161,psychology,J,B,False
llama3-8b,T1,2162,psychology,C,D,False
llama3-8b,T1,2163,psychology,F,H,False
llama3-8b,T1,2166,psychology,D,G,False
llama3-8b,T1,2167,psychology,D,I,False
llama3-8b,T1,2168,psychology,G,G,True
llama3-8b,T1,2170,psychology,J,H,False
llama3-8b,T1,2171,psychology,E,E,True
llama3-8b,T1,2172,psychology,D,E,False
llama3-8b,T1,2173,psychology,B,D,False
llama3-8b,T1,2174,psychology,A,A,True
llama3-8b,T1,2175,psychology,D,G,False
llama3-8b,T1,2176,psychology,G,A,False
llama3-8b,T1,2178,psychology,D,F,False
llama3-8b,T1,2179,psychology,B,F,False
llama3-8b,T1,2180,psychology,A,H,False
llama3-8b,T1,2183,psychology,B,B,True
llama3-8b,T1,2185,psychology,D,D,True
llama3-8b,T1,2187,psychology,D,D,True
llama3-8b,T1,2188,psychology,J,J,True
llama3-8b,T1,2189,psychology,J,J,True
llama3-8b,T1,2191,psychology,E,E,True
llama3-8b,T1,2193,psychology,B,B,True
llama3-8b,T1,2194,psychology,D,C,False
llama3-8b,T1,2196,psychology,D,I,False
llama3-8b,T1,2198,psychology,E,E,True
llama3-8b,T1,2201,psychology,J,F,False
llama3-8b,T1,2202,psychology,H,G,False
llama3-8b,T1,2203,psychology,B,J,False
llama3-8b,T1,2207,psychology,F,J,False
llama3-8b,T1,2208,psychology,C,C,True
llama3-8b,T1,2209,psychology,G,G,True
llama3-8b,T1,2212,psychology,J,H,False
llama3-8b,T1,2214,psychology,B,H,False
llama3-8b,T1,2215,psychology,E,E,True
llama3-8b,T1,2217,psychology,B,B,True
llama3-8b,T1,2218,psychology,E,C,False
llama3-8b,T1,2219,psychology,I,I,True
llama3-8b,T1,2220,psychology,E,G,False
llama3-8b,T1,2221,psychology,G,C,False
llama3-8b,T1,2222,psychology,C,B,False
llama3-8b,T1,2225,psychology,C,J,False
llama3-8b,T1,2226,psychology,E,D,False
llama3-8b,T1,2228,psychology,J,J,True
llama3-8b,T1,2229,psychology,F,C,False
llama3-8b,T1,2230,psychology,E,E,True
llama3-8b,T1,2232,psychology,G,G,True
llama3-8b,T1,2234,psychology,C,C,True
llama3-8b,T1,2240,psychology,D,H,False
llama3-8b,T1,2241,psychology,C,J,False
llama3-8b,T1,2242,psychology,F,F,True
llama3-8b,T1,2245,psychology,A,A,True
llama3-8b,T1,2247,psychology,I,I,True
llama3-8b,T1,2251,psychology,A,A,True
llama3-8b,T1,2252,psychology,G,G,True
llama3-8b,T1,2254,psychology,E,E,True
llama3-8b,T1,2257,psychology,D,D,True
llama3-8b,T1,2260,psychology,F,F,True
llama3-8b,T1,2261,psychology,C,E,False
llama3-8b,T1,2264,psychology,C,G,False
llama3-8b,T1,2265,psychology,G,G,True
llama3-8b,T1,2267,psychology,H,C,False
llama3-8b,T1,2269,psychology,C,G,False
llama3-8b,T1,2273,psychology,A,G,False
llama3-8b,T1,2276,psychology,F,H,False
llama3-8b,T1,2277,psychology,B,B,True
llama3-8b,T1,2278,psychology,I,I,True
llama3-8b,T1,2279,psychology,A,A,True
llama3-8b,T1,2280,psychology,F,F,True
llama3-8b,T1,2281,psychology,G,C,False
llama3-8b,T1,2282,psychology,F,H,False
llama3-8b,T1,2283,psychology,E,H,False
llama3-8b,T1,2285,psychology,B,G,False
llama3-8b,T1,2288,psychology,A,A,True
llama3-8b,T1,2289,psychology,F,G,False
llama3-8b,T1,2291,psychology,H,C,False
llama3-8b,T1,2292,psychology,E,E,True
llama3-8b,T1,2294,psychology,D,F,False
llama3-8b,T1,2295,psychology,G,J,False
llama3-8b,T1,2297,psychology,F,B,False
llama3-8b,T1,2298,psychology,B,G,False
llama3-8b,T1,2300,psychology,A,A,True
llama3-8b,T1,2302,psychology,E,E,True
llama3-8b,T1,2303,psychology,I,I,True
llama3-8b,T1,2304,psychology,C,C,True
llama3-8b,T1,2305,psychology,F,J,False
llama3-8b,T1,2306,psychology,F,F,True
llama3-8b,T1,2308,psychology,H,H,True
llama3-8b,T1,2309,psychology,B,H,False
llama3-8b,T1,2310,psychology,C,C,True
llama3-8b,T1,2312,psychology,E,E,True
llama3-8b,T1,2316,psychology,B,B,True
llama3-8b,T1,2319,psychology,B,B,True
llama3-8b,T1,2321,psychology,B,J,False
llama3-8b,T1,2324,psychology,B,G,False
llama3-8b,T1,2326,psychology,J,J,True
llama3-8b,T1,2327,psychology,E,E,True
llama3-8b,T1,2329,psychology,E,C,False
llama3-8b,T1,2330,psychology,E,E,True
llama3-8b,T1,2331,psychology,I,I,True
llama3-8b,T1,2333,psychology,A,E,False
llama3-8b,T1,2335,psychology,C,F,False
llama3-8b,T1,2339,psychology,G,H,False
llama3-8b,T1,2340,psychology,G,J,False
llama3-8b,T1,2343,psychology,A,A,True
llama3-8b,T1,2344,psychology,C,C,True
llama3-8b,T1,2345,psychology,F,F,True
llama3-8b,T1,2346,psychology,J,G,False
llama3-8b,T1,2347,psychology,F,F,True
llama3-8b,T1,2349,psychology,B,A,False
llama3-8b,T1,2351,psychology,B,B,True
llama3-8b,T1,2355,psychology,B,B,True
llama3-8b,T1,2357,psychology,I,I,True
llama3-8b,T1,2358,psychology,F,B,False
llama3-8b,T1,2359,psychology,I,I,True
llama3-8b,T1,2360,psychology,D,D,True
llama3-8b,T1,2361,psychology,A,A,True
llama3-8b,T1,2362,psychology,D,D,True
llama3-8b,T1,2363,psychology,C,A,False
llama3-8b,T1,2364,psychology,B,B,True
llama3-8b,T1,2365,psychology,J,J,True
llama3-8b,T1,2366,psychology,F,F,True
llama3-8b,T1,2368,psychology,C,C,True
llama3-8b,T1,2371,psychology,D,D,True
llama3-8b,T1,2372,psychology,D,D,True
llama3-8b,T1,2374,psychology,E,E,True
llama3-8b,T1,2377,psychology,J,J,True
llama3-8b,T1,2381,psychology,D,D,True
llama3-8b,T1,2382,psychology,J,D,False
llama3-8b,T1,2383,psychology,B,H,False
llama3-8b,T1,2387,psychology,A,A,True
llama3-8b,T1,2390,psychology,I,H,False
llama3-8b,T1,2392,psychology,I,I,True
llama3-8b,T1,2393,psychology,C,F,False
llama3-8b,T1,2394,psychology,A,A,True
llama3-8b,T1,2397,psychology,F,G,False
llama3-8b,T1,2398,psychology,A,H,False
llama3-8b,T1,2399,psychology,F,F,True
llama3-8b,T1,2400,psychology,A,B,False
llama3-8b,T1,2401,psychology,C,I,False
llama3-8b,T1,2403,psychology,D,J,False
llama3-8b,T1,2404,psychology,F,D,False
llama3-8b,T1,2405,psychology,E,E,True
llama3-8b,T1,2406,psychology,B,B,True
llama3-8b,T1,2407,psychology,A,A,True
llama3-8b,T1,2408,psychology,C,I,False
llama3-8b,T1,2409,psychology,I,E,False
llama3-8b,T1,2410,psychology,C,C,True
llama3-8b,T1,2411,psychology,E,E,True
llama3-8b,T1,2412,psychology,C,C,True
llama3-8b,T1,2413,psychology,I,I,True
llama3-8b,T1,2414,psychology,C,C,True
llama3-8b,T1,2416,psychology,I,J,False
llama3-8b,T1,2417,psychology,E,J,False
llama3-8b,T1,2418,psychology,H,H,True
llama3-8b,T1,2419,psychology,F,F,True
llama3-8b,T1,2420,psychology,C,A,False
llama3-8b,T1,2421,psychology,B,D,False
llama3-8b,T1,2422,psychology,B,B,True
llama3-8b,T1,2423,psychology,C,C,True
llama3-8b,T1,2424,psychology,I,I,True
llama3-8b,T1,2425,psychology,B,B,True
llama3-8b,T1,2426,psychology,H,H,True
llama3-8b,T1,2429,psychology,B,B,True
llama3-8b,T1,2430,psychology,G,G,True
llama3-8b,T1,2432,psychology,D,E,False
llama3-8b,T1,2434,psychology,F,F,True
llama3-8b,T1,2437,psychology,I,B,False
llama3-8b,T1,2438,psychology,D,B,False
llama3-8b,T1,2441,psychology,I,E,False
llama3-8b,T1,2442,psychology,E,G,False
llama3-8b,T1,2443,psychology,F,H,False
llama3-8b,T1,2448,psychology,I,I,True
llama3-8b,T1,2449,psychology,G,E,False
llama3-8b,T1,2450,psychology,C,G,False
llama3-8b,T1,2451,psychology,D,D,True
llama3-8b,T1,2452,psychology,C,J,False
llama3-8b,T1,2455,psychology,C,C,True
llama3-8b,T1,2458,psychology,A,F,False
llama3-8b,T1,2459,psychology,F,J,False
llama3-8b,T1,2460,psychology,J,D,False
llama3-8b,T1,2461,psychology,H,H,True
llama3-8b,T1,2463,psychology,C,C,True
llama3-8b,T1,2464,psychology,G,G,True
llama3-8b,T1,2467,psychology,G,G,True
llama3-8b,T1,2468,psychology,G,G,True
llama3-8b,T1,2470,psychology,C,C,True
llama3-8b,T1,2471,psychology,C,C,True
llama3-8b,T1,2472,psychology,C,I,False
llama3-8b,T1,2474,psychology,B,B,True
llama3-8b,T1,2475,psychology,C,C,True
llama3-8b,T1,2476,psychology,C,C,True
llama3-8b,T1,2479,psychology,B,I,False
llama3-8b,T1,2480,psychology,B,B,True
llama3-8b,T1,2481,psychology,A,D,False
llama3-8b,T1,2482,psychology,I,I,True
llama3-8b,T1,2484,psychology,G,G,True
llama3-8b,T1,2485,psychology,A,A,True
llama3-8b,T1,2486,psychology,F,F,True
llama3-8b,T1,2489,psychology,H,H,True
llama3-8b,T1,2490,psychology,C,C,True
llama3-8b,T1,2491,psychology,H,H,True
llama3-8b,T1,2492,psychology,C,A,False
llama3-8b,T1,2493,psychology,I,I,True
llama3-8b,T1,2494,psychology,G,G,True
llama3-8b,T1,2495,psychology,D,D,True
llama3-8b,T1,2497,psychology,G,A,False
llama3-8b,T1,2499,psychology,D,D,True
llama3-8b,T1,2500,psychology,D,F,False
llama3-8b,T1,2501,psychology,C,C,True
llama3-8b,T1,2502,psychology,A,C,False
llama3-8b,T1,2503,psychology,J,J,True
llama3-8b,T1,2504,psychology,H,H,True
llama3-8b,T1,2507,psychology,E,E,True
llama3-8b,T1,2508,psychology,H,E,False
llama3-8b,T1,2512,psychology,A,E,False
llama3-8b,T1,2513,psychology,E,F,False
llama3-8b,T1,2514,psychology,A,I,False
llama3-8b,T1,2515,psychology,H,B,False
llama3-8b,T1,2516,psychology,B,H,False
llama3-8b,T1,2519,psychology,B,J,False
llama3-8b,T1,2520,psychology,H,G,False
llama3-8b,T1,2522,psychology,H,H,True
llama3-8b,T1,2524,psychology,F,G,False
llama3-8b,T1,2527,psychology,H,H,True
llama3-8b,T1,2528,psychology,E,J,False
llama3-8b,T1,2530,psychology,B,C,False
llama3-8b,T1,2532,psychology,H,B,False
llama3-8b,T1,2533,psychology,E,E,True
llama3-8b,T1,2534,psychology,A,A,True
llama3-8b,T1,2535,psychology,D,D,True
llama3-8b,T1,2536,psychology,G,J,False
llama3-8b,T1,2540,psychology,C,G,False
llama3-8b,T1,2541,psychology,E,B,False
llama3-8b,T1,2542,psychology,H,H,True
llama3-8b,T1,2543,psychology,D,H,False
llama3-8b,T1,2545,psychology,H,H,True
llama3-8b,T1,2546,psychology,I,I,True
llama3-8b,T1,2548,psychology,G,G,True
llama3-8b,T1,2549,psychology,I,D,False
llama3-8b,T1,2551,psychology,D,D,True
llama3-8b,T1,2552,psychology,B,B,True
llama3-8b,T1,2554,psychology,A,A,True
llama3-8b,T1,2556,psychology,A,A,True
llama3-8b,T1,2557,psychology,H,H,True
llama3-8b,T1,2558,psychology,J,J,True
llama3-8b,T1,2560,psychology,G,A,False
llama3-8b,T1,2562,psychology,J,D,False
llama3-8b,T1,2564,psychology,D,D,True
llama3-8b,T1,2566,psychology,H,B,False
llama3-8b,T1,2568,psychology,B,E,False
llama3-8b,T1,2569,psychology,B,A,False
llama3-8b,T1,2571,psychology,A,E,False
llama3-8b,T1,2572,psychology,C,G,False
llama3-8b,T1,2573,psychology,A,B,False
llama3-8b,T1,2577,psychology,C,H,False
llama3-8b,T1,2578,psychology,A,A,True
llama3-8b,T1,2579,psychology,E,B,False
llama3-8b,T1,2581,psychology,B,B,True
llama3-8b,T1,2584,psychology,G,I,False
llama3-8b,T1,2586,psychology,C,C,True
llama3-8b,T1,2587,psychology,C,C,True
llama3-8b,T1,2588,psychology,B,C,False
llama3-8b,T1,2589,psychology,C,C,True
llama3-8b,T1,2590,psychology,C,B,False
llama3-8b,T1,2591,psychology,G,G,True
llama3-8b,T1,2593,psychology,D,F,False
llama3-8b,T1,2596,psychology,G,G,True
llama3-8b,T1,2597,psychology,A,A,True
llama3-8b,T1,2598,psychology,F,F,True
llama3-8b,T1,2599,psychology,F,A,False
llama3-8b,T1,2600,psychology,B,B,True
llama3-8b,T1,2601,psychology,J,J,True
llama3-8b,T1,2603,psychology,D,D,True
llama3-8b,T1,2604,psychology,E,D,False
llama3-8b,T1,2605,psychology,H,H,True
llama3-8b,T1,2606,psychology,F,F,True
llama3-8b,T1,2609,psychology,B,B,True
llama3-8b,T1,2610,psychology,J,J,True
llama3-8b,T1,2611,psychology,J,G,False
llama3-8b,T1,2612,psychology,E,E,True
llama3-8b,T1,2613,psychology,E,E,True
llama3-8b,T1,2614,psychology,G,G,True
llama3-8b,T1,2616,psychology,H,B,False
llama3-8b,T1,2617,psychology,C,C,True
llama3-8b,T1,2618,psychology,G,F,False
llama3-8b,T1,2619,psychology,F,F,True
llama3-8b,T1,2620,psychology,H,H,True
llama3-8b,T1,2621,psychology,B,F,False
llama3-8b,T1,2622,psychology,I,A,False
llama3-8b,T1,2625,psychology,G,G,True
llama3-8b,T1,2626,psychology,E,J,False
llama3-8b,T1,2632,psychology,E,E,True
llama3-8b,T1,2635,psychology,D,J,False
llama3-8b,T1,2639,psychology,A,H,False
llama3-8b,T1,2642,psychology,A,A,True
llama3-8b,T1,2644,psychology,H,J,False
llama3-8b,T1,2645,psychology,C,J,False
llama3-8b,T1,2646,psychology,H,I,False
llama3-8b,T1,2647,psychology,A,J,False
llama3-8b,T1,2649,psychology,E,I,False
llama3-8b,T1,2650,psychology,B,H,False
llama3-8b,T1,2651,psychology,D,D,True
llama3-8b,T1,2652,psychology,H,B,False
llama3-8b,T1,2653,psychology,A,G,False
llama3-8b,T1,2654,psychology,H,H,True
llama3-8b,T1,2655,psychology,B,A,False
llama3-8b,T1,2657,psychology,C,C,True
llama3-8b,T1,2658,psychology,C,G,False
llama3-8b,T1,2659,psychology,C,I,False
llama3-8b,T1,2661,psychology,B,B,True
llama3-8b,T1,2663,psychology,C,C,True
llama3-8b,T1,2666,psychology,B,B,True
llama3-8b,T1,2667,psychology,D,J,False
llama3-8b,T1,2668,psychology,E,E,True
llama3-8b,T1,2671,psychology,A,A,True
llama3-8b,T1,2672,psychology,E,E,True
llama3-8b,T1,2673,psychology,A,A,True
llama3-8b,T1,2674,psychology,F,F,True
llama3-8b,T1,2675,psychology,B,B,True
llama3-8b,T1,2677,psychology,A,H,False
llama3-8b,T1,2678,psychology,A,F,False
llama3-8b,T1,2679,psychology,G,G,True
llama3-8b,T1,2681,psychology,I,I,True
llama3-8b,T1,2682,psychology,E,H,False
llama3-8b,T1,2684,psychology,A,F,False
llama3-8b,T1,2687,psychology,A,D,False
llama3-8b,T1,2688,psychology,D,D,True
llama3-8b,T1,2692,psychology,C,G,False
llama3-8b,T1,2694,psychology,G,F,False
llama3-8b,T1,2695,psychology,C,E,False
llama3-8b,T1,2696,psychology,E,E,True
llama3-8b,T1,2699,psychology,B,C,False
llama3-8b,T1,2702,psychology,A,C,False
llama3-8b,T1,2703,psychology,F,H,False
llama3-8b,T1,2704,psychology,B,H,False
llama3-8b,T1,2709,psychology,G,J,False
llama3-8b,T1,2711,psychology,E,E,True
llama3-8b,T1,2712,psychology,F,H,False
llama3-8b,T1,2713,psychology,C,C,True
llama3-8b,T1,2714,psychology,B,B,True
llama3-8b,T1,2716,psychology,C,C,True
llama3-8b,T1,2718,psychology,H,H,True
llama3-8b,T1,2719,psychology,D,D,True
llama3-8b,T1,2724,psychology,D,D,True
llama3-8b,T1,2725,psychology,F,F,True
llama3-8b,T1,2727,psychology,D,D,True
llama3-8b,T1,2728,psychology,D,J,False
llama3-8b,T1,2731,psychology,I,I,True
llama3-8b,T1,2732,psychology,E,E,True
llama3-8b,T1,2733,psychology,A,B,False
llama3-8b,T1,2735,psychology,D,B,False
llama3-8b,T1,2736,psychology,D,D,True
llama3-8b,T1,2737,psychology,F,F,True
llama3-8b,T1,2739,psychology,C,H,False
llama3-8b,T1,2741,psychology,F,F,True
llama3-8b,T1,2742,psychology,J,H,False
llama3-8b,T1,2743,psychology,D,D,True
llama3-8b,T1,2744,psychology,F,F,True
llama3-8b,T1,2745,psychology,F,F,True
llama3-8b,T1,2746,psychology,I,I,True
llama3-8b,T1,2747,psychology,E,E,True
llama3-8b,T1,2748,psychology,F,F,True
llama3-8b,T1,2749,psychology,J,C,False
llama3-8b,T1,2750,psychology,B,B,True
llama3-8b,T1,2751,psychology,G,G,True
llama3-8b,T1,2752,psychology,D,D,True
llama3-8b,T1,2753,psychology,I,I,True
llama3-8b,T1,2754,psychology,H,H,True
llama3-8b,T1,2756,psychology,E,E,True
llama3-8b,T1,2758,psychology,J,I,False
llama3-8b,T1,2762,psychology,B,B,True
llama3-8b,T1,2763,psychology,C,D,False
llama3-8b,T1,2765,psychology,C,E,False
llama3-8b,T1,2766,psychology,I,I,True
llama3-8b,T1,2768,psychology,E,H,False
llama3-8b,T1,2769,psychology,F,E,False
llama3-8b,T1,2770,psychology,D,G,False
llama3-8b,T1,2775,psychology,E,G,False
llama3-8b,T1,2778,psychology,F,A,False
llama3-8b,T1,2781,psychology,J,D,False
llama3-8b,T1,2782,psychology,D,D,True
llama3-8b,T1,2783,psychology,F,I,False
llama3-8b,T1,2784,psychology,A,A,True
llama3-8b,T1,2785,psychology,E,E,True
llama3-8b,T1,2786,psychology,B,B,True
llama3-8b,T1,2787,psychology,G,G,True
llama3-8b,T1,2788,psychology,B,B,True
llama3-8b,T1,2789,psychology,G,G,True
llama3-8b,T1,2790,psychology,I,F,False
llama3-8b,T1,2792,psychology,D,E,False
llama3-8b,T1,2794,psychology,C,B,False
llama3-8b,T1,2797,psychology,H,H,True
llama3-8b,T1,2798,psychology,B,B,True
llama3-8b,T1,2799,psychology,I,I,True
llama3-8b,T1,2800,psychology,C,C,True
llama3-8b,T1,2802,psychology,G,G,True
llama3-8b,T1,6827,economics,C,A,False
llama3-8b,T1,6829,economics,D,I,False
llama3-8b,T1,6833,economics,F,B,False
llama3-8b,T1,6834,economics,H,I,False
llama3-8b,T1,6836,economics,A,E,False
llama3-8b,T1,6837,economics,E,A,False
llama3-8b,T1,6839,economics,A,D,False
llama3-8b,T1,6840,economics,J,G,False
llama3-8b,T1,6842,economics,J,A,False
llama3-8b,T1,6843,economics,A,E,False
llama3-8b,T1,6844,economics,B,H,False
llama3-8b,T1,6846,economics,A,A,True
llama3-8b,T1,6853,economics,B,F,False
llama3-8b,T1,6854,economics,C,I,False
llama3-8b,T1,6857,economics,A,A,True
llama3-8b,T1,6858,economics,C,C,True
llama3-8b,T1,6859,economics,C,G,False
llama3-8b,T1,6860,economics,B,J,False
llama3-8b,T1,6864,economics,D,D,True
llama3-8b,T1,6865,economics,H,H,True
llama3-8b,T1,6866,economics,C,G,False
llama3-8b,T1,6867,economics,C,C,True
llama3-8b,T1,6869,economics,E,C,False
llama3-8b,T1,6872,economics,C,C,True
llama3-8b,T1,6873,economics,I,I,True
llama3-8b,T1,6875,economics,A,A,True
llama3-8b,T1,6876,economics,H,A,False
llama3-8b,T1,6877,economics,E,E,True
llama3-8b,T1,6878,economics,E,C,False
llama3-8b,T1,6879,economics,G,G,True
llama3-8b,T1,6880,economics,D,D,True
llama3-8b,T1,6881,economics,F,G,False
llama3-8b,T1,6882,economics,J,J,True
llama3-8b,T1,6883,economics,C,C,True
llama3-8b,T1,6887,economics,I,I,True
llama3-8b,T1,6888,economics,A,G,False
llama3-8b,T1,6889,economics,H,H,True
llama3-8b,T1,6894,economics,C,F,False
llama3-8b,T1,6895,economics,B,J,False
llama3-8b,T1,6896,economics,C,F,False
llama3-8b,T1,6897,economics,A,B,False
llama3-8b,T1,6900,economics,C,C,True
llama3-8b,T1,6905,economics,I,I,True
llama3-8b,T1,6906,economics,F,E,False
llama3-8b,T1,6908,economics,G,C,False
llama3-8b,T1,6909,economics,J,C,False
llama3-8b,T1,6910,economics,E,J,False
llama3-8b,T1,6912,economics,F,B,False
llama3-8b,T1,6913,economics,D,C,False
llama3-8b,T1,6917,economics,A,J,False
llama3-8b,T1,6918,economics,A,A,True
llama3-8b,T1,6919,economics,A,A,True
llama3-8b,T1,6921,economics,A,A,True
llama3-8b,T1,6923,economics,D,B,False
llama3-8b,T1,6929,economics,B,B,True
llama3-8b,T1,6930,economics,G,G,True
llama3-8b,T1,6931,economics,J,C,False
llama3-8b,T1,6932,economics,D,I,False
llama3-8b,T1,6933,economics,C,C,True
llama3-8b,T1,6934,economics,E,E,True
llama3-8b,T1,6935,economics,G,G,True
llama3-8b,T1,6936,economics,B,E,False
llama3-8b,T1,6937,economics,G,E,False
llama3-8b,T1,6938,economics,D,D,True
llama3-8b,T1,6939,economics,H,H,True
llama3-8b,T1,6940,economics,B,B,True
llama3-8b,T1,6941,economics,J,J,True
llama3-8b,T1,6944,economics,A,A,True
llama3-8b,T1,6946,economics,H,H,True
llama3-8b,T1,6947,economics,I,I,True
llama3-8b,T1,6948,economics,D,D,True
llama3-8b,T1,6950,economics,E,J,False
llama3-8b,T1,6951,economics,D,J,False
llama3-8b,T1,6952,economics,F,F,True
llama3-8b,T1,6953,economics,I,I,True
llama3-8b,T1,6955,economics,E,G,False
llama3-8b,T1,6956,economics,A,H,False
llama3-8b,T1,6958,economics,F,B,False
llama3-8b,T1,6959,economics,G,G,True
llama3-8b,T1,6965,economics,B,B,True
llama3-8b,T1,6966,economics,G,A,False
llama3-8b,T1,6970,economics,I,B,False
llama3-8b,T1,6971,economics,G,J,False
llama3-8b,T1,6973,economics,D,F,False
llama3-8b,T1,6974,economics,A,A,True
llama3-8b,T1,6975,economics,A,E,False
llama3-8b,T1,6976,economics,B,B,True
llama3-8b,T1,6977,economics,A,I,False
llama3-8b,T1,6978,economics,F,G,False
llama3-8b,T1,6979,economics,E,E,True
llama3-8b,T1,6980,economics,G,G,True
llama3-8b,T1,6981,economics,B,J,False
llama3-8b,T1,6982,economics,D,H,False
llama3-8b,T1,6984,economics,B,F,False
llama3-8b,T1,6986,economics,A,A,True
llama3-8b,T1,6987,economics,F,H,False
llama3-8b,T1,6988,economics,F,E,False
llama3-8b,T1,6996,economics,A,A,True
llama3-8b,T1,6998,economics,B,H,False
llama3-8b,T1,6999,economics,A,A,True
llama3-8b,T1,7000,economics,D,H,False
llama3-8b,T1,7002,economics,C,C,True
llama3-8b,T1,7003,economics,B,A,False
llama3-8b,T1,7005,economics,I,I,True
llama3-8b,T1,7009,economics,D,D,True
llama3-8b,T1,7012,economics,D,B,False
llama3-8b,T1,7014,economics,J,B,False
llama3-8b,T1,7015,economics,E,E,True
llama3-8b,T1,7018,economics,E,E,True
llama3-8b,T1,7019,economics,F,F,True
llama3-8b,T1,7020,economics,D,J,False
llama3-8b,T1,7021,economics,C,C,True
llama3-8b,T1,7022,economics,J,J,True
llama3-8b,T1,7023,economics,B,C,False
llama3-8b,T1,7026,economics,E,E,True
llama3-8b,T1,7027,economics,A,B,False
llama3-8b,T1,7032,economics,C,C,True
llama3-8b,T1,7033,economics,F,I,False
llama3-8b,T1,7034,economics,F,D,False
llama3-8b,T1,7035,economics,E,H,False
llama3-8b,T1,7037,economics,B,F,False
llama3-8b,T1,7038,economics,E,E,True
llama3-8b,T1,7040,economics,F,I,False
llama3-8b,T1,7041,economics,G,A,False
llama3-8b,T1,7042,economics,H,H,True
llama3-8b,T1,7043,economics,E,C,False
llama3-8b,T1,7044,economics,C,C,True
llama3-8b,T1,7050,economics,B,B,True
llama3-8b,T1,7051,economics,F,J,False
llama3-8b,T1,7052,economics,B,D,False
llama3-8b,T1,7053,economics,G,G,True
llama3-8b,T1,7054,economics,B,C,False
llama3-8b,T1,7056,economics,C,C,True
llama3-8b,T1,7057,economics,D,G,False
llama3-8b,T1,7059,economics,H,I,False
llama3-8b,T1,7064,economics,H,A,False
llama3-8b,T1,7065,economics,J,J,True
llama3-8b,T1,7066,economics,D,C,False
llama3-8b,T1,7068,economics,E,D,False
llama3-8b,T1,7073,economics,C,E,False
llama3-8b,T1,7075,economics,J,F,False
llama3-8b,T1,7076,economics,J,J,True
llama3-8b,T1,7077,economics,F,J,False
llama3-8b,T1,7078,economics,J,F,False
llama3-8b,T1,7079,economics,F,F,True
llama3-8b,T1,7081,economics,D,D,True
llama3-8b,T1,7082,economics,J,J,True
llama3-8b,T1,7083,economics,B,A,False
llama3-8b,T1,7086,economics,F,F,True
llama3-8b,T1,7087,economics,B,B,True
llama3-8b,T1,7088,economics,C,I,False
llama3-8b,T1,7089,economics,H,H,True
llama3-8b,T1,7090,economics,J,J,True
llama3-8b,T1,7091,economics,E,E,True
llama3-8b,T1,7092,economics,G,G,True
llama3-8b,T1,7093,economics,B,B,True
llama3-8b,T1,7094,economics,I,I,True
llama3-8b,T1,7097,economics,B,B,True
llama3-8b,T1,7107,economics,G,B,False
llama3-8b,T1,7108,economics,H,H,True
llama3-8b,T1,7109,economics,C,F,False
llama3-8b,T1,7110,economics,D,I,False
llama3-8b,T1,7111,economics,F,F,True
llama3-8b,T1,7112,economics,A,G,False
llama3-8b,T1,7114,economics,A,G,False
llama3-8b,T1,7115,economics,A,A,True
llama3-8b,T1,7116,economics,J,J,True
llama3-8b,T1,7119,economics,J,J,True
llama3-8b,T1,7123,economics,G,F,False
llama3-8b,T1,7124,economics,G,B,False
llama3-8b,T1,7126,economics,E,J,False
llama3-8b,T1,7127,economics,F,F,True
llama3-8b,T1,7128,economics,D,J,False
llama3-8b,T1,7129,economics,I,I,True
llama3-8b,T1,7133,economics,H,C,False
llama3-8b,T1,7134,economics,B,B,True
llama3-8b,T1,7135,economics,D,D,True
llama3-8b,T1,7136,economics,H,H,True
llama3-8b,T1,7137,economics,F,H,False
llama3-8b,T1,7138,economics,D,D,True
llama3-8b,T1,7139,economics,I,I,True
llama3-8b,T1,7140,economics,A,A,True
llama3-8b,T1,7142,economics,C,C,True
llama3-8b,T1,7146,economics,D,D,True
llama3-8b,T1,7147,economics,D,D,True
llama3-8b,T1,7148,economics,D,G,False
llama3-8b,T1,7149,economics,D,D,True
llama3-8b,T1,7150,economics,E,H,False
llama3-8b,T1,7153,economics,C,C,True
llama3-8b,T1,7158,economics,C,G,False
llama3-8b,T1,7159,economics,B,H,False
llama3-8b,T1,7160,economics,A,D,False
llama3-8b,T1,7165,economics,E,F,False
llama3-8b,T1,7167,economics,E,J,False
llama3-8b,T1,7169,economics,B,C,False
llama3-8b,T1,7170,economics,D,H,False
llama3-8b,T1,7172,economics,E,B,False
llama3-8b,T1,7174,economics,J,D,False
llama3-8b,T1,7175,economics,D,B,False
llama3-8b,T1,7176,economics,B,D,False
llama3-8b,T1,7177,economics,E,C,False
llama3-8b,T1,7181,economics,F,D,False
llama3-8b,T1,7182,economics,F,F,True
llama3-8b,T1,7183,economics,H,A,False
llama3-8b,T1,7186,economics,F,D,False
llama3-8b,T1,7188,economics,A,A,True
llama3-8b,T1,7191,economics,B,A,False
llama3-8b,T1,7194,economics,E,B,False
llama3-8b,T1,7196,economics,E,B,False
llama3-8b,T1,7198,economics,C,G,False
llama3-8b,T1,7200,economics,F,B,False
llama3-8b,T1,7201,economics,H,H,True
llama3-8b,T1,7203,economics,G,G,True
llama3-8b,T1,7204,economics,C,C,True
llama3-8b,T1,7208,economics,E,E,True
llama3-8b,T1,7210,economics,B,F,False
llama3-8b,T1,7211,economics,C,F,False
llama3-8b,T1,7213,economics,J,J,True
llama3-8b,T1,7215,economics,A,A,True
llama3-8b,T1,7216,economics,A,A,True
llama3-8b,T1,7217,economics,B,B,True
llama3-8b,T1,7218,economics,B,E,False
llama3-8b,T1,7219,economics,G,G,True
llama3-8b,T1,7223,economics,E,A,False
llama3-8b,T1,7225,economics,B,H,False
llama3-8b,T1,7228,economics,C,C,True
llama3-8b,T1,7233,economics,A,A,True
llama3-8b,T1,7234,economics,C,A,False
llama3-8b,T1,7235,economics,I,I,True
llama3-8b,T1,7236,economics,D,D,True
llama3-8b,T1,7237,economics,C,I,False
llama3-8b,T1,7238,economics,F,E,False
llama3-8b,T1,7239,economics,C,F,False
llama3-8b,T1,7240,economics,H,B,False
llama3-8b,T1,7241,economics,I,I,True
llama3-8b,T1,7243,economics,D,D,True
llama3-8b,T1,7245,economics,G,B,False
llama3-8b,T1,7246,economics,B,B,True
llama3-8b,T1,7248,economics,G,A,False
llama3-8b,T1,7249,economics,J,J,True
llama3-8b,T1,7250,economics,E,G,False
llama3-8b,T1,7251,economics,E,E,True
llama3-8b,T1,7253,economics,A,A,True
llama3-8b,T1,7256,economics,D,D,True
llama3-8b,T1,7258,economics,J,J,True
llama3-8b,T1,7259,economics,C,C,True
llama3-8b,T1,7260,economics,I,G,False
llama3-8b,T1,7262,economics,D,B,False
llama3-8b,T1,7263,economics,F,F,True
llama3-8b,T1,7264,economics,D,J,False
llama3-8b,T1,7265,economics,E,E,True
llama3-8b,T1,7266,economics,B,I,False
llama3-8b,T1,7267,economics,B,I,False
llama3-8b,T1,7268,economics,B,H,False
llama3-8b,T1,7269,economics,C,C,True
llama3-8b,T1,7270,economics,E,E,True
llama3-8b,T1,7271,economics,H,H,True
llama3-8b,T1,7273,economics,G,B,False
llama3-8b,T1,7275,economics,E,E,True
llama3-8b,T1,7277,economics,B,B,True
llama3-8b,T1,7278,economics,J,J,True
llama3-8b,T1,7279,economics,E,E,True
llama3-8b,T1,7280,economics,F,F,True
llama3-8b,T1,7282,economics,F,F,True
llama3-8b,T1,7283,economics,E,E,True
llama3-8b,T1,7284,economics,E,C,False
llama3-8b,T1,7285,economics,E,E,True
llama3-8b,T1,7286,economics,H,H,True
llama3-8b,T1,7287,economics,D,I,False
llama3-8b,T1,7290,economics,E,J,False
llama3-8b,T1,7291,economics,B,G,False
llama3-8b,T1,7295,economics,A,A,True
llama3-8b,T1,7296,economics,B,D,False
llama3-8b,T1,7297,economics,I,I,True
llama3-8b,T1,7298,economics,C,D,False
llama3-8b,T1,7299,economics,H,H,True
llama3-8b,T1,7300,economics,B,G,False
llama3-8b,T1,7302,economics,J,G,False
llama3-8b,T1,7304,economics,B,C,False
llama3-8b,T1,7309,economics,E,J,False
llama3-8b,T1,7310,economics,D,I,False
llama3-8b,T1,7313,economics,C,E,False
llama3-8b,T1,7314,economics,A,J,False
llama3-8b,T1,7315,economics,A,H,False
llama3-8b,T1,7317,economics,C,F,False
llama3-8b,T1,7318,economics,D,F,False
llama3-8b,T1,7325,economics,C,C,True
llama3-8b,T1,7326,economics,E,E,True
llama3-8b,T1,7327,economics,C,C,True
llama3-8b,T1,7328,economics,A,A,True
llama3-8b,T1,7329,economics,B,B,True
llama3-8b,T1,7331,economics,D,F,False
llama3-8b,T1,7339,economics,F,F,True
llama3-8b,T1,7341,economics,B,F,False
llama3-8b,T1,7342,economics,C,F,False
llama3-8b,T1,7344,economics,J,J,True
llama3-8b,T1,7345,economics,F,G,False
llama3-8b,T1,7346,economics,B,C,False
llama3-8b,T1,7348,economics,B,I,False
llama3-8b,T1,7351,economics,C,F,False
llama3-8b,T1,7352,economics,J,F,False
llama3-8b,T1,7358,economics,G,A,False
llama3-8b,T1,7359,economics,F,B,False
llama3-8b,T1,7360,economics,H,H,True
llama3-8b,T1,7361,economics,B,I,False
llama3-8b,T1,7363,economics,G,G,True
llama3-8b,T1,7365,economics,A,F,False
llama3-8b,T1,7366,economics,I,D,False
llama3-8b,T1,7370,economics,B,E,False
llama3-8b,T1,7371,economics,B,C,False
llama3-8b,T1,7372,economics,B,F,False
llama3-8b,T1,7374,economics,G,J,False
llama3-8b,T1,7375,economics,C,I,False
llama3-8b,T1,7376,economics,E,H,False
llama3-8b,T1,7377,economics,B,F,False
llama3-8b,T1,7380,economics,F,F,True
llama3-8b,T1,7383,economics,E,G,False
llama3-8b,T1,7384,economics,B,B,True
llama3-8b,T1,7385,economics,A,H,False
llama3-8b,T1,7386,economics,G,G,True
llama3-8b,T1,7388,economics,A,A,True
llama3-8b,T1,7391,economics,A,A,True
llama3-8b,T1,7392,economics,B,B,True
llama3-8b,T1,7393,economics,E,J,False
llama3-8b,T1,7394,economics,B,C,False
llama3-8b,T1,7396,economics,G,G,True
llama3-8b,T1,7398,economics,F,F,True
llama3-8b,T1,7399,economics,B,I,False
llama3-8b,T1,7400,economics,C,C,True
llama3-8b,T1,7402,economics,D,B,False
llama3-8b,T1,7403,economics,A,B,False
llama3-8b,T1,7404,economics,F,J,False
llama3-8b,T1,7405,economics,C,C,True
llama3-8b,T1,7406,economics,B,J,False
llama3-8b,T1,7407,economics,G,G,True
llama3-8b,T1,7408,economics,A,A,True
llama3-8b,T1,7409,economics,C,C,True
llama3-8b,T1,7410,economics,C,D,False
llama3-8b,T1,7411,economics,D,D,True
llama3-8b,T1,7412,economics,I,J,False
llama3-8b,T1,7415,economics,H,H,True
llama3-8b,T1,7417,economics,J,I,False
llama3-8b,T1,7418,economics,D,D,True
llama3-8b,T1,7419,economics,J,J,True
llama3-8b,T1,7428,economics,E,F,False
llama3-8b,T1,7429,economics,E,E,True
llama3-8b,T1,7430,economics,B,H,False
llama3-8b,T1,7431,economics,F,E,False
llama3-8b,T1,7433,economics,J,H,False
llama3-8b,T1,7434,economics,G,G,True
llama3-8b,T1,7436,economics,D,D,True
llama3-8b,T1,7437,economics,D,A,False
llama3-8b,T1,7439,economics,G,G,True
llama3-8b,T1,7442,economics,F,I,False
llama3-8b,T1,7443,economics,J,F,False
llama3-8b,T1,7444,economics,C,A,False
llama3-8b,T1,7445,economics,I,I,True
llama3-8b,T1,7447,economics,E,J,False
llama3-8b,T1,7449,economics,D,G,False
llama3-8b,T1,7450,economics,I,H,False
llama3-8b,T1,7452,economics,C,C,True
llama3-8b,T1,7453,economics,C,I,False
llama3-8b,T1,7456,economics,C,F,False
llama3-8b,T1,7459,economics,C,C,True
llama3-8b,T1,7460,economics,G,G,True
llama3-8b,T1,7461,economics,G,G,True
llama3-8b,T1,7464,economics,B,H,False
llama3-8b,T1,7466,economics,H,H,True
llama3-8b,T1,7469,economics,G,G,True
llama3-8b,T1,7470,economics,E,E,True
llama3-8b,T1,7471,economics,D,C,False
llama3-8b,T1,7473,economics,C,H,False
llama3-8b,T1,7474,economics,E,A,False
llama3-8b,T1,7477,economics,B,I,False
llama3-8b,T1,7479,economics,J,J,True
llama3-8b,T1,7483,economics,D,I,False
llama3-8b,T1,7484,economics,E,B,False
llama3-8b,T1,7485,economics,C,F,False
llama3-8b,T1,7492,economics,F,I,False
llama3-8b,T1,7493,economics,F,G,False
llama3-8b,T1,7494,economics,E,J,False
llama3-8b,T1,7496,economics,C,G,False
llama3-8b,T1,7500,economics,F,H,False
llama3-8b,T1,7501,economics,B,G,False
llama3-8b,T1,7502,economics,F,F,True
llama3-8b,T1,7504,economics,D,C,False
llama3-8b,T1,7505,economics,B,J,False
llama3-8b,T1,7508,economics,C,C,True
llama3-8b,T1,7509,economics,E,E,True
llama3-8b,T1,7510,economics,D,I,False
llama3-8b,T1,7512,economics,E,J,False
llama3-8b,T1,7514,economics,J,C,False
llama3-8b,T1,7516,economics,A,A,True
llama3-8b,T1,7521,economics,H,H,True
llama3-8b,T1,7522,economics,J,F,False
llama3-8b,T1,7523,economics,C,C,True
llama3-8b,T1,7524,economics,I,I,True
llama3-8b,T1,7525,economics,C,C,True
llama3-8b,T1,7526,economics,B,B,True
llama3-8b,T1,7529,economics,G,G,True
llama3-8b,T1,7530,economics,B,I,False
llama3-8b,T1,7532,economics,F,A,False
llama3-8b,T1,7533,economics,E,E,True
llama3-8b,T1,7534,economics,A,H,False
llama3-8b,T1,7536,economics,A,F,False
llama3-8b,T1,7537,economics,J,B,False
llama3-8b,T1,7538,economics,F,B,False
llama3-8b,T1,7539,economics,C,C,True
llama3-8b,T1,7540,economics,B,G,False
llama3-8b,T1,7542,economics,I,A,False
llama3-8b,T1,7543,economics,D,H,False
llama3-8b,T1,7544,economics,B,I,False
llama3-8b,T1,7545,economics,A,A,True
llama3-8b,T1,7546,economics,A,A,True
llama3-8b,T1,7547,economics,G,G,True
llama3-8b,T1,7548,economics,B,B,True
llama3-8b,T1,7549,economics,D,D,True
llama3-8b,T1,7550,economics,I,I,True
llama3-8b,T1,7551,economics,D,D,True
llama3-8b,T1,7552,economics,E,C,False
llama3-8b,T1,7554,economics,E,E,True
llama3-8b,T1,7556,economics,C,D,False
llama3-8b,T1,7560,economics,I,J,False
llama3-8b,T1,7561,economics,A,G,False
llama3-8b,T1,7562,economics,I,E,False
llama3-8b,T1,7564,economics,D,D,True
llama3-8b,T1,7565,economics,A,D,False
llama3-8b,T1,7566,economics,B,C,False
llama3-8b,T1,7567,economics,A,E,False
llama3-8b,T1,7568,economics,G,D,False
llama3-8b,T1,7572,economics,I,E,False
llama3-8b,T1,7573,economics,C,F,False
llama3-8b,T1,7575,economics,G,D,False
llama3-8b,T1,7580,economics,E,J,False
llama3-8b,T1,7582,economics,B,E,False
llama3-8b,T1,7583,economics,F,E,False
llama3-8b,T1,7584,economics,B,J,False
llama3-8b,T1,7586,economics,G,G,True
llama3-8b,T1,7590,economics,A,A,True
llama3-8b,T1,7592,economics,J,G,False
llama3-8b,T1,7593,economics,J,B,False
llama3-8b,T1,7594,economics,C,C,True
llama3-8b,T1,7596,economics,G,G,True
llama3-8b,T1,7599,economics,J,J,True
llama3-8b,T1,7600,economics,C,C,True
llama3-8b,T1,7602,economics,B,B,True
llama3-8b,T1,7603,economics,B,B,True
llama3-8b,T1,7604,economics,D,A,False
llama3-8b,T1,7606,economics,H,H,True
llama3-8b,T1,7607,economics,J,J,True
llama3-8b,T1,7608,economics,B,D,False
llama3-8b,T1,7610,economics,E,A,False
llama3-8b,T1,7611,economics,E,E,True
llama3-8b,T1,7613,economics,G,G,True
llama3-8b,T1,7614,economics,D,J,False
llama3-8b,T1,7617,economics,J,D,False
llama3-8b,T1,7618,economics,A,A,True
llama3-8b,T1,7619,economics,B,B,True
llama3-8b,T1,7620,economics,G,G,True
llama3-8b,T1,7621,economics,J,A,False
llama3-8b,T1,7622,economics,J,B,False
llama3-8b,T1,7623,economics,B,D,False
llama3-8b,T1,7626,economics,C,G,False
llama3-8b,T1,7629,economics,G,A,False
llama3-8b,T1,7630,economics,B,I,False
llama3-8b,T1,7632,economics,G,D,False
llama3-8b,T1,7634,economics,C,H,False
llama3-8b,T1,7638,economics,H,E,False
llama3-8b,T1,7639,economics,D,D,True
llama3-8b,T1,7640,economics,A,G,False
llama3-8b,T1,7641,economics,B,A,False
llama3-8b,T1,7644,economics,D,D,True
llama3-8b,T1,7645,economics,J,D,False
llama3-8b,T1,7646,economics,J,J,True
llama3-8b,T1,7648,economics,D,I,False
llama3-8b,T1,7649,economics,C,G,False
llama3-8b,T1,7650,economics,A,H,False
llama3-8b,T1,7651,economics,E,B,False
llama3-8b,T1,7655,economics,D,F,False
llama3-8b,T1,7656,economics,J,J,True
llama3-8b,T1,7657,economics,J,D,False
llama3-8b,T1,7658,economics,C,I,False
llama3-8b,T1,7662,economics,B,F,False
llama3-8b,T1,7664,economics,B,B,True
llama3-8b,T1,7665,economics,E,E,True
llama3-8b,T1,7667,economics,B,B,True
llama3-8b,T1,7669,economics,E,E,True
llama3-8b,T1,7670,economics,B,H,False
llama3-8b,T1,7671,economics,J,J,True
llama3-8b,T1,7672,economics,E,H,False
llama3-8b,T1,7673,economics,E,E,True
llama3-8b,T1,7674,economics,A,A,True
llama3-8b,T1,7675,economics,D,H,False
llama3-8b,T1,7676,economics,B,B,True
llama3-8b,T1,7677,economics,E,E,True
llama3-8b,T1,7678,economics,B,B,True
llama3-8b,T1,7679,economics,H,B,False
llama3-8b,T1,7681,economics,A,F,False
llama3-8b,T1,7684,economics,B,I,False
llama3-8b,T1,7686,economics,B,J,False
llama3-8b,T2,9047,physics,C,B,False
llama3-8b,T2,9048,physics,A,J,False
llama3-8b,T2,9049,physics,F,F,True
llama3-8b,T2,9052,physics,G,C,False
llama3-8b,T2,9054,physics,D,H,False
llama3-8b,T2,9055,physics,F,F,True
llama3-8b,T2,9059,physics,G,B,False
llama3-8b,T2,9060,physics,F,A,False
llama3-8b,T2,9061,physics,E,C,False
llama3-8b,T2,9069,physics,D,G,False
llama3-8b,T2,9070,physics,E,D,False
llama3-8b,T2,9071,physics,B,D,False
llama3-8b,T2,9074,physics,B,H,False
llama3-8b,T2,9082,physics,G,E,False
llama3-8b,T2,9085,physics,I,I,True
llama3-8b,T2,9086,physics,F,G,False
llama3-8b,T2,9088,physics,D,G,False
llama3-8b,T2,9089,physics,D,D,True
llama3-8b,T2,9091,physics,D,A,False
llama3-8b,T2,9097,physics,E,A,False
llama3-8b,T2,9098,physics,F,A,False
llama3-8b,T2,9100,physics,I,B,False
llama3-8b,T2,9104,physics,C,J,False
llama3-8b,T2,9105,physics,D,B,False
llama3-8b,T2,9106,physics,F,E,False
llama3-8b,T2,9107,physics,C,A,False
llama3-8b,T2,9108,physics,F,G,False
llama3-8b,T2,9110,physics,F,B,False
llama3-8b,T2,9111,physics,D,B,False
llama3-8b,T2,9115,physics,E,J,False
llama3-8b,T2,9116,physics,D,A,False
llama3-8b,T2,9117,physics,J,F,False
llama3-8b,T2,9120,physics,A,D,False
llama3-8b,T2,9121,physics,D,H,False
llama3-8b,T2,9123,physics,A,A,True
llama3-8b,T2,9129,physics,G,F,False
llama3-8b,T2,9130,physics,C,J,False
llama3-8b,T2,9135,physics,E,E,True
llama3-8b,T2,9140,physics,D,D,True
llama3-8b,T2,9141,physics,D,A,False
llama3-8b,T2,9142,physics,E,G,False
llama3-8b,T2,9143,physics,G,H,False
llama3-8b,T2,9147,physics,H,J,False
llama3-8b,T2,9149,physics,E,I,False
llama3-8b,T2,9152,physics,E,D,False
llama3-8b,T2,9153,physics,E,H,False
llama3-8b,T2,9156,physics,G,A,False
llama3-8b,T2,9157,physics,C,C,True
llama3-8b,T2,9158,physics,E,E,True
llama3-8b,T2,9161,physics,C,A,False
llama3-8b,T2,9165,physics,J,B,False
llama3-8b,T2,9167,physics,F,C,False
llama3-8b,T2,9169,physics,E,F,False
llama3-8b,T2,9171,physics,F,F,True
llama3-8b,T2,9178,physics,E,D,False
llama3-8b,T2,9179,physics,E,G,False
llama3-8b,T2,9181,physics,J,A,False
llama3-8b,T2,9182,physics,C,F,False
llama3-8b,T2,9183,physics,E,H,False
llama3-8b,T2,9185,physics,G,J,False
llama3-8b,T2,9186,physics,E,B,False
llama3-8b,T2,9189,physics,E,J,False
llama3-8b,T2,9190,physics,B,F,False
llama3-8b,T2,9193,physics,A,D,False
llama3-8b,T2,9194,physics,C,C,True
llama3-8b,T2,9199,physics,E,E,True
llama3-8b,T2,9200,physics,F,E,False
llama3-8b,T2,9206,physics,D,E,False
llama3-8b,T2,9207,physics,F,A,False
llama3-8b,T2,9209,physics,C,G,False
llama3-8b,T2,9211,physics,B,B,True
llama3-8b,T2,9213,physics,A,H,False
llama3-8b,T2,9214,physics,H,J,False
llama3-8b,T2,9216,physics,D,D,True
llama3-8b,T2,9218,physics,A,C,False
llama3-8b,T2,9223,physics,D,J,False
llama3-8b,T2,9226,physics,C,C,True
llama3-8b,T2,9229,physics,E,A,False
llama3-8b,T2,9230,physics,G,G,True
llama3-8b,T2,9231,physics,B,D,False
llama3-8b,T2,9234,physics,E,D,False
llama3-8b,T2,9237,physics,C,A,False
llama3-8b,T2,9238,physics,B,B,True
llama3-8b,T2,9239,physics,I,B,False
llama3-8b,T2,9241,physics,G,C,False
llama3-8b,T2,9242,physics,E,A,False
llama3-8b,T2,9245,physics,E,J,False
llama3-8b,T2,9246,physics,B,J,False
llama3-8b,T2,9249,physics,J,J,True
llama3-8b,T2,9252,physics,E,D,False
llama3-8b,T2,9255,physics,D,D,True
llama3-8b,T2,9257,physics,D,D,True
llama3-8b,T2,9258,physics,E,C,False
llama3-8b,T2,9265,physics,G,D,False
llama3-8b,T2,9267,physics,C,F,False
llama3-8b,T2,9268,physics,E,F,False
llama3-8b,T2,9272,physics,C,J,False
llama3-8b,T2,9273,physics,E,A,False
llama3-8b,T2,9274,physics,B,B,True
llama3-8b,T2,9277,physics,G,A,False
llama3-8b,T2,9278,physics,E,E,True
llama3-8b,T2,9279,physics,E,E,True
llama3-8b,T2,9283,physics,G,G,True
llama3-8b,T2,9284,physics,G,I,False
llama3-8b,T2,9290,physics,H,I,False
llama3-8b,T2,9292,physics,E,E,True
llama3-8b,T2,9294,physics,B,B,True
llama3-8b,T2,9297,physics,G,J,False
llama3-8b,T2,9300,physics,B,H,False
llama3-8b,T2,9302,physics,F,D,False
llama3-8b,T2,9305,physics,H,H,True
llama3-8b,T2,9306,physics,F,F,True
llama3-8b,T2,9309,physics,E,F,False
llama3-8b,T2,9313,physics,E,D,False
llama3-8b,T2,9315,physics,E,E,True
llama3-8b,T2,9321,physics,C,I,False
llama3-8b,T2,9322,physics,C,E,False
llama3-8b,T2,9325,physics,B,B,True
llama3-8b,T2,9326,physics,E,B,False
llama3-8b,T2,9328,physics,B,I,False
llama3-8b,T2,9333,physics,A,A,True
llama3-8b,T2,9338,physics,F,J,False
llama3-8b,T2,9340,physics,I,I,True
llama3-8b,T2,9342,physics,G,J,False
llama3-8b,T2,9343,physics,B,H,False
llama3-8b,T2,9346,physics,E,A,False
llama3-8b,T2,9347,physics,F,C,False
llama3-8b,T2,9362,physics,D,D,True
llama3-8b,T2,9365,physics,A,A,True
llama3-8b,T2,9367,physics,D,J,False
llama3-8b,T2,9369,physics,J,C,False
llama3-8b,T2,9373,physics,E,G,False
llama3-8b,T2,9374,physics,G,D,False
llama3-8b,T2,9376,physics,E,H,False
llama3-8b,T2,9380,physics,E,A,False
llama3-8b,T2,9383,physics,E,I,False
llama3-8b,T2,9385,physics,G,A,False
llama3-8b,T2,9388,physics,H,I,False
llama3-8b,T2,9389,physics,E,F,False
llama3-8b,T2,9392,physics,E,E,True
llama3-8b,T2,9395,physics,E,F,False
llama3-8b,T2,9396,physics,C,D,False
llama3-8b,T2,9398,physics,G,G,True
llama3-8b,T2,9400,physics,E,H,False
llama3-8b,T2,9401,physics,J,J,True
llama3-8b,T2,9402,physics,F,F,True
llama3-8b,T2,9403,physics,G,G,True
llama3-8b,T2,9412,physics,J,G,False
llama3-8b,T2,9414,physics,C,G,False
llama3-8b,T2,9416,physics,C,D,False
llama3-8b,T2,9422,physics,G,B,False
llama3-8b,T2,9423,physics,G,J,False
llama3-8b,T2,9424,physics,A,J,False
llama3-8b,T2,9427,physics,B,B,True
llama3-8b,T2,9430,physics,E,E,True
llama3-8b,T2,9431,physics,E,G,False
llama3-8b,T2,9438,physics,B,B,True
llama3-8b,T2,9440,physics,E,I,False
llama3-8b,T2,9443,physics,F,B,False
llama3-8b,T2,9453,physics,C,C,True
llama3-8b,T2,9454,physics,C,I,False
llama3-8b,T2,9456,physics,B,I,False
llama3-8b,T2,9457,physics,G,J,False
llama3-8b,T2,9459,physics,B,G,False
llama3-8b,T2,9460,physics,C,F,False
llama3-8b,T2,9465,physics,B,B,True
llama3-8b,T2,9471,physics,A,G,False
llama3-8b,T2,9473,physics,A,F,False
llama3-8b,T2,9474,physics,B,G,False
llama3-8b,T2,9475,physics,C,C,True
llama3-8b,T2,9476,physics,A,A,True
llama3-8b,T2,9477,physics,D,D,True
llama3-8b,T2,9479,physics,D,D,True
llama3-8b,T2,9482,physics,B,H,False
llama3-8b,T2,9487,physics,E,H,False
llama3-8b,T2,9488,physics,G,G,True
llama3-8b,T2,9495,physics,G,J,False
llama3-8b,T2,9498,physics,E,C,False
llama3-8b,T2,9499,physics,D,A,False
llama3-8b,T2,9501,physics,G,G,True
llama3-8b,T2,9503,physics,D,D,True
llama3-8b,T2,9504,physics,E,G,False
llama3-8b,T2,9506,physics,C,G,False
llama3-8b,T2,9510,physics,D,D,True
llama3-8b,T2,9512,physics,E,C,False
llama3-8b,T2,9513,physics,B,I,False
llama3-8b,T2,9514,physics,C,D,False
llama3-8b,T2,9515,physics,A,A,True
llama3-8b,T2,9517,physics,J,A,False
llama3-8b,T2,9518,physics,B,H,False
llama3-8b,T2,9519,physics,B,E,False
llama3-8b,T2,9523,physics,C,F,False
llama3-8b,T2,9526,physics,C,C,True
llama3-8b,T2,9531,physics,E,F,False
llama3-8b,T2,9532,physics,F,E,False
llama3-8b,T2,9535,physics,D,H,False
llama3-8b,T2,9536,physics,E,B,False
llama3-8b,T2,9540,physics,H,G,False
llama3-8b,T2,9545,physics,J,C,False
llama3-8b,T2,9551,physics,B,B,True
llama3-8b,T2,9557,physics,C,E,False
llama3-8b,T2,9559,physics,B,H,False
llama3-8b,T2,9561,physics,E,F,False
llama3-8b,T2,9563,physics,B,J,False
llama3-8b,T2,9564,physics,B,I,False
llama3-8b,T2,9568,physics,G,G,True
llama3-8b,T2,9569,physics,C,C,True
llama3-8b,T2,9571,physics,G,G,True
llama3-8b,T2,9572,physics,F,C,False
llama3-8b,T2,9576,physics,B,B,True
llama3-8b,T2,9578,physics,D,A,False
llama3-8b,T2,9580,physics,C,E,False
llama3-8b,T2,9582,physics,E,B,False
llama3-8b,T2,9585,physics,D,D,True
llama3-8b,T2,9588,physics,G,B,False
llama3-8b,T2,9589,physics,J,A,False
llama3-8b,T2,9591,physics,G,H,False
llama3-8b,T2,9592,physics,F,J,False
llama3-8b,T2,9594,physics,E,E,True
llama3-8b,T2,9607,physics,E,A,False
llama3-8b,T2,9610,physics,F,A,False
llama3-8b,T2,9611,physics,B,E,False
llama3-8b,T2,9613,physics,I,C,False
llama3-8b,T2,9614,physics,E,E,True
llama3-8b,T2,9615,physics,E,J,False
llama3-8b,T2,9618,physics,B,B,True
llama3-8b,T2,9620,physics,C,D,False
llama3-8b,T2,9621,physics,E,B,False
llama3-8b,T2,9622,physics,D,F,False
llama3-8b,T2,9624,physics,G,I,False
llama3-8b,T2,9625,physics,D,I,False
llama3-8b,T2,9627,physics,G,C,False
llama3-8b,T2,9628,physics,E,B,False
llama3-8b,T2,9630,physics,F,F,True
llama3-8b,T2,9636,physics,G,C,False
llama3-8b,T2,9637,physics,F,F,True
llama3-8b,T2,9639,physics,H,A,False
llama3-8b,T2,9640,physics,D,F,False
llama3-8b,T2,9642,physics,F,J,False
llama3-8b,T2,9644,physics,E,I,False
llama3-8b,T2,9645,physics,E,I,False
llama3-8b,T2,9648,physics,E,E,True
llama3-8b,T2,9649,physics,G,A,False
llama3-8b,T2,9651,physics,E,A,False
llama3-8b,T2,9653,physics,C,A,False
llama3-8b,T2,9659,physics,C,J,False
llama3-8b,T2,9666,physics,E,E,True
llama3-8b,T2,9668,physics,F,F,True
llama3-8b,T2,9669,physics,E,G,False
llama3-8b,T2,9670,physics,G,E,False
llama3-8b,T2,9672,physics,D,I,False
llama3-8b,T2,9673,physics,F,F,True
llama3-8b,T2,9674,physics,C,C,True
llama3-8b,T2,9676,physics,B,G,False
llama3-8b,T2,9677,physics,C,C,True
llama3-8b,T2,9685,physics,I,G,False
llama3-8b,T2,9686,physics,E,H,False
llama3-8b,T2,9687,physics,E,G,False
llama3-8b,T2,9688,physics,G,H,False
llama3-8b,T2,9696,physics,E,E,True
llama3-8b,T2,9697,physics,B,H,False
llama3-8b,T2,9703,physics,B,B,True
llama3-8b,T2,9706,physics,E,E,True
llama3-8b,T2,9711,physics,D,D,True
llama3-8b,T2,9712,physics,C,C,True
llama3-8b,T2,9713,physics,C,D,False
llama3-8b,T2,9715,physics,E,E,True
llama3-8b,T2,9721,physics,A,J,False
llama3-8b,T2,9723,physics,B,H,False
llama3-8b,T2,9726,physics,C,I,False
llama3-8b,T2,9731,physics,J,D,False
llama3-8b,T2,9736,physics,E,E,True
llama3-8b,T2,9740,physics,C,F,False
llama3-8b,T2,9743,physics,G,H,False
llama3-8b,T2,9744,physics,E,I,False
llama3-8b,T2,9749,physics,E,A,False
llama3-8b,T2,9751,physics,G,G,True
llama3-8b,T2,9755,physics,C,D,False
llama3-8b,T2,9757,physics,C,A,False
llama3-8b,T2,9758,physics,J,J,True
llama3-8b,T2,9759,physics,H,H,True
llama3-8b,T2,9761,physics,B,B,True
llama3-8b,T2,9764,physics,C,D,False
llama3-8b,T2,9765,physics,B,I,False
llama3-8b,T2,9767,physics,A,A,True
llama3-8b,T2,9769,physics,F,E,False
llama3-8b,T2,9771,physics,E,F,False
llama3-8b,T2,9773,physics,E,E,True
llama3-8b,T2,9774,physics,E,D,False
llama3-8b,T2,9776,physics,F,D,False
llama3-8b,T2,9777,physics,E,A,False
llama3-8b,T2,9778,physics,E,E,True
llama3-8b,T2,9780,physics,F,B,False
llama3-8b,T2,9785,physics,E,H,False
llama3-8b,T2,9786,physics,C,A,False
llama3-8b,T2,9789,physics,B,D,False
llama3-8b,T2,9795,physics,G,C,False
llama3-8b,T2,9800,physics,C,C,True
llama3-8b,T2,9802,physics,D,I,False
llama3-8b,T2,9804,physics,I,H,False
llama3-8b,T2,9807,physics,I,I,True
llama3-8b,T2,9809,physics,C,F,False
llama3-8b,T2,9817,physics,C,B,False
llama3-8b,T2,9818,physics,F,D,False
llama3-8b,T2,9819,physics,A,I,False
llama3-8b,T2,9824,physics,C,I,False
llama3-8b,T2,9825,physics,I,F,False
llama3-8b,T2,9827,physics,F,C,False
llama3-8b,T2,9831,physics,B,I,False
llama3-8b,T2,9832,physics,H,I,False
llama3-8b,T2,9833,physics,I,H,False
llama3-8b,T2,9837,physics,C,C,True
llama3-8b,T2,9838,physics,G,G,True
llama3-8b,T2,9839,physics,E,I,False
llama3-8b,T2,9843,physics,A,A,True
llama3-8b,T2,9844,physics,G,B,False
llama3-8b,T2,9845,physics,C,G,False
llama3-8b,T2,9849,physics,E,H,False
llama3-8b,T2,9850,physics,E,F,False
llama3-8b,T2,9852,physics,G,G,True
llama3-8b,T2,9854,physics,F,D,False
llama3-8b,T2,9856,physics,A,D,False
llama3-8b,T2,9861,physics,E,A,False
llama3-8b,T2,9862,physics,C,I,False
llama3-8b,T2,9863,physics,E,A,False
llama3-8b,T2,9864,physics,A,H,False
llama3-8b,T2,9867,physics,C,B,False
llama3-8b,T2,9874,physics,I,A,False
llama3-8b,T2,9875,physics,G,H,False
llama3-8b,T2,9876,physics,C,C,True
llama3-8b,T2,9885,physics,C,C,True
llama3-8b,T2,9889,physics,C,A,False
llama3-8b,T2,9890,physics,E,J,False
llama3-8b,T2,9897,physics,B,B,True
llama3-8b,T2,9902,physics,J,J,True
llama3-8b,T2,9904,physics,B,B,True
llama3-8b,T2,9908,physics,B,I,False
llama3-8b,T2,9911,physics,J,G,False
llama3-8b,T2,9913,physics,J,J,True
llama3-8b,T2,9914,physics,A,A,True
llama3-8b,T2,9920,physics,D,E,False
llama3-8b,T2,9923,physics,C,J,False
llama3-8b,T2,9930,physics,A,J,False
llama3-8b,T2,9939,physics,B,I,False
llama3-8b,T2,9942,physics,G,F,False
llama3-8b,T2,9943,physics,G,I,False
llama3-8b,T2,9946,physics,D,B,False
llama3-8b,T2,9949,physics,A,H,False
llama3-8b,T2,9953,physics,E,F,False
llama3-8b,T2,9954,physics,E,F,False
llama3-8b,T2,9955,physics,G,F,False
llama3-8b,T2,9957,physics,D,C,False
llama3-8b,T2,9958,physics,E,E,True
llama3-8b,T2,9959,physics,E,I,False
llama3-8b,T2,9960,physics,E,D,False
llama3-8b,T2,9962,physics,G,E,False
llama3-8b,T2,9964,physics,B,B,True
llama3-8b,T2,9967,physics,D,A,False
llama3-8b,T2,9968,physics,G,C,False
llama3-8b,T2,9973,physics,B,G,False
llama3-8b,T2,9976,physics,J,E,False
llama3-8b,T2,9981,physics,A,A,True
llama3-8b,T2,9986,physics,C,B,False
llama3-8b,T2,9988,physics,G,G,True
llama3-8b,T2,9994,physics,B,H,False
llama3-8b,T2,10004,physics,J,C,False
llama3-8b,T2,10011,physics,I,I,True
llama3-8b,T2,10012,physics,I,I,True
llama3-8b,T2,10014,physics,E,H,False
llama3-8b,T2,10016,physics,F,C,False
llama3-8b,T2,10017,physics,E,E,True
llama3-8b,T2,10018,physics,D,D,True
llama3-8b,T2,10020,physics,A,H,False
llama3-8b,T2,10021,physics,E,I,False
llama3-8b,T2,10022,physics,F,D,False
llama3-8b,T2,10029,physics,F,F,True
llama3-8b,T2,10032,physics,B,B,True
llama3-8b,T2,10033,physics,B,B,True
llama3-8b,T2,10034,physics,B,E,False
llama3-8b,T2,10038,physics,B,B,True
llama3-8b,T2,10040,physics,E,H,False
llama3-8b,T2,10041,physics,D,E,False
llama3-8b,T2,10042,physics,E,A,False
llama3-8b,T2,10043,physics,A,A,True
llama3-8b,T2,10049,physics,E,I,False
llama3-8b,T2,10050,physics,E,H,False
llama3-8b,T2,10052,physics,E,C,False
llama3-8b,T2,10058,physics,A,J,False
llama3-8b,T2,10059,physics,F,A,False
llama3-8b,T2,10060,physics,B,C,False
llama3-8b,T2,10063,physics,J,A,False
llama3-8b,T2,10069,physics,C,C,True
llama3-8b,T2,10070,physics,B,G,False
llama3-8b,T2,10076,physics,E,A,False
llama3-8b,T2,10079,physics,B,I,False
llama3-8b,T2,10083,physics,F,F,True
llama3-8b,T2,10086,physics,G,A,False
llama3-8b,T2,10089,physics,C,I,False
llama3-8b,T2,10091,physics,C,H,False
llama3-8b,T2,10092,physics,E,B,False
llama3-8b,T2,10095,physics,F,F,True
llama3-8b,T2,10099,physics,G,J,False
llama3-8b,T2,10100,physics,J,J,True
llama3-8b,T2,10102,physics,E,J,False
llama3-8b,T2,10105,physics,B,E,False
llama3-8b,T2,10110,physics,B,J,False
llama3-8b,T2,10113,physics,C,G,False
llama3-8b,T2,10116,physics,C,A,False
llama3-8b,T2,10118,physics,F,F,True
llama3-8b,T2,10121,physics,G,J,False
llama3-8b,T2,10123,physics,J,H,False
llama3-8b,T2,10126,physics,G,G,True
llama3-8b,T2,10135,physics,E,J,False
llama3-8b,T2,10139,physics,A,I,False
llama3-8b,T2,10140,physics,F,H,False
llama3-8b,T2,10143,physics,J,A,False
llama3-8b,T2,10144,physics,E,E,True
llama3-8b,T2,10147,physics,F,E,False
llama3-8b,T2,10149,physics,C,C,True
llama3-8b,T2,10150,physics,D,D,True
llama3-8b,T2,10151,physics,E,D,False
llama3-8b,T2,10152,physics,D,E,False
llama3-8b,T2,10153,physics,E,F,False
llama3-8b,T2,10155,physics,E,H,False
llama3-8b,T2,10162,physics,A,E,False
llama3-8b,T2,10165,physics,H,H,True
llama3-8b,T2,10168,physics,H,B,False
llama3-8b,T2,10173,physics,B,F,False
llama3-8b,T2,10180,physics,G,J,False
llama3-8b,T2,10182,physics,E,E,True
llama3-8b,T2,10188,physics,E,I,False
llama3-8b,T2,10190,physics,H,B,False
llama3-8b,T2,10191,physics,H,H,True
llama3-8b,T2,10193,physics,E,H,False
llama3-8b,T2,10194,physics,A,A,True
llama3-8b,T2,10195,physics,H,H,True
llama3-8b,T2,10199,physics,C,D,False
llama3-8b,T2,10201,physics,E,D,False
llama3-8b,T2,10206,physics,D,A,False
llama3-8b,T2,10207,physics,I,I,True
llama3-8b,T2,10209,physics,D,B,False
llama3-8b,T2,10211,physics,I,I,True
llama3-8b,T2,10213,physics,J,A,False
llama3-8b,T2,10220,physics,C,J,False
llama3-8b,T2,10226,physics,E,D,False
llama3-8b,T2,10229,physics,F,I,False
llama3-8b,T2,10235,physics,E,A,False
llama3-8b,T2,10237,physics,C,J,False
llama3-8b,T2,10240,physics,E,G,False
llama3-8b,T2,10241,physics,D,G,False
llama3-8b,T2,10243,physics,B,J,False
llama3-8b,T2,10249,physics,C,J,False
llama3-8b,T2,10250,physics,F,B,False
llama3-8b,T2,10251,physics,F,E,False
llama3-8b,T2,10253,physics,B,A,False
llama3-8b,T2,10255,physics,F,J,False
llama3-8b,T2,10259,physics,H,J,False
llama3-8b,T2,10260,physics,D,H,False
llama3-8b,T2,10261,physics,F,F,True
llama3-8b,T2,10268,physics,G,A,False
llama3-8b,T2,10273,physics,F,A,False
llama3-8b,T2,10274,physics,I,I,True
llama3-8b,T2,10276,physics,E,B,False
llama3-8b,T2,10283,physics,A,I,False
llama3-8b,T2,10286,physics,E,D,False
llama3-8b,T2,10287,physics,D,A,False
llama3-8b,T2,10292,physics,C,G,False
llama3-8b,T2,10293,physics,D,I,False
llama3-8b,T2,10295,physics,E,G,False
llama3-8b,T2,10298,physics,C,C,True
llama3-8b,T2,10299,physics,E,E,True
llama3-8b,T2,10307,physics,J,C,False
llama3-8b,T2,10308,physics,E,E,True
llama3-8b,T2,10310,physics,E,C,False
llama3-8b,T2,10311,physics,G,F,False
llama3-8b,T2,10314,physics,F,F,True
llama3-8b,T2,10316,physics,G,J,False
llama3-8b,T2,10317,physics,I,F,False
llama3-8b,T2,10318,physics,G,G,True
llama3-8b,T2,10319,physics,F,B,False
llama3-8b,T2,10320,physics,D,J,False
llama3-8b,T2,10322,physics,G,A,False
llama3-8b,T2,10324,physics,G,D,False
llama3-8b,T2,10326,physics,H,B,False
llama3-8b,T2,10330,physics,C,C,True
llama3-8b,T2,10333,physics,A,C,False
llama3-8b,T2,10335,physics,H,H,True
llama3-8b,T2,10336,physics,F,E,False
llama3-8b,T2,10337,physics,G,G,True
llama3-8b,T2,10340,physics,E,D,False
llama3-8b,T2,10344,physics,B,A,False
llama3-8b,T2,10345,physics,J,G,False
llama3-8b,T2,10346,physics,D,I,False
llama3-8b,T2,10348,physics,C,J,False
llama3-8b,T2,10349,physics,G,A,False
llama3-8b,T2,10350,physics,B,B,True
llama3-8b,T2,10352,physics,D,D,True
llama3-8b,T2,10353,physics,C,H,False
llama3-8b,T2,10354,physics,E,H,False
llama3-8b,T2,10355,physics,E,E,True
llama3-8b,T2,866,law,E,D,False
llama3-8b,T2,867,law,E,B,False
llama3-8b,T2,871,law,C,C,True
llama3-8b,T2,872,law,E,G,False
llama3-8b,T2,873,law,B,E,False
llama3-8b,T2,874,law,E,A,False
llama3-8b,T2,876,law,B,I,False
llama3-8b,T2,879,law,I,A,False
llama3-8b,T2,885,law,G,C,False
llama3-8b,T2,889,law,D,C,False
llama3-8b,T2,890,law,C,G,False
llama3-8b,T2,894,law,D,H,False
llama3-8b,T2,895,law,E,H,False
llama3-8b,T2,896,law,B,G,False
llama3-8b,T2,899,law,F,G,False
llama3-8b,T2,902,law,I,I,True
llama3-8b,T2,903,law,B,B,True
llama3-8b,T2,905,law,D,A,False
llama3-8b,T2,907,law,I,J,False
llama3-8b,T2,908,law,I,B,False
llama3-8b,T2,909,law,A,B,False
llama3-8b,T2,913,law,A,E,False
llama3-8b,T2,915,law,E,G,False
llama3-8b,T2,917,law,F,I,False
llama3-8b,T2,918,law,F,J,False
llama3-8b,T2,919,law,B,E,False
llama3-8b,T2,922,law,D,D,True
llama3-8b,T2,923,law,D,F,False
llama3-8b,T2,924,law,J,J,True
llama3-8b,T2,925,law,J,J,True
llama3-8b,T2,933,law,I,H,False
llama3-8b,T2,937,law,B,D,False
llama3-8b,T2,939,law,G,G,True
llama3-8b,T2,942,law,F,F,True
llama3-8b,T2,943,law,H,F,False
llama3-8b,T2,944,law,D,D,True
llama3-8b,T2,946,law,E,B,False
llama3-8b,T2,952,law,H,D,False
llama3-8b,T2,954,law,G,E,False
llama3-8b,T2,955,law,G,A,False
llama3-8b,T2,958,law,J,J,True
llama3-8b,T2,959,law,A,A,True
llama3-8b,T2,965,law,G,F,False
llama3-8b,T2,969,law,I,I,True
llama3-8b,T2,971,law,H,C,False
llama3-8b,T2,973,law,H,H,True
llama3-8b,T2,974,law,F,G,False
llama3-8b,T2,975,law,G,D,False
llama3-8b,T2,976,law,G,E,False
llama3-8b,T2,981,law,C,I,False
llama3-8b,T2,983,law,D,G,False
llama3-8b,T2,984,law,F,B,False
llama3-8b,T2,985,law,D,G,False
llama3-8b,T2,986,law,J,B,False
llama3-8b,T2,988,law,G,B,False
llama3-8b,T2,990,law,E,G,False
llama3-8b,T2,991,law,A,E,False
llama3-8b,T2,994,law,F,H,False
llama3-8b,T2,995,law,E,F,False
llama3-8b,T2,1000,law,G,A,False
llama3-8b,T2,1004,law,H,F,False
llama3-8b,T2,1005,law,E,D,False
llama3-8b,T2,1007,law,C,A,False
llama3-8b,T2,1008,law,G,J,False
llama3-8b,T2,1010,law,A,E,False
llama3-8b,T2,1015,law,C,F,False
llama3-8b,T2,1016,law,G,H,False
llama3-8b,T2,1017,law,B,B,True
llama3-8b,T2,1019,law,E,A,False
llama3-8b,T2,1032,law,B,D,False
llama3-8b,T2,1036,law,D,B,False
llama3-8b,T2,1038,law,E,B,False
llama3-8b,T2,1040,law,F,I,False
llama3-8b,T2,1041,law,A,I,False
llama3-8b,T2,1042,law,I,E,False
llama3-8b,T2,1044,law,A,B,False
llama3-8b,T2,1045,law,G,E,False
llama3-8b,T2,1050,law,A,A,True
llama3-8b,T2,1051,law,F,D,False
llama3-8b,T2,1052,law,G,A,False
llama3-8b,T2,1053,law,J,B,False
llama3-8b,T2,1055,law,J,C,False
llama3-8b,T2,1061,law,F,F,True
llama3-8b,T2,1063,law,G,A,False
llama3-8b,T2,1064,law,J,A,False
llama3-8b,T2,1065,law,F,F,True
llama3-8b,T2,1067,law,J,J,True
llama3-8b,T2,1068,law,E,B,False
llama3-8b,T2,1069,law,F,F,True
llama3-8b,T2,1070,law,D,E,False
llama3-8b,T2,1071,law,C,A,False
llama3-8b,T2,1072,law,F,F,True
llama3-8b,T2,1073,law,F,F,True
llama3-8b,T2,1076,law,D,D,True
llama3-8b,T2,1077,law,D,I,False
llama3-8b,T2,1078,law,C,B,False
llama3-8b,T2,1079,law,G,I,False
llama3-8b,T2,1083,law,I,A,False
llama3-8b,T2,1084,law,D,J,False
llama3-8b,T2,1085,law,C,I,False
llama3-8b,T2,1086,law,A,C,False
llama3-8b,T2,1090,law,F,A,False
llama3-8b,T2,1091,law,C,A,False
llama3-8b,T2,1094,law,J,A,False
llama3-8b,T2,1096,law,J,A,False
llama3-8b,T2,1099,law,C,I,False
llama3-8b,T2,1100,law,E,D,False
llama3-8b,T2,1101,law,E,E,True
llama3-8b,T2,1103,law,J,G,False
llama3-8b,T2,1106,law,B,C,False
llama3-8b,T2,1108,law,D,G,False
llama3-8b,T2,1110,law,I,I,True
llama3-8b,T2,1114,law,C,B,False
llama3-8b,T2,1116,law,B,A,False
llama3-8b,T2,1117,law,G,D,False
llama3-8b,T2,1123,law,D,D,True
llama3-8b,T2,1124,law,C,C,True
llama3-8b,T2,1132,law,G,F,False
llama3-8b,T2,1136,law,I,H,False
llama3-8b,T2,1137,law,E,C,False
llama3-8b,T2,1139,law,G,I,False
llama3-8b,T2,1142,law,G,I,False
llama3-8b,T2,1143,law,B,A,False
llama3-8b,T2,1144,law,E,E,True
llama3-8b,T2,1145,law,J,J,True
llama3-8b,T2,1146,law,E,E,True
llama3-8b,T2,1147,law,G,C,False
llama3-8b,T2,1154,law,C,D,False
llama3-8b,T2,1155,law,G,G,True
llama3-8b,T2,1156,law,C,C,True
llama3-8b,T2,1158,law,I,C,False
llama3-8b,T2,1159,law,G,D,False
llama3-8b,T2,1161,law,I,I,True
llama3-8b,T2,1162,law,F,F,True
llama3-8b,T2,1163,law,G,D,False
llama3-8b,T2,1165,law,C,C,True
llama3-8b,T2,1168,law,F,H,False
llama3-8b,T2,1169,law,D,F,False
llama3-8b,T2,1172,law,A,A,True
llama3-8b,T2,1174,law,I,B,False
llama3-8b,T2,1179,law,H,F,False
llama3-8b,T2,1183,law,F,A,False
llama3-8b,T2,1184,law,F,I,False
llama3-8b,T2,1185,law,F,I,False
llama3-8b,T2,1187,law,J,F,False
llama3-8b,T2,1189,law,C,E,False
llama3-8b,T2,1190,law,I,E,False
llama3-8b,T2,1191,law,H,J,False
llama3-8b,T2,1193,law,C,A,False
llama3-8b,T2,1195,law,B,J,False
llama3-8b,T2,1199,law,E,J,False
llama3-8b,T2,1203,law,B,I,False
llama3-8b,T2,1204,law,F,F,True
llama3-8b,T2,1205,law,C,H,False
llama3-8b,T2,1206,law,A,D,False
llama3-8b,T2,1207,law,C,H,False
llama3-8b,T2,1208,law,F,A,False
llama3-8b,T2,1209,law,H,I,False
llama3-8b,T2,1211,law,G,C,False
llama3-8b,T2,1212,law,A,A,True
llama3-8b,T2,1214,law,C,H,False
llama3-8b,T2,1215,law,D,J,False
llama3-8b,T2,1216,law,I,H,False
llama3-8b,T2,1218,law,E,E,True
llama3-8b,T2,1220,law,E,A,False
llama3-8b,T2,1221,law,J,G,False
llama3-8b,T2,1223,law,B,G,False
llama3-8b,T2,1227,law,B,I,False
llama3-8b,T2,1228,law,G,G,True
llama3-8b,T2,1229,law,D,H,False
llama3-8b,T2,1231,law,B,B,True
llama3-8b,T2,1237,law,D,G,False
llama3-8b,T2,1241,law,A,I,False
llama3-8b,T2,1243,law,E,B,False
llama3-8b,T2,1244,law,J,G,False
llama3-8b,T2,1245,law,I,I,True
llama3-8b,T2,1248,law,F,D,False
llama3-8b,T2,1252,law,C,A,False
llama3-8b,T2,1255,law,I,A,False
llama3-8b,T2,1259,law,J,H,False
llama3-8b,T2,1261,law,C,G,False
llama3-8b,T2,1263,law,B,B,True
llama3-8b,T2,1266,law,C,C,True
llama3-8b,T2,1267,law,D,E,False
llama3-8b,T2,1268,law,D,D,True
llama3-8b,T2,1276,law,A,A,True
llama3-8b,T2,1278,law,B,I,False
llama3-8b,T2,1279,law,F,F,True
llama3-8b,T2,1281,law,E,G,False
llama3-8b,T2,1283,law,I,I,True
llama3-8b,T2,1288,law,G,G,True
llama3-8b,T2,1291,law,F,E,False
llama3-8b,T2,1292,law,D,H,False
llama3-8b,T2,1294,law,H,H,True
llama3-8b,T2,1295,law,E,E,True
llama3-8b,T2,1302,law,G,G,True
llama3-8b,T2,1303,law,G,A,False
llama3-8b,T2,1304,law,G,A,False
llama3-8b,T2,1305,law,G,G,True
llama3-8b,T2,1307,law,C,A,False
llama3-8b,T2,1308,law,C,I,False
llama3-8b,T2,1309,law,E,E,True
llama3-8b,T2,1311,law,J,I,False
llama3-8b,T2,1317,law,I,I,True
llama3-8b,T2,1318,law,D,E,False
llama3-8b,T2,1319,law,F,A,False
llama3-8b,T2,1320,law,I,A,False
llama3-8b,T2,1322,law,I,I,True
llama3-8b,T2,1323,law,E,A,False
llama3-8b,T2,1324,law,D,B,False
llama3-8b,T2,1325,law,G,G,True
llama3-8b,T2,1326,law,J,J,True
llama3-8b,T2,1328,law,G,A,False
llama3-8b,T2,1336,law,E,J,False
llama3-8b,T2,1339,law,E,A,False
llama3-8b,T2,1344,law,F,F,True
llama3-8b,T2,1348,law,F,I,False
llama3-8b,T2,1350,law,H,H,True
llama3-8b,T2,1353,law,D,D,True
llama3-8b,T2,1356,law,C,B,False
llama3-8b,T2,1357,law,H,I,False
llama3-8b,T2,1359,law,A,A,True
llama3-8b,T2,1362,law,F,D,False
llama3-8b,T2,1363,law,F,F,True
llama3-8b,T2,1364,law,G,G,True
llama3-8b,T2,1365,law,B,H,False
llama3-8b,T2,1366,law,F,J,False
llama3-8b,T2,1368,law,G,G,True
llama3-8b,T2,1371,law,E,F,False
llama3-8b,T2,1372,law,H,J,False
llama3-8b,T2,1373,law,C,C,True
llama3-8b,T2,1375,law,D,G,False
llama3-8b,T2,1376,law,I,I,True
llama3-8b,T2,1380,law,A,C,False
llama3-8b,T2,1386,law,E,I,False
llama3-8b,T2,1388,law,C,I,False
llama3-8b,T2,1391,law,A,A,True
llama3-8b,T2,1393,law,I,B,False
llama3-8b,T2,1395,law,B,B,True
llama3-8b,T2,1398,law,C,B,False
llama3-8b,T2,1399,law,J,D,False
llama3-8b,T2,1401,law,E,G,False
llama3-8b,T2,1403,law,A,F,False
llama3-8b,T2,1404,law,A,I,False
llama3-8b,T2,1406,law,E,B,False
llama3-8b,T2,1410,law,G,H,False
llama3-8b,T2,1411,law,I,E,False
llama3-8b,T2,1413,law,B,F,False
llama3-8b,T2,1415,law,B,E,False
llama3-8b,T2,1418,law,C,B,False
llama3-8b,T2,1419,law,D,F,False
llama3-8b,T2,1420,law,C,H,False
llama3-8b,T2,1422,law,G,G,True
llama3-8b,T2,1423,law,D,G,False
llama3-8b,T2,1424,law,I,H,False
llama3-8b,T2,1425,law,A,A,True
llama3-8b,T2,1426,law,C,B,False
llama3-8b,T2,1427,law,D,J,False
llama3-8b,T2,1429,law,A,A,True
llama3-8b,T2,1431,law,D,D,True
llama3-8b,T2,1433,law,H,D,False
llama3-8b,T2,1437,law,B,J,False
llama3-8b,T2,1440,law,B,B,True
llama3-8b,T2,1441,law,I,H,False
llama3-8b,T2,1445,law,H,D,False
llama3-8b,T2,1446,law,I,G,False
llama3-8b,T2,1447,law,B,F,False
llama3-8b,T2,1449,law,G,G,True
llama3-8b,T2,1450,law,E,I,False
llama3-8b,T2,1452,law,E,D,False
llama3-8b,T2,1463,law,G,J,False
llama3-8b,T2,1464,law,J,H,False
llama3-8b,T2,1465,law,E,F,False
llama3-8b,T2,1468,law,A,E,False
llama3-8b,T2,1472,law,G,J,False
llama3-8b,T2,1473,law,A,I,False
llama3-8b,T2,1474,law,F,I,False
llama3-8b,T2,1475,law,B,B,True
llama3-8b,T2,1476,law,F,D,False
llama3-8b,T2,1479,law,A,A,True
llama3-8b,T2,1482,law,D,E,False
llama3-8b,T2,1483,law,C,G,False
llama3-8b,T2,1484,law,G,J,False
llama3-8b,T2,1486,law,F,F,True
llama3-8b,T2,1488,law,I,G,False
llama3-8b,T2,1491,law,H,H,True
llama3-8b,T2,1492,law,E,E,True
llama3-8b,T2,1496,law,C,C,True
llama3-8b,T2,1500,law,E,D,False
llama3-8b,T2,1503,law,G,F,False
llama3-8b,T2,1504,law,E,H,False
llama3-8b,T2,1505,law,E,I,False
llama3-8b,T2,1506,law,E,H,False
llama3-8b,T2,1507,law,F,H,False
llama3-8b,T2,1508,law,D,F,False
llama3-8b,T2,1510,law,I,F,False
llama3-8b,T2,1513,law,G,D,False
llama3-8b,T2,1514,law,G,H,False
llama3-8b,T2,1515,law,G,I,False
llama3-8b,T2,1516,law,G,D,False
llama3-8b,T2,1521,law,G,I,False
llama3-8b,T2,1523,law,C,D,False
llama3-8b,T2,1524,law,B,F,False
llama3-8b,T2,1526,law,E,I,False
llama3-8b,T2,1527,law,E,C,False
llama3-8b,T2,1530,law,J,I,False
llama3-8b,T2,1531,law,I,A,False
llama3-8b,T2,1533,law,E,J,False
llama3-8b,T2,1534,law,A,A,True
llama3-8b,T2,1536,law,H,F,False
llama3-8b,T2,1537,law,C,G,False
llama3-8b,T2,1539,law,C,H,False
llama3-8b,T2,1540,law,G,I,False
llama3-8b,T2,1547,law,I,G,False
llama3-8b,T2,1548,law,B,E,False
llama3-8b,T2,1550,law,C,G,False
llama3-8b,T2,1551,law,J,I,False
llama3-8b,T2,1555,law,C,F,False
llama3-8b,T2,1559,law,H,C,False
llama3-8b,T2,1560,law,D,A,False
llama3-8b,T2,1562,law,H,A,False
llama3-8b,T2,1563,law,A,A,True
llama3-8b,T2,1564,law,C,C,True
llama3-8b,T2,1565,law,A,A,True
llama3-8b,T2,1567,law,E,H,False
llama3-8b,T2,1574,law,B,F,False
llama3-8b,T2,1577,law,I,E,False
llama3-8b,T2,1580,law,C,A,False
llama3-8b,T2,1585,law,E,C,False
llama3-8b,T2,1586,law,B,E,False
llama3-8b,T2,1588,law,A,I,False
llama3-8b,T2,1590,law,D,F,False
llama3-8b,T2,1592,law,G,C,False
llama3-8b,T2,1595,law,J,J,True
llama3-8b,T2,1598,law,F,A,False
llama3-8b,T2,1599,law,I,I,True
llama3-8b,T2,1601,law,F,G,False
llama3-8b,T2,1602,law,I,E,False
llama3-8b,T2,1605,law,J,D,False
llama3-8b,T2,1606,law,I,E,False
llama3-8b,T2,1607,law,F,H,False
llama3-8b,T2,1608,law,H,C,False
llama3-8b,T2,1609,law,E,E,True
llama3-8b,T2,1612,law,F,E,False
llama3-8b,T2,1613,law,I,I,True
llama3-8b,T2,1614,law,E,E,True
llama3-8b,T2,1615,law,A,H,False
llama3-8b,T2,1619,law,F,G,False
llama3-8b,T2,1620,law,D,D,True
llama3-8b,T2,1621,law,I,G,False
llama3-8b,T2,1624,law,I,E,False
llama3-8b,T2,1634,law,B,B,True
llama3-8b,T2,1638,law,B,J,False
llama3-8b,T2,1639,law,J,C,False
llama3-8b,T2,1641,law,H,E,False
llama3-8b,T2,1642,law,E,C,False
llama3-8b,T2,1643,law,A,G,False
llama3-8b,T2,1644,law,I,I,True
llama3-8b,T2,1646,law,E,I,False
llama3-8b,T2,1647,law,F,A,False
llama3-8b,T2,1648,law,H,C,False
llama3-8b,T2,1652,law,C,I,False
llama3-8b,T2,1659,law,C,H,False
llama3-8b,T2,1660,law,I,G,False
llama3-8b,T2,1663,law,B,J,False
llama3-8b,T2,1664,law,H,C,False
llama3-8b,T2,1668,law,D,G,False
llama3-8b,T2,1669,law,I,E,False
llama3-8b,T2,1674,law,F,E,False
llama3-8b,T2,1675,law,H,G,False
llama3-8b,T2,1677,law,F,J,False
llama3-8b,T2,1678,law,F,C,False
llama3-8b,T2,1679,law,C,I,False
llama3-8b,T2,1681,law,E,A,False
llama3-8b,T2,1683,law,B,G,False
llama3-8b,T2,1688,law,H,J,False
llama3-8b,T2,1689,law,G,A,False
llama3-8b,T2,1691,law,E,J,False
llama3-8b,T2,1693,law,E,E,True
llama3-8b,T2,1695,law,D,I,False
llama3-8b,T2,1696,law,J,B,False
llama3-8b,T2,1697,law,F,C,False
llama3-8b,T2,1702,law,B,C,False
llama3-8b,T2,1704,law,E,G,False
llama3-8b,T2,1706,law,C,C,True
llama3-8b,T2,1707,law,B,H,False
llama3-8b,T2,1708,law,B,G,False
llama3-8b,T2,1709,law,H,B,False
llama3-8b,T2,1710,law,F,E,False
llama3-8b,T2,1711,law,I,E,False
llama3-8b,T2,1713,law,G,H,False
llama3-8b,T2,1714,law,H,B,False
llama3-8b,T2,1720,law,C,G,False
llama3-8b,T2,1721,law,D,A,False
llama3-8b,T2,1723,law,F,J,False
llama3-8b,T2,1725,law,C,B,False
llama3-8b,T2,1726,law,C,C,True
llama3-8b,T2,1735,law,G,F,False
llama3-8b,T2,1737,law,J,B,False
llama3-8b,T2,1740,law,J,D,False
llama3-8b,T2,1741,law,E,E,True
llama3-8b,T2,1745,law,A,A,True
llama3-8b,T2,1747,law,I,B,False
llama3-8b,T2,1748,law,D,D,True
llama3-8b,T2,1749,law,E,B,False
llama3-8b,T2,1751,law,A,J,False
llama3-8b,T2,1752,law,I,A,False
llama3-8b,T2,1754,law,E,E,True
llama3-8b,T2,1760,law,A,A,True
llama3-8b,T2,1764,law,G,A,False
llama3-8b,T2,1765,law,I,J,False
llama3-8b,T2,1769,law,E,H,False
llama3-8b,T2,1770,law,D,D,True
llama3-8b,T2,1771,law,G,G,True
llama3-8b,T2,1772,law,C,J,False
llama3-8b,T2,1773,law,B,I,False
llama3-8b,T2,1775,law,J,E,False
llama3-8b,T2,1776,law,H,J,False
llama3-8b,T2,1778,law,D,J,False
llama3-8b,T2,1779,law,J,H,False
llama3-8b,T2,1782,law,G,C,False
llama3-8b,T2,1785,law,A,A,True
llama3-8b,T2,1787,law,C,C,True
llama3-8b,T2,1788,law,G,J,False
llama3-8b,T2,1793,law,A,G,False
llama3-8b,T2,1796,law,E,E,True
llama3-8b,T2,1797,law,E,J,False
llama3-8b,T2,1798,law,F,F,True
llama3-8b,T2,1802,law,C,C,True
llama3-8b,T2,1803,law,D,J,False
llama3-8b,T2,1804,law,E,H,False
llama3-8b,T2,1810,law,F,I,False
llama3-8b,T2,1813,law,J,C,False
llama3-8b,T2,1817,law,F,F,True
llama3-8b,T2,1820,law,D,D,True
llama3-8b,T2,1826,law,I,A,False
llama3-8b,T2,1827,law,I,B,False
llama3-8b,T2,1829,law,D,C,False
llama3-8b,T2,1831,law,F,J,False
llama3-8b,T2,1832,law,D,G,False
llama3-8b,T2,1834,law,F,E,False
llama3-8b,T2,1835,law,C,B,False
llama3-8b,T2,1836,law,E,E,True
llama3-8b,T2,1837,law,B,B,True
llama3-8b,T2,1838,law,E,G,False
llama3-8b,T2,1839,law,B,B,True
llama3-8b,T2,1842,law,E,D,False
llama3-8b,T2,1848,law,E,B,False
llama3-8b,T2,1849,law,D,E,False
llama3-8b,T2,1851,law,C,G,False
llama3-8b,T2,1852,law,G,H,False
llama3-8b,T2,1853,law,I,J,False
llama3-8b,T2,1854,law,E,F,False
llama3-8b,T2,1855,law,A,H,False
llama3-8b,T2,1857,law,F,J,False
llama3-8b,T2,1860,law,I,F,False
llama3-8b,T2,1864,law,B,J,False
llama3-8b,T2,1868,law,F,C,False
llama3-8b,T2,1869,law,B,E,False
llama3-8b,T2,1871,law,A,H,False
llama3-8b,T2,1873,law,B,A,False
llama3-8b,T2,1876,law,E,E,True
llama3-8b,T2,1878,law,E,E,True
llama3-8b,T2,1879,law,I,I,True
llama3-8b,T2,1886,law,F,I,False
llama3-8b,T2,1891,law,G,H,False
llama3-8b,T2,1892,law,A,A,True
llama3-8b,T2,1895,law,G,C,False
llama3-8b,T2,1898,law,D,G,False
llama3-8b,T2,1914,law,C,C,True
llama3-8b,T2,1915,law,H,C,False
llama3-8b,T2,1917,law,E,A,False
llama3-8b,T2,1918,law,F,H,False
llama3-8b,T2,1919,law,G,I,False
llama3-8b,T2,1928,law,J,E,False
llama3-8b,T2,1931,law,A,C,False
llama3-8b,T2,1932,law,I,D,False
llama3-8b,T2,1935,law,C,H,False
llama3-8b,T2,1936,law,F,I,False
llama3-8b,T2,1940,law,G,G,True
llama3-8b,T2,1942,law,I,I,True
llama3-8b,T2,1943,law,A,G,False
llama3-8b,T2,1944,law,D,E,False
llama3-8b,T2,1947,law,C,F,False
llama3-8b,T2,1949,law,D,D,True
llama3-8b,T2,1953,law,G,A,False
llama3-8b,T2,1954,law,B,B,True
llama3-8b,T2,1956,law,D,H,False
llama3-8b,T2,1962,law,D,D,True
llama3-8b,T2,1964,law,G,G,True
llama3-8b,T2,1965,law,F,J,False
llama3-8b,T2,1966,law,I,G,False
llama3-8b,T2,1967,law,G,E,False
llama3-8b,T2,1968,law,H,G,False
llama3-8b,T2,1970,law,C,F,False
llama3-8b,T2,1971,law,F,D,False
llama3-8b,T2,1977,law,B,H,False
llama3-8b,T2,1982,law,G,G,True
llama3-8b,T2,1983,law,A,I,False
llama3-8b,T2,1984,law,F,A,False
llama3-8b,T2,1990,psychology,C,B,False
llama3-8b,T2,1993,psychology,G,J,False
llama3-8b,T2,1995,psychology,G,G,True
llama3-8b,T2,1998,psychology,H,B,False
llama3-8b,T2,2003,psychology,C,C,True
llama3-8b,T2,2004,psychology,G,E,False
llama3-8b,T2,2005,psychology,D,D,True
llama3-8b,T2,2006,psychology,H,A,False
llama3-8b,T2,2008,psychology,A,A,True
llama3-8b,T2,2009,psychology,G,H,False
llama3-8b,T2,2010,psychology,H,A,False
llama3-8b,T2,2011,psychology,C,C,True
llama3-8b,T2,2013,psychology,E,A,False
llama3-8b,T2,2014,psychology,B,B,True
llama3-8b,T2,2015,psychology,J,J,True
llama3-8b,T2,2016,psychology,F,C,False
llama3-8b,T2,2018,psychology,C,J,False
llama3-8b,T2,2019,psychology,B,I,False
llama3-8b,T2,2020,psychology,B,B,True
llama3-8b,T2,2021,psychology,I,I,True
llama3-8b,T2,2022,psychology,D,I,False
llama3-8b,T2,2023,psychology,B,E,False
llama3-8b,T2,2024,psychology,A,G,False
llama3-8b,T2,2027,psychology,G,G,True
llama3-8b,T2,2028,psychology,J,G,False
llama3-8b,T2,2030,psychology,F,F,True
llama3-8b,T2,2032,psychology,J,I,False
llama3-8b,T2,2034,psychology,G,H,False
llama3-8b,T2,2035,psychology,F,F,True
llama3-8b,T2,2036,psychology,F,F,True
llama3-8b,T2,2037,psychology,F,F,True
llama3-8b,T2,2042,psychology,I,I,True
llama3-8b,T2,2045,psychology,I,A,False
llama3-8b,T2,2048,psychology,F,F,True
llama3-8b,T2,2049,psychology,B,B,True
llama3-8b,T2,2050,psychology,I,D,False
llama3-8b,T2,2051,psychology,F,F,True
llama3-8b,T2,2053,psychology,F,F,True
llama3-8b,T2,2054,psychology,B,B,True
llama3-8b,T2,2055,psychology,G,G,True
llama3-8b,T2,2058,psychology,C,C,True
llama3-8b,T2,2059,psychology,J,C,False
llama3-8b,T2,2063,psychology,G,G,True
llama3-8b,T2,2064,psychology,E,E,True
llama3-8b,T2,2065,psychology,C,H,False
llama3-8b,T2,2066,psychology,A,E,False
llama3-8b,T2,2067,psychology,A,B,False
llama3-8b,T2,2068,psychology,E,I,False
llama3-8b,T2,2071,psychology,H,D,False
llama3-8b,T2,2072,psychology,C,B,False
llama3-8b,T2,2073,psychology,C,C,True
llama3-8b,T2,2074,psychology,H,C,False
llama3-8b,T2,2077,psychology,F,F,True
llama3-8b,T2,2078,psychology,H,J,False
llama3-8b,T2,2080,psychology,F,D,False
llama3-8b,T2,2081,psychology,F,G,False
llama3-8b,T2,2082,psychology,F,F,True
llama3-8b,T2,2084,psychology,G,G,True
llama3-8b,T2,2085,psychology,A,B,False
llama3-8b,T2,2087,psychology,G,G,True
llama3-8b,T2,2088,psychology,B,J,False
llama3-8b,T2,2089,psychology,E,E,True
llama3-8b,T2,2090,psychology,F,J,False
llama3-8b,T2,2091,psychology,I,J,False
llama3-8b,T2,2092,psychology,A,E,False
llama3-8b,T2,2096,psychology,A,A,True
llama3-8b,T2,2097,psychology,B,B,True
llama3-8b,T2,2101,psychology,A,A,True
llama3-8b,T2,2102,psychology,B,B,True
llama3-8b,T2,2104,psychology,J,J,True
llama3-8b,T2,2106,psychology,G,G,True
llama3-8b,T2,2110,psychology,J,J,True
llama3-8b,T2,2111,psychology,A,A,True
llama3-8b,T2,2114,psychology,D,J,False
llama3-8b,T2,2115,psychology,I,I,True
llama3-8b,T2,2116,psychology,B,B,True
llama3-8b,T2,2118,psychology,J,J,True
llama3-8b,T2,2119,psychology,E,E,True
llama3-8b,T2,2120,psychology,F,F,True
llama3-8b,T2,2121,psychology,F,F,True
llama3-8b,T2,2122,psychology,A,A,True
llama3-8b,T2,2123,psychology,B,B,True
llama3-8b,T2,2124,psychology,G,G,True
llama3-8b,T2,2125,psychology,E,E,True
llama3-8b,T2,2126,psychology,A,A,True
llama3-8b,T2,2127,psychology,B,B,True
llama3-8b,T2,2128,psychology,I,I,True
llama3-8b,T2,2130,psychology,E,E,True
llama3-8b,T2,2132,psychology,C,C,True
llama3-8b,T2,2133,psychology,A,H,False
llama3-8b,T2,2134,psychology,F,J,False
llama3-8b,T2,2137,psychology,C,A,False
llama3-8b,T2,2138,psychology,D,D,True
llama3-8b,T2,2139,psychology,B,A,False
llama3-8b,T2,2143,psychology,I,G,False
llama3-8b,T2,2144,psychology,B,D,False
llama3-8b,T2,2147,psychology,D,J,False
llama3-8b,T2,2148,psychology,F,F,True
llama3-8b,T2,2150,psychology,D,F,False
llama3-8b,T2,2152,psychology,F,B,False
llama3-8b,T2,2153,psychology,E,D,False
llama3-8b,T2,2159,psychology,B,H,False
llama3-8b,T2,2160,psychology,H,E,False
llama3-8b,T2,2161,psychology,J,B,False
llama3-8b,T2,2162,psychology,C,D,False
llama3-8b,T2,2163,psychology,F,H,False
llama3-8b,T2,2166,psychology,D,G,False
llama3-8b,T2,2167,psychology,D,I,False
llama3-8b,T2,2168,psychology,G,G,True
llama3-8b,T2,2170,psychology,J,H,False
llama3-8b,T2,2171,psychology,E,E,True
llama3-8b,T2,2172,psychology,D,E,False
llama3-8b,T2,2173,psychology,B,D,False
llama3-8b,T2,2174,psychology,A,A,True
llama3-8b,T2,2175,psychology,D,G,False
llama3-8b,T2,2176,psychology,G,A,False
llama3-8b,T2,2178,psychology,E,F,False
llama3-8b,T2,2179,psychology,F,F,True
llama3-8b,T2,2180,psychology,A,H,False
llama3-8b,T2,2183,psychology,B,B,True
llama3-8b,T2,2185,psychology,D,D,True
llama3-8b,T2,2187,psychology,D,D,True
llama3-8b,T2,2188,psychology,J,J,True
llama3-8b,T2,2189,psychology,J,J,True
llama3-8b,T2,2191,psychology,E,E,True
llama3-8b,T2,2193,psychology,B,B,True
llama3-8b,T2,2194,psychology,A,C,False
llama3-8b,T2,2196,psychology,D,I,False
llama3-8b,T2,2198,psychology,E,E,True
llama3-8b,T2,2201,psychology,F,F,True
llama3-8b,T2,2202,psychology,H,G,False
llama3-8b,T2,2203,psychology,B,J,False
llama3-8b,T2,2207,psychology,F,J,False
llama3-8b,T2,2208,psychology,C,C,True
llama3-8b,T2,2209,psychology,G,G,True
llama3-8b,T2,2212,psychology,J,H,False
llama3-8b,T2,2214,psychology,B,H,False
llama3-8b,T2,2215,psychology,E,E,True
llama3-8b,T2,2217,psychology,B,B,True
llama3-8b,T2,2218,psychology,E,C,False
llama3-8b,T2,2219,psychology,I,I,True
llama3-8b,T2,2220,psychology,E,G,False
llama3-8b,T2,2221,psychology,G,C,False
llama3-8b,T2,2222,psychology,B,B,True
llama3-8b,T2,2225,psychology,C,J,False
llama3-8b,T2,2226,psychology,E,D,False
llama3-8b,T2,2228,psychology,J,J,True
llama3-8b,T2,2229,psychology,F,C,False
llama3-8b,T2,2230,psychology,E,E,True
llama3-8b,T2,2232,psychology,G,G,True
llama3-8b,T2,2234,psychology,C,C,True
llama3-8b,T2,2240,psychology,D,H,False
llama3-8b,T2,2241,psychology,C,J,False
llama3-8b,T2,2242,psychology,F,F,True
llama3-8b,T2,2245,psychology,A,A,True
llama3-8b,T2,2247,psychology,I,I,True
llama3-8b,T2,2251,psychology,A,A,True
llama3-8b,T2,2252,psychology,G,G,True
llama3-8b,T2,2254,psychology,E,E,True
llama3-8b,T2,2257,psychology,D,D,True
llama3-8b,T2,2260,psychology,F,F,True
llama3-8b,T2,2261,psychology,C,E,False
llama3-8b,T2,2264,psychology,C,G,False
llama3-8b,T2,2265,psychology,G,G,True
llama3-8b,T2,2267,psychology,H,C,False
llama3-8b,T2,2269,psychology,C,G,False
llama3-8b,T2,2273,psychology,A,G,False
llama3-8b,T2,2276,psychology,F,H,False
llama3-8b,T2,2277,psychology,B,B,True
llama3-8b,T2,2278,psychology,I,I,True
llama3-8b,T2,2279,psychology,A,A,True
llama3-8b,T2,2280,psychology,F,F,True
llama3-8b,T2,2281,psychology,G,C,False
llama3-8b,T2,2282,psychology,F,H,False
llama3-8b,T2,2283,psychology,E,H,False
llama3-8b,T2,2285,psychology,B,G,False
llama3-8b,T2,2288,psychology,A,A,True
llama3-8b,T2,2289,psychology,G,G,True
llama3-8b,T2,2291,psychology,H,C,False
llama3-8b,T2,2292,psychology,E,E,True
llama3-8b,T2,2294,psychology,D,F,False
llama3-8b,T2,2295,psychology,G,J,False
llama3-8b,T2,2297,psychology,F,B,False
llama3-8b,T2,2298,psychology,B,G,False
llama3-8b,T2,2300,psychology,A,A,True
llama3-8b,T2,2302,psychology,E,E,True
llama3-8b,T2,2303,psychology,I,I,True
llama3-8b,T2,2304,psychology,C,C,True
llama3-8b,T2,2305,psychology,F,J,False
llama3-8b,T2,2306,psychology,F,F,True
llama3-8b,T2,2308,psychology,H,H,True
llama3-8b,T2,2309,psychology,B,H,False
llama3-8b,T2,2310,psychology,C,C,True
llama3-8b,T2,2312,psychology,E,E,True
llama3-8b,T2,2316,psychology,B,B,True
llama3-8b,T2,2319,psychology,B,B,True
llama3-8b,T2,2321,psychology,B,J,False
llama3-8b,T2,2324,psychology,G,G,True
llama3-8b,T2,2326,psychology,J,J,True
llama3-8b,T2,2327,psychology,E,E,True
llama3-8b,T2,2329,psychology,E,C,False
llama3-8b,T2,2330,psychology,E,E,True
llama3-8b,T2,2331,psychology,I,I,True
llama3-8b,T2,2333,psychology,A,E,False
llama3-8b,T2,2335,psychology,C,F,False
llama3-8b,T2,2339,psychology,G,H,False
llama3-8b,T2,2340,psychology,G,J,False
llama3-8b,T2,2343,psychology,C,A,False
llama3-8b,T2,2344,psychology,C,C,True
llama3-8b,T2,2345,psychology,F,F,True
llama3-8b,T2,2346,psychology,J,G,False
llama3-8b,T2,2347,psychology,F,F,True
llama3-8b,T2,2349,psychology,B,A,False
llama3-8b,T2,2351,psychology,B,B,True
llama3-8b,T2,2355,psychology,B,B,True
llama3-8b,T2,2357,psychology,I,I,True
llama3-8b,T2,2358,psychology,F,B,False
llama3-8b,T2,2359,psychology,I,I,True
llama3-8b,T2,2360,psychology,D,D,True
llama3-8b,T2,2361,psychology,A,A,True
llama3-8b,T2,2362,psychology,D,D,True
llama3-8b,T2,2363,psychology,C,A,False
llama3-8b,T2,2364,psychology,B,B,True
llama3-8b,T2,2365,psychology,J,J,True
llama3-8b,T2,2366,psychology,F,F,True
llama3-8b,T2,2368,psychology,C,C,True
llama3-8b,T2,2371,psychology,D,D,True
llama3-8b,T2,2372,psychology,D,D,True
llama3-8b,T2,2374,psychology,E,E,True
llama3-8b,T2,2377,psychology,J,J,True
llama3-8b,T2,2381,psychology,D,D,True
llama3-8b,T2,2382,psychology,J,D,False
llama3-8b,T2,2383,psychology,B,H,False
llama3-8b,T2,2387,psychology,A,A,True
llama3-8b,T2,2390,psychology,G,H,False
llama3-8b,T2,2392,psychology,I,I,True
llama3-8b,T2,2393,psychology,C,F,False
llama3-8b,T2,2394,psychology,A,A,True
llama3-8b,T2,2397,psychology,F,G,False
llama3-8b,T2,2398,psychology,I,H,False
llama3-8b,T2,2399,psychology,F,F,True
llama3-8b,T2,2400,psychology,A,B,False
llama3-8b,T2,2401,psychology,C,I,False
llama3-8b,T2,2403,psychology,D,J,False
llama3-8b,T2,2404,psychology,F,D,False
llama3-8b,T2,2405,psychology,E,E,True
llama3-8b,T2,2406,psychology,B,B,True
llama3-8b,T2,2407,psychology,A,A,True
llama3-8b,T2,2408,psychology,C,I,False
llama3-8b,T2,2409,psychology,I,E,False
llama3-8b,T2,2410,psychology,C,C,True
llama3-8b,T2,2411,psychology,E,E,True
llama3-8b,T2,2412,psychology,C,C,True
llama3-8b,T2,2413,psychology,I,I,True
llama3-8b,T2,2414,psychology,C,C,True
llama3-8b,T2,2416,psychology,I,J,False
llama3-8b,T2,2417,psychology,E,J,False
llama3-8b,T2,2418,psychology,H,H,True
llama3-8b,T2,2419,psychology,F,F,True
llama3-8b,T2,2420,psychology,C,A,False
llama3-8b,T2,2421,psychology,B,D,False
llama3-8b,T2,2422,psychology,B,B,True
llama3-8b,T2,2423,psychology,C,C,True
llama3-8b,T2,2424,psychology,I,I,True
llama3-8b,T2,2425,psychology,B,B,True
llama3-8b,T2,2426,psychology,H,H,True
llama3-8b,T2,2429,psychology,B,B,True
llama3-8b,T2,2430,psychology,G,G,True
llama3-8b,T2,2432,psychology,A,E,False
llama3-8b,T2,2434,psychology,F,F,True
llama3-8b,T2,2437,psychology,I,B,False
llama3-8b,T2,2438,psychology,D,B,False
llama3-8b,T2,2441,psychology,I,E,False
llama3-8b,T2,2442,psychology,E,G,False
llama3-8b,T2,2443,psychology,F,H,False
llama3-8b,T2,2448,psychology,J,I,False
llama3-8b,T2,2449,psychology,A,E,False
llama3-8b,T2,2450,psychology,C,G,False
llama3-8b,T2,2451,psychology,D,D,True
llama3-8b,T2,2452,psychology,C,J,False
llama3-8b,T2,2455,psychology,C,C,True
llama3-8b,T2,2458,psychology,A,F,False
llama3-8b,T2,2459,psychology,F,J,False
llama3-8b,T2,2460,psychology,J,D,False
llama3-8b,T2,2461,psychology,H,H,True
llama3-8b,T2,2463,psychology,C,C,True
llama3-8b,T2,2464,psychology,G,G,True
llama3-8b,T2,2467,psychology,G,G,True
llama3-8b,T2,2468,psychology,G,G,True
llama3-8b,T2,2470,psychology,C,C,True
llama3-8b,T2,2471,psychology,C,C,True
llama3-8b,T2,2472,psychology,C,I,False
llama3-8b,T2,2474,psychology,B,B,True
llama3-8b,T2,2475,psychology,C,C,True
llama3-8b,T2,2476,psychology,C,C,True
llama3-8b,T2,2479,psychology,E,I,False
llama3-8b,T2,2480,psychology,B,B,True
llama3-8b,T2,2481,psychology,A,D,False
llama3-8b,T2,2482,psychology,I,I,True
llama3-8b,T2,2484,psychology,G,G,True
llama3-8b,T2,2485,psychology,A,A,True
llama3-8b,T2,2486,psychology,F,F,True
llama3-8b,T2,2489,psychology,H,H,True
llama3-8b,T2,2490,psychology,C,C,True
llama3-8b,T2,2491,psychology,H,H,True
llama3-8b,T2,2492,psychology,C,A,False
llama3-8b,T2,2493,psychology,I,I,True
llama3-8b,T2,2494,psychology,G,G,True
llama3-8b,T2,2495,psychology,D,D,True
llama3-8b,T2,2497,psychology,G,A,False
llama3-8b,T2,2499,psychology,D,D,True
llama3-8b,T2,2500,psychology,E,F,False
llama3-8b,T2,2501,psychology,C,C,True
llama3-8b,T2,2502,psychology,A,C,False
llama3-8b,T2,2503,psychology,J,J,True
llama3-8b,T2,2504,psychology,H,H,True
llama3-8b,T2,2507,psychology,E,E,True
llama3-8b,T2,2508,psychology,H,E,False
llama3-8b,T2,2512,psychology,E,E,True
llama3-8b,T2,2513,psychology,I,F,False
llama3-8b,T2,2514,psychology,A,I,False
llama3-8b,T2,2515,psychology,H,B,False
llama3-8b,T2,2516,psychology,B,H,False
llama3-8b,T2,2519,psychology,B,J,False
llama3-8b,T2,2520,psychology,H,G,False
llama3-8b,T2,2522,psychology,H,H,True
llama3-8b,T2,2524,psychology,F,G,False
llama3-8b,T2,2527,psychology,H,H,True
llama3-8b,T2,2528,psychology,E,J,False
llama3-8b,T2,2530,psychology,B,C,False
llama3-8b,T2,2532,psychology,H,B,False
llama3-8b,T2,2533,psychology,E,E,True
llama3-8b,T2,2534,psychology,A,A,True
llama3-8b,T2,2535,psychology,D,D,True
llama3-8b,T2,2536,psychology,G,J,False
llama3-8b,T2,2540,psychology,C,G,False
llama3-8b,T2,2541,psychology,E,B,False
llama3-8b,T2,2542,psychology,H,H,True
llama3-8b,T2,2543,psychology,D,H,False
llama3-8b,T2,2545,psychology,H,H,True
llama3-8b,T2,2546,psychology,I,I,True
llama3-8b,T2,2548,psychology,G,G,True
llama3-8b,T2,2549,psychology,I,D,False
llama3-8b,T2,2551,psychology,D,D,True
llama3-8b,T2,2552,psychology,B,B,True
llama3-8b,T2,2554,psychology,A,A,True
llama3-8b,T2,2556,psychology,A,A,True
llama3-8b,T2,2557,psychology,H,H,True
llama3-8b,T2,2558,psychology,B,J,False
llama3-8b,T2,2560,psychology,G,A,False
llama3-8b,T2,2562,psychology,J,D,False
llama3-8b,T2,2564,psychology,D,D,True
llama3-8b,T2,2566,psychology,H,B,False
llama3-8b,T2,2568,psychology,B,E,False
llama3-8b,T2,2569,psychology,B,A,False
llama3-8b,T2,2571,psychology,E,E,True
llama3-8b,T2,2572,psychology,C,G,False
llama3-8b,T2,2573,psychology,B,B,True
llama3-8b,T2,2577,psychology,C,H,False
llama3-8b,T2,2578,psychology,A,A,True
llama3-8b,T2,2579,psychology,E,B,False
llama3-8b,T2,2581,psychology,B,B,True
llama3-8b,T2,2584,psychology,G,I,False
llama3-8b,T2,2586,psychology,C,C,True
llama3-8b,T2,2587,psychology,C,C,True
llama3-8b,T2,2588,psychology,B,C,False
llama3-8b,T2,2589,psychology,C,C,True
llama3-8b,T2,2590,psychology,C,B,False
llama3-8b,T2,2591,psychology,G,G,True
llama3-8b,T2,2593,psychology,D,F,False
llama3-8b,T2,2596,psychology,G,G,True
llama3-8b,T2,2597,psychology,A,A,True
llama3-8b,T2,2598,psychology,F,F,True
llama3-8b,T2,2599,psychology,F,A,False
llama3-8b,T2,2600,psychology,B,B,True
llama3-8b,T2,2601,psychology,J,J,True
llama3-8b,T2,2603,psychology,D,D,True
llama3-8b,T2,2604,psychology,E,D,False
llama3-8b,T2,2605,psychology,H,H,True
llama3-8b,T2,2606,psychology,F,F,True
llama3-8b,T2,2609,psychology,B,B,True
llama3-8b,T2,2610,psychology,J,J,True
llama3-8b,T2,2611,psychology,G,G,True
llama3-8b,T2,2612,psychology,E,E,True
llama3-8b,T2,2613,psychology,E,E,True
llama3-8b,T2,2614,psychology,G,G,True
llama3-8b,T2,2616,psychology,B,B,True
llama3-8b,T2,2617,psychology,C,C,True
llama3-8b,T2,2618,psychology,G,F,False
llama3-8b,T2,2619,psychology,F,F,True
llama3-8b,T2,2620,psychology,H,H,True
llama3-8b,T2,2621,psychology,F,F,True
llama3-8b,T2,2622,psychology,I,A,False
llama3-8b,T2,2625,psychology,G,G,True
llama3-8b,T2,2626,psychology,G,J,False
llama3-8b,T2,2632,psychology,E,E,True
llama3-8b,T2,2635,psychology,D,J,False
llama3-8b,T2,2639,psychology,A,H,False
llama3-8b,T2,2642,psychology,A,A,True
llama3-8b,T2,2644,psychology,H,J,False
llama3-8b,T2,2645,psychology,C,J,False
llama3-8b,T2,2646,psychology,D,I,False
llama3-8b,T2,2647,psychology,A,J,False
llama3-8b,T2,2649,psychology,E,I,False
llama3-8b,T2,2650,psychology,B,H,False
llama3-8b,T2,2651,psychology,D,D,True
llama3-8b,T2,2652,psychology,H,B,False
llama3-8b,T2,2653,psychology,G,G,True
llama3-8b,T2,2654,psychology,H,H,True
llama3-8b,T2,2655,psychology,B,A,False
llama3-8b,T2,2657,psychology,C,C,True
llama3-8b,T2,2658,psychology,C,G,False
llama3-8b,T2,2659,psychology,C,I,False
llama3-8b,T2,2661,psychology,B,B,True
llama3-8b,T2,2663,psychology,C,C,True
llama3-8b,T2,2666,psychology,B,B,True
llama3-8b,T2,2667,psychology,D,J,False
llama3-8b,T2,2668,psychology,E,E,True
llama3-8b,T2,2671,psychology,A,A,True
llama3-8b,T2,2672,psychology,E,E,True
llama3-8b,T2,2673,psychology,A,A,True
llama3-8b,T2,2674,psychology,F,F,True
llama3-8b,T2,2675,psychology,B,B,True
llama3-8b,T2,2677,psychology,A,H,False
llama3-8b,T2,2678,psychology,A,F,False
llama3-8b,T2,2679,psychology,G,G,True
llama3-8b,T2,2681,psychology,I,I,True
llama3-8b,T2,2682,psychology,E,H,False
llama3-8b,T2,2684,psychology,F,F,True
llama3-8b,T2,2687,psychology,A,D,False
llama3-8b,T2,2688,psychology,D,D,True
llama3-8b,T2,2692,psychology,C,G,False
llama3-8b,T2,2694,psychology,G,F,False
llama3-8b,T2,2695,psychology,B,E,False
llama3-8b,T2,2696,psychology,E,E,True
llama3-8b,T2,2699,psychology,B,C,False
llama3-8b,T2,2702,psychology,A,C,False
llama3-8b,T2,2703,psychology,F,H,False
llama3-8b,T2,2704,psychology,B,H,False
llama3-8b,T2,2709,psychology,G,J,False
llama3-8b,T2,2711,psychology,E,E,True
llama3-8b,T2,2712,psychology,F,H,False
llama3-8b,T2,2713,psychology,C,C,True
llama3-8b,T2,2714,psychology,B,B,True
llama3-8b,T2,2716,psychology,C,C,True
llama3-8b,T2,2718,psychology,H,H,True
llama3-8b,T2,2719,psychology,D,D,True
llama3-8b,T2,2724,psychology,D,D,True
llama3-8b,T2,2725,psychology,F,F,True
llama3-8b,T2,2727,psychology,D,D,True
llama3-8b,T2,2728,psychology,D,J,False
llama3-8b,T2,2731,psychology,I,I,True
llama3-8b,T2,2732,psychology,E,E,True
llama3-8b,T2,2733,psychology,A,B,False
llama3-8b,T2,2735,psychology,D,B,False
llama3-8b,T2,2736,psychology,D,D,True
llama3-8b,T2,2737,psychology,F,F,True
llama3-8b,T2,2739,psychology,G,H,False
llama3-8b,T2,2741,psychology,F,F,True
llama3-8b,T2,2742,psychology,J,H,False
llama3-8b,T2,2743,psychology,D,D,True
llama3-8b,T2,2744,psychology,F,F,True
llama3-8b,T2,2745,psychology,F,F,True
llama3-8b,T2,2746,psychology,I,I,True
llama3-8b,T2,2747,psychology,E,E,True
llama3-8b,T2,2748,psychology,F,F,True
llama3-8b,T2,2749,psychology,E,C,False
llama3-8b,T2,2750,psychology,B,B,True
llama3-8b,T2,2751,psychology,G,G,True
llama3-8b,T2,2752,psychology,D,D,True
llama3-8b,T2,2753,psychology,I,I,True
llama3-8b,T2,2754,psychology,H,H,True
llama3-8b,T2,2756,psychology,E,E,True
llama3-8b,T2,2758,psychology,J,I,False
llama3-8b,T2,2762,psychology,B,B,True
llama3-8b,T2,2763,psychology,C,D,False
llama3-8b,T2,2765,psychology,C,E,False
llama3-8b,T2,2766,psychology,I,I,True
llama3-8b,T2,2768,psychology,E,H,False
llama3-8b,T2,2769,psychology,F,E,False
llama3-8b,T2,2770,psychology,D,G,False
llama3-8b,T2,2775,psychology,E,G,False
llama3-8b,T2,2778,psychology,F,A,False
llama3-8b,T2,2781,psychology,D,D,True
llama3-8b,T2,2782,psychology,D,D,True
llama3-8b,T2,2783,psychology,F,I,False
llama3-8b,T2,2784,psychology,A,A,True
llama3-8b,T2,2785,psychology,E,E,True
llama3-8b,T2,2786,psychology,B,B,True
llama3-8b,T2,2787,psychology,G,G,True
llama3-8b,T2,2788,psychology,B,B,True
llama3-8b,T2,2789,psychology,G,G,True
llama3-8b,T2,2790,psychology,G,F,False
llama3-8b,T2,2792,psychology,E,E,True
llama3-8b,T2,2794,psychology,E,B,False
llama3-8b,T2,2797,psychology,H,H,True
llama3-8b,T2,2798,psychology,B,B,True
llama3-8b,T2,2799,psychology,I,I,True
llama3-8b,T2,2800,psychology,C,C,True
llama3-8b,T2,2802,psychology,G,G,True
llama3-8b,T2,6827,economics,C,A,False
llama3-8b,T2,6829,economics,D,I,False
llama3-8b,T2,6833,economics,F,B,False
llama3-8b,T2,6834,economics,H,I,False
llama3-8b,T2,6836,economics,A,E,False
llama3-8b,T2,6837,economics,E,A,False
llama3-8b,T2,6839,economics,A,D,False
llama3-8b,T2,6840,economics,J,G,False
llama3-8b,T2,6842,economics,J,A,False
llama3-8b,T2,6843,economics,A,E,False
llama3-8b,T2,6844,economics,B,H,False
llama3-8b,T2,6846,economics,E,A,False
llama3-8b,T2,6853,economics,I,F,False
llama3-8b,T2,6854,economics,C,I,False
llama3-8b,T2,6857,economics,A,A,True
llama3-8b,T2,6858,economics,C,C,True
llama3-8b,T2,6859,economics,C,G,False
llama3-8b,T2,6860,economics,B,J,False
llama3-8b,T2,6864,economics,D,D,True
llama3-8b,T2,6865,economics,H,H,True
llama3-8b,T2,6866,economics,C,G,False
llama3-8b,T2,6867,economics,C,C,True
llama3-8b,T2,6869,economics,E,C,False
llama3-8b,T2,6872,economics,C,C,True
llama3-8b,T2,6873,economics,I,I,True
llama3-8b,T2,6875,economics,A,A,True
llama3-8b,T2,6876,economics,H,A,False
llama3-8b,T2,6877,economics,E,E,True
llama3-8b,T2,6878,economics,E,C,False
llama3-8b,T2,6879,economics,G,G,True
llama3-8b,T2,6880,economics,E,D,False
llama3-8b,T2,6881,economics,F,G,False
llama3-8b,T2,6882,economics,J,J,True
llama3-8b,T2,6883,economics,F,C,False
llama3-8b,T2,6887,economics,I,I,True
llama3-8b,T2,6888,economics,G,G,True
llama3-8b,T2,6889,economics,H,H,True
llama3-8b,T2,6894,economics,C,F,False
llama3-8b,T2,6895,economics,B,J,False
llama3-8b,T2,6896,economics,C,F,False
llama3-8b,T2,6897,economics,A,B,False
llama3-8b,T2,6900,economics,C,C,True
llama3-8b,T2,6905,economics,I,I,True
llama3-8b,T2,6906,economics,F,E,False
llama3-8b,T2,6908,economics,E,C,False
llama3-8b,T2,6909,economics,J,C,False
llama3-8b,T2,6910,economics,E,J,False
llama3-8b,T2,6912,economics,F,B,False
llama3-8b,T2,6913,economics,D,C,False
llama3-8b,T2,6917,economics,A,J,False
llama3-8b,T2,6918,economics,A,A,True
llama3-8b,T2,6919,economics,A,A,True
llama3-8b,T2,6921,economics,A,A,True
llama3-8b,T2,6923,economics,D,B,False
llama3-8b,T2,6929,economics,B,B,True
llama3-8b,T2,6930,economics,G,G,True
llama3-8b,T2,6931,economics,J,C,False
llama3-8b,T2,6932,economics,D,I,False
llama3-8b,T2,6933,economics,C,C,True
llama3-8b,T2,6934,economics,E,E,True
llama3-8b,T2,6935,economics,G,G,True
llama3-8b,T2,6936,economics,E,E,True
llama3-8b,T2,6937,economics,G,E,False
llama3-8b,T2,6938,economics,D,D,True
llama3-8b,T2,6939,economics,H,H,True
llama3-8b,T2,6940,economics,C,B,False
llama3-8b,T2,6941,economics,J,J,True
llama3-8b,T2,6944,economics,A,A,True
llama3-8b,T2,6946,economics,H,H,True
llama3-8b,T2,6947,economics,I,I,True
llama3-8b,T2,6948,economics,D,D,True
llama3-8b,T2,6950,economics,E,J,False
llama3-8b,T2,6951,economics,E,J,False
llama3-8b,T2,6952,economics,F,F,True
llama3-8b,T2,6953,economics,I,I,True
llama3-8b,T2,6955,economics,I,G,False
llama3-8b,T2,6956,economics,A,H,False
llama3-8b,T2,6958,economics,F,B,False
llama3-8b,T2,6959,economics,G,G,True
llama3-8b,T2,6965,economics,E,B,False
llama3-8b,T2,6966,economics,G,A,False
llama3-8b,T2,6970,economics,I,B,False
llama3-8b,T2,6971,economics,G,J,False
llama3-8b,T2,6973,economics,D,F,False
llama3-8b,T2,6974,economics,A,A,True
llama3-8b,T2,6975,economics,A,E,False
llama3-8b,T2,6976,economics,B,B,True
llama3-8b,T2,6977,economics,A,I,False
llama3-8b,T2,6978,economics,F,G,False
llama3-8b,T2,6979,economics,E,E,True
llama3-8b,T2,6980,economics,G,G,True
llama3-8b,T2,6981,economics,B,J,False
llama3-8b,T2,6982,economics,D,H,False
llama3-8b,T2,6984,economics,B,F,False
llama3-8b,T2,6986,economics,D,A,False
llama3-8b,T2,6987,economics,F,H,False
llama3-8b,T2,6988,economics,F,E,False
llama3-8b,T2,6996,economics,A,A,True
llama3-8b,T2,6998,economics,E,H,False
llama3-8b,T2,6999,economics,A,A,True
llama3-8b,T2,7000,economics,G,H,False
llama3-8b,T2,7002,economics,C,C,True
llama3-8b,T2,7003,economics,B,A,False
llama3-8b,T2,7005,economics,I,I,True
llama3-8b,T2,7009,economics,D,D,True
llama3-8b,T2,7012,economics,B,B,True
llama3-8b,T2,7014,economics,J,B,False
llama3-8b,T2,7015,economics,E,E,True
llama3-8b,T2,7018,economics,E,E,True
llama3-8b,T2,7019,economics,F,F,True
llama3-8b,T2,7020,economics,D,J,False
llama3-8b,T2,7021,economics,C,C,True
llama3-8b,T2,7022,economics,J,J,True
llama3-8b,T2,7023,economics,B,C,False
llama3-8b,T2,7026,economics,E,E,True
llama3-8b,T2,7027,economics,A,B,False
llama3-8b,T2,7032,economics,C,C,True
llama3-8b,T2,7033,economics,F,I,False
llama3-8b,T2,7034,economics,F,D,False
llama3-8b,T2,7035,economics,E,H,False
llama3-8b,T2,7037,economics,B,F,False
llama3-8b,T2,7038,economics,E,E,True
llama3-8b,T2,7040,economics,F,I,False
llama3-8b,T2,7041,economics,G,A,False
llama3-8b,T2,7042,economics,H,H,True
llama3-8b,T2,7043,economics,E,C,False
llama3-8b,T2,7044,economics,C,C,True
llama3-8b,T2,7050,economics,B,B,True
llama3-8b,T2,7051,economics,F,J,False
llama3-8b,T2,7052,economics,B,D,False
llama3-8b,T2,7053,economics,G,G,True
llama3-8b,T2,7054,economics,B,C,False
llama3-8b,T2,7056,economics,E,C,False
llama3-8b,T2,7057,economics,D,G,False
llama3-8b,T2,7059,economics,H,I,False
llama3-8b,T2,7064,economics,G,A,False
llama3-8b,T2,7065,economics,J,J,True
llama3-8b,T2,7066,economics,D,C,False
llama3-8b,T2,7068,economics,E,D,False
llama3-8b,T2,7073,economics,C,E,False
llama3-8b,T2,7075,economics,J,F,False
llama3-8b,T2,7076,economics,J,J,True
llama3-8b,T2,7077,economics,F,J,False
llama3-8b,T2,7078,economics,J,F,False
llama3-8b,T2,7079,economics,F,F,True
llama3-8b,T2,7081,economics,D,D,True
llama3-8b,T2,7082,economics,J,J,True
llama3-8b,T2,7083,economics,E,A,False
llama3-8b,T2,7086,economics,F,F,True
llama3-8b,T2,7087,economics,B,B,True
llama3-8b,T2,7088,economics,C,I,False
llama3-8b,T2,7089,economics,H,H,True
llama3-8b,T2,7090,economics,J,J,True
llama3-8b,T2,7091,economics,E,E,True
llama3-8b,T2,7092,economics,G,G,True
llama3-8b,T2,7093,economics,B,B,True
llama3-8b,T2,7094,economics,I,I,True
llama3-8b,T2,7097,economics,F,B,False
llama3-8b,T2,7107,economics,G,B,False
llama3-8b,T2,7108,economics,H,H,True
llama3-8b,T2,7109,economics,C,F,False
llama3-8b,T2,7110,economics,D,I,False
llama3-8b,T2,7111,economics,F,F,True
llama3-8b,T2,7112,economics,A,G,False
llama3-8b,T2,7114,economics,J,G,False
llama3-8b,T2,7115,economics,A,A,True
llama3-8b,T2,7116,economics,G,J,False
llama3-8b,T2,7119,economics,J,J,True
llama3-8b,T2,7123,economics,G,F,False
llama3-8b,T2,7124,economics,G,B,False
llama3-8b,T2,7126,economics,E,J,False
llama3-8b,T2,7127,economics,F,F,True
llama3-8b,T2,7128,economics,D,J,False
llama3-8b,T2,7129,economics,I,I,True
llama3-8b,T2,7133,economics,H,C,False
llama3-8b,T2,7134,economics,B,B,True
llama3-8b,T2,7135,economics,D,D,True
llama3-8b,T2,7136,economics,H,H,True
llama3-8b,T2,7137,economics,F,H,False
llama3-8b,T2,7138,economics,D,D,True
llama3-8b,T2,7139,economics,I,I,True
llama3-8b,T2,7140,economics,C,A,False
llama3-8b,T2,7142,economics,C,C,True
llama3-8b,T2,7146,economics,D,D,True
llama3-8b,T2,7147,economics,D,D,True
llama3-8b,T2,7148,economics,D,G,False
llama3-8b,T2,7149,economics,D,D,True
llama3-8b,T2,7150,economics,E,H,False
llama3-8b,T2,7153,economics,C,C,True
llama3-8b,T2,7158,economics,C,G,False
llama3-8b,T2,7159,economics,A,H,False
llama3-8b,T2,7160,economics,A,D,False
llama3-8b,T2,7165,economics,E,F,False
llama3-8b,T2,7167,economics,E,J,False
llama3-8b,T2,7169,economics,B,C,False
llama3-8b,T2,7170,economics,D,H,False
llama3-8b,T2,7172,economics,E,B,False
llama3-8b,T2,7174,economics,J,D,False
llama3-8b,T2,7175,economics,D,B,False
llama3-8b,T2,7176,economics,B,D,False
llama3-8b,T2,7177,economics,E,C,False
llama3-8b,T2,7181,economics,F,D,False
llama3-8b,T2,7182,economics,F,F,True
llama3-8b,T2,7183,economics,H,A,False
llama3-8b,T2,7186,economics,G,D,False
llama3-8b,T2,7188,economics,A,A,True
llama3-8b,T2,7191,economics,B,A,False
llama3-8b,T2,7194,economics,E,B,False
llama3-8b,T2,7196,economics,E,B,False
llama3-8b,T2,7198,economics,C,G,False
llama3-8b,T2,7200,economics,F,B,False
llama3-8b,T2,7201,economics,H,H,True
llama3-8b,T2,7203,economics,G,G,True
llama3-8b,T2,7204,economics,C,C,True
llama3-8b,T2,7208,economics,E,E,True
llama3-8b,T2,7210,economics,G,F,False
llama3-8b,T2,7211,economics,G,F,False
llama3-8b,T2,7213,economics,J,J,True
llama3-8b,T2,7215,economics,G,A,False
llama3-8b,T2,7216,economics,A,A,True
llama3-8b,T2,7217,economics,B,B,True
llama3-8b,T2,7218,economics,B,E,False
llama3-8b,T2,7219,economics,G,G,True
llama3-8b,T2,7223,economics,E,A,False
llama3-8b,T2,7225,economics,B,H,False
llama3-8b,T2,7228,economics,C,C,True
llama3-8b,T2,7233,economics,A,A,True
llama3-8b,T2,7234,economics,C,A,False
llama3-8b,T2,7235,economics,I,I,True
llama3-8b,T2,7236,economics,D,D,True
llama3-8b,T2,7237,economics,C,I,False
llama3-8b,T2,7238,economics,F,E,False
llama3-8b,T2,7239,economics,C,F,False
llama3-8b,T2,7240,economics,H,B,False
llama3-8b,T2,7241,economics,I,I,True
llama3-8b,T2,7243,economics,D,D,True
llama3-8b,T2,7245,economics,G,B,False
llama3-8b,T2,7246,economics,B,B,True
llama3-8b,T2,7248,economics,G,A,False
llama3-8b,T2,7249,economics,J,J,True
llama3-8b,T2,7250,economics,E,G,False
llama3-8b,T2,7251,economics,E,E,True
llama3-8b,T2,7253,economics,A,A,True
llama3-8b,T2,7256,economics,D,D,True
llama3-8b,T2,7258,economics,J,J,True
llama3-8b,T2,7259,economics,C,C,True
llama3-8b,T2,7260,economics,I,G,False
llama3-8b,T2,7262,economics,D,B,False
llama3-8b,T2,7263,economics,F,F,True
llama3-8b,T2,7264,economics,G,J,False
llama3-8b,T2,7265,economics,E,E,True
llama3-8b,T2,7266,economics,B,I,False
llama3-8b,T2,7267,economics,B,I,False
llama3-8b,T2,7268,economics,B,H,False
llama3-8b,T2,7269,economics,C,C,True
llama3-8b,T2,7270,economics,E,E,True
llama3-8b,T2,7271,economics,H,H,True
llama3-8b,T2,7273,economics,G,B,False
llama3-8b,T2,7275,economics,E,E,True
llama3-8b,T2,7277,economics,B,B,True
llama3-8b,T2,7278,economics,J,J,True
llama3-8b,T2,7279,economics,E,E,True
llama3-8b,T2,7280,economics,F,F,True
llama3-8b,T2,7282,economics,F,F,True
llama3-8b,T2,7283,economics,E,E,True
llama3-8b,T2,7284,economics,E,C,False
llama3-8b,T2,7285,economics,E,E,True
llama3-8b,T2,7286,economics,H,H,True
llama3-8b,T2,7287,economics,D,I,False
llama3-8b,T2,7290,economics,E,J,False
llama3-8b,T2,7291,economics,B,G,False
llama3-8b,T2,7295,economics,A,A,True
llama3-8b,T2,7296,economics,B,D,False
llama3-8b,T2,7297,economics,I,I,True
llama3-8b,T2,7298,economics,C,D,False
llama3-8b,T2,7299,economics,H,H,True
llama3-8b,T2,7300,economics,B,G,False
llama3-8b,T2,7302,economics,B,G,False
llama3-8b,T2,7304,economics,B,C,False
llama3-8b,T2,7309,economics,C,J,False
llama3-8b,T2,7310,economics,B,I,False
llama3-8b,T2,7313,economics,E,E,True
llama3-8b,T2,7314,economics,G,J,False
llama3-8b,T2,7315,economics,A,H,False
llama3-8b,T2,7317,economics,B,F,False
llama3-8b,T2,7318,economics,D,F,False
llama3-8b,T2,7325,economics,C,C,True
llama3-8b,T2,7326,economics,E,E,True
llama3-8b,T2,7327,economics,C,C,True
llama3-8b,T2,7328,economics,A,A,True
llama3-8b,T2,7329,economics,B,B,True
llama3-8b,T2,7331,economics,D,F,False
llama3-8b,T2,7339,economics,F,F,True
llama3-8b,T2,7341,economics,B,F,False
llama3-8b,T2,7342,economics,C,F,False
llama3-8b,T2,7344,economics,J,J,True
llama3-8b,T2,7345,economics,F,G,False
llama3-8b,T2,7346,economics,E,C,False
llama3-8b,T2,7348,economics,E,I,False
llama3-8b,T2,7351,economics,C,F,False
llama3-8b,T2,7352,economics,J,F,False
llama3-8b,T2,7358,economics,G,A,False
llama3-8b,T2,7359,economics,F,B,False
llama3-8b,T2,7360,economics,H,H,True
llama3-8b,T2,7361,economics,F,I,False
llama3-8b,T2,7363,economics,G,G,True
llama3-8b,T2,7365,economics,A,F,False
llama3-8b,T2,7366,economics,I,D,False
llama3-8b,T2,7370,economics,B,E,False
llama3-8b,T2,7371,economics,B,C,False
llama3-8b,T2,7372,economics,B,F,False
llama3-8b,T2,7374,economics,G,J,False
llama3-8b,T2,7375,economics,H,I,False
llama3-8b,T2,7376,economics,G,H,False
llama3-8b,T2,7377,economics,B,F,False
llama3-8b,T2,7380,economics,F,F,True
llama3-8b,T2,7383,economics,E,G,False
llama3-8b,T2,7384,economics,B,B,True
llama3-8b,T2,7385,economics,A,H,False
llama3-8b,T2,7386,economics,G,G,True
llama3-8b,T2,7388,economics,A,A,True
llama3-8b,T2,7391,economics,A,A,True
llama3-8b,T2,7392,economics,B,B,True
llama3-8b,T2,7393,economics,E,J,False
llama3-8b,T2,7394,economics,G,C,False
llama3-8b,T2,7396,economics,G,G,True
llama3-8b,T2,7398,economics,F,F,True
llama3-8b,T2,7399,economics,I,I,True
llama3-8b,T2,7400,economics,C,C,True
llama3-8b,T2,7402,economics,D,B,False
llama3-8b,T2,7403,economics,A,B,False
llama3-8b,T2,7404,economics,F,J,False
llama3-8b,T2,7405,economics,C,C,True
llama3-8b,T2,7406,economics,B,J,False
llama3-8b,T2,7407,economics,G,G,True
llama3-8b,T2,7408,economics,A,A,True
llama3-8b,T2,7409,economics,C,C,True
llama3-8b,T2,7410,economics,C,D,False
llama3-8b,T2,7411,economics,D,D,True
llama3-8b,T2,7412,economics,J,J,True
llama3-8b,T2,7415,economics,H,H,True
llama3-8b,T2,7417,economics,I,I,True
llama3-8b,T2,7418,economics,D,D,True
llama3-8b,T2,7419,economics,J,J,True
llama3-8b,T2,7428,economics,E,F,False
llama3-8b,T2,7429,economics,E,E,True
llama3-8b,T2,7430,economics,B,H,False
llama3-8b,T2,7431,economics,F,E,False
llama3-8b,T2,7433,economics,J,H,False
llama3-8b,T2,7434,economics,G,G,True
llama3-8b,T2,7436,economics,D,D,True
llama3-8b,T2,7437,economics,D,A,False
llama3-8b,T2,7439,economics,G,G,True
llama3-8b,T2,7442,economics,F,I,False
llama3-8b,T2,7443,economics,E,F,False
llama3-8b,T2,7444,economics,C,A,False
llama3-8b,T2,7445,economics,I,I,True
llama3-8b,T2,7447,economics,E,J,False
llama3-8b,T2,7449,economics,E,G,False
llama3-8b,T2,7450,economics,I,H,False
llama3-8b,T2,7452,economics,C,C,True
llama3-8b,T2,7453,economics,A,I,False
llama3-8b,T2,7456,economics,C,F,False
llama3-8b,T2,7459,economics,C,C,True
llama3-8b,T2,7460,economics,G,G,True
llama3-8b,T2,7461,economics,G,G,True
llama3-8b,T2,7464,economics,B,H,False
llama3-8b,T2,7466,economics,I,H,False
llama3-8b,T2,7469,economics,G,G,True
llama3-8b,T2,7470,economics,E,E,True
llama3-8b,T2,7471,economics,D,C,False
llama3-8b,T2,7473,economics,C,H,False
llama3-8b,T2,7474,economics,E,A,False
llama3-8b,T2,7477,economics,B,I,False
llama3-8b,T2,7479,economics,J,J,True
llama3-8b,T2,7483,economics,D,I,False
llama3-8b,T2,7484,economics,E,B,False
llama3-8b,T2,7485,economics,C,F,False
llama3-8b,T2,7492,economics,F,I,False
llama3-8b,T2,7493,economics,F,G,False
llama3-8b,T2,7494,economics,E,J,False
llama3-8b,T2,7496,economics,C,G,False
llama3-8b,T2,7500,economics,F,H,False
llama3-8b,T2,7501,economics,B,G,False
llama3-8b,T2,7502,economics,F,F,True
llama3-8b,T2,7504,economics,C,C,True
llama3-8b,T2,7505,economics,B,J,False
llama3-8b,T2,7508,economics,C,C,True
llama3-8b,T2,7509,economics,E,E,True
llama3-8b,T2,7510,economics,F,I,False
llama3-8b,T2,7512,economics,E,J,False
llama3-8b,T2,7514,economics,J,C,False
llama3-8b,T2,7516,economics,G,A,False
llama3-8b,T2,7521,economics,H,H,True
llama3-8b,T2,7522,economics,J,F,False
llama3-8b,T2,7523,economics,C,C,True
llama3-8b,T2,7524,economics,I,I,True
llama3-8b,T2,7525,economics,C,C,True
llama3-8b,T2,7526,economics,B,B,True
llama3-8b,T2,7529,economics,G,G,True
llama3-8b,T2,7530,economics,F,I,False
llama3-8b,T2,7532,economics,F,A,False
llama3-8b,T2,7533,economics,E,E,True
llama3-8b,T2,7534,economics,A,H,False
llama3-8b,T2,7536,economics,A,F,False
llama3-8b,T2,7537,economics,J,B,False
llama3-8b,T2,7538,economics,F,B,False
llama3-8b,T2,7539,economics,C,C,True
llama3-8b,T2,7540,economics,G,G,True
llama3-8b,T2,7542,economics,I,A,False
llama3-8b,T2,7543,economics,D,H,False
llama3-8b,T2,7544,economics,E,I,False
llama3-8b,T2,7545,economics,A,A,True
llama3-8b,T2,7546,economics,A,A,True
llama3-8b,T2,7547,economics,G,G,True
llama3-8b,T2,7548,economics,B,B,True
llama3-8b,T2,7549,economics,D,D,True
llama3-8b,T2,7550,economics,I,I,True
llama3-8b,T2,7551,economics,D,D,True
llama3-8b,T2,7552,economics,E,C,False
llama3-8b,T2,7554,economics,E,E,True
llama3-8b,T2,7556,economics,C,D,False
llama3-8b,T2,7560,economics,I,J,False
llama3-8b,T2,7561,economics,G,G,True
llama3-8b,T2,7562,economics,I,E,False
llama3-8b,T2,7564,economics,I,D,False
llama3-8b,T2,7565,economics,A,D,False
llama3-8b,T2,7566,economics,B,C,False
llama3-8b,T2,7567,economics,F,E,False
llama3-8b,T2,7568,economics,G,D,False
llama3-8b,T2,7572,economics,I,E,False
llama3-8b,T2,7573,economics,C,F,False
llama3-8b,T2,7575,economics,G,D,False
llama3-8b,T2,7580,economics,E,J,False
llama3-8b,T2,7582,economics,B,E,False
llama3-8b,T2,7583,economics,F,E,False
llama3-8b,T2,7584,economics,B,J,False
llama3-8b,T2,7586,economics,G,G,True
llama3-8b,T2,7590,economics,A,A,True
llama3-8b,T2,7592,economics,J,G,False
llama3-8b,T2,7593,economics,J,B,False
llama3-8b,T2,7594,economics,C,C,True
llama3-8b,T2,7596,economics,G,G,True
llama3-8b,T2,7599,economics,J,J,True
llama3-8b,T2,7600,economics,C,C,True
llama3-8b,T2,7602,economics,B,B,True
llama3-8b,T2,7603,economics,B,B,True
llama3-8b,T2,7604,economics,D,A,False
llama3-8b,T2,7606,economics,H,H,True
llama3-8b,T2,7607,economics,J,J,True
llama3-8b,T2,7608,economics,B,D,False
llama3-8b,T2,7610,economics,E,A,False
llama3-8b,T2,7611,economics,E,E,True
llama3-8b,T2,7613,economics,G,G,True
llama3-8b,T2,7614,economics,D,J,False
llama3-8b,T2,7617,economics,I,D,False
llama3-8b,T2,7618,economics,A,A,True
llama3-8b,T2,7619,economics,C,B,False
llama3-8b,T2,7620,economics,G,G,True
llama3-8b,T2,7621,economics,J,A,False
llama3-8b,T2,7622,economics,J,B,False
llama3-8b,T2,7623,economics,B,D,False
llama3-8b,T2,7626,economics,C,G,False
llama3-8b,T2,7629,economics,G,A,False
llama3-8b,T2,7630,economics,B,I,False
llama3-8b,T2,7632,economics,C,D,False
llama3-8b,T2,7634,economics,C,H,False
llama3-8b,T2,7638,economics,H,E,False
llama3-8b,T2,7639,economics,D,D,True
llama3-8b,T2,7640,economics,A,G,False
llama3-8b,T2,7641,economics,E,A,False
llama3-8b,T2,7644,economics,D,D,True
llama3-8b,T2,7645,economics,J,D,False
llama3-8b,T2,7646,economics,J,J,True
llama3-8b,T2,7648,economics,D,I,False
llama3-8b,T2,7649,economics,C,G,False
llama3-8b,T2,7650,economics,A,H,False
llama3-8b,T2,7651,economics,E,B,False
llama3-8b,T2,7655,economics,D,F,False
llama3-8b,T2,7656,economics,J,J,True
llama3-8b,T2,7657,economics,B,D,False
llama3-8b,T2,7658,economics,D,I,False
llama3-8b,T2,7662,economics,B,F,False
llama3-8b,T2,7664,economics,B,B,True
llama3-8b,T2,7665,economics,E,E,True
llama3-8b,T2,7667,economics,B,B,True
llama3-8b,T2,7669,economics,E,E,True
llama3-8b,T2,7670,economics,B,H,False
llama3-8b,T2,7671,economics,J,J,True
llama3-8b,T2,7672,economics,E,H,False
llama3-8b,T2,7673,economics,E,E,True
llama3-8b,T2,7674,economics,A,A,True
llama3-8b,T2,7675,economics,D,H,False
llama3-8b,T2,7676,economics,B,B,True
llama3-8b,T2,7677,economics,E,E,True
llama3-8b,T2,7678,economics,B,B,True
llama3-8b,T2,7679,economics,H,B,False
llama3-8b,T2,7681,economics,F,F,True
llama3-8b,T2,7684,economics,B,I,False
llama3-8b,T2,7686,economics,E,J,False
llama3-8b,S5,9047,physics,I,B,False
llama3-8b,S5,9048,physics,I,J,False
llama3-8b,S5,9049,physics,I,F,False
llama3-8b,S5,9052,physics,I,C,False
llama3-8b,S5,9054,physics,I,H,False
llama3-8b,S5,9055,physics,I,F,False
llama3-8b,S5,9059,physics,I,B,False
llama3-8b,S5,9060,physics,I,A,False
llama3-8b,S5,9061,physics,I,C,False
llama3-8b,S5,9069,physics,I,G,False
llama3-8b,S5,9070,physics,I,D,False
llama3-8b,S5,9071,physics,I,D,False
llama3-8b,S5,9074,physics,I,H,False
llama3-8b,S5,9082,physics,I,E,False
llama3-8b,S5,9085,physics,I,I,True
llama3-8b,S5,9086,physics,I,G,False
llama3-8b,S5,9088,physics,I,G,False
llama3-8b,S5,9089,physics,I,D,False
llama3-8b,S5,9091,physics,I,A,False
llama3-8b,S5,9097,physics,I,A,False
llama3-8b,S5,9098,physics,I,A,False
llama3-8b,S5,9100,physics,I,B,False
llama3-8b,S5,9104,physics,I,J,False
llama3-8b,S5,9105,physics,I,B,False
llama3-8b,S5,9106,physics,I,E,False
llama3-8b,S5,9107,physics,I,A,False
llama3-8b,S5,9108,physics,I,G,False
llama3-8b,S5,9110,physics,I,B,False
llama3-8b,S5,9111,physics,I,B,False
llama3-8b,S5,9115,physics,I,J,False
llama3-8b,S5,9116,physics,I,A,False
llama3-8b,S5,9117,physics,I,F,False
llama3-8b,S5,9120,physics,I,D,False
llama3-8b,S5,9121,physics,I,H,False
llama3-8b,S5,9123,physics,I,A,False
llama3-8b,S5,9129,physics,I,F,False
llama3-8b,S5,9130,physics,I,J,False
llama3-8b,S5,9135,physics,I,E,False
llama3-8b,S5,9140,physics,I,D,False
llama3-8b,S5,9141,physics,I,A,False
llama3-8b,S5,9142,physics,I,G,False
llama3-8b,S5,9143,physics,I,H,False
llama3-8b,S5,9147,physics,I,J,False
llama3-8b,S5,9149,physics,I,I,True
llama3-8b,S5,9152,physics,I,D,False
llama3-8b,S5,9153,physics,I,H,False
llama3-8b,S5,9156,physics,I,A,False
llama3-8b,S5,9157,physics,I,C,False
llama3-8b,S5,9158,physics,I,E,False
llama3-8b,S5,9161,physics,I,A,False
llama3-8b,S5,9165,physics,I,B,False
llama3-8b,S5,9167,physics,I,C,False
llama3-8b,S5,9169,physics,I,F,False
llama3-8b,S5,9171,physics,I,F,False
llama3-8b,S5,9178,physics,I,D,False
llama3-8b,S5,9179,physics,I,G,False
llama3-8b,S5,9181,physics,I,A,False
llama3-8b,S5,9182,physics,I,F,False
llama3-8b,S5,9183,physics,I,H,False
llama3-8b,S5,9185,physics,I,J,False
llama3-8b,S5,9186,physics,I,B,False
llama3-8b,S5,9189,physics,I,J,False
llama3-8b,S5,9190,physics,I,F,False
llama3-8b,S5,9193,physics,I,D,False
llama3-8b,S5,9194,physics,I,C,False
llama3-8b,S5,9199,physics,I,E,False
llama3-8b,S5,9200,physics,I,E,False
llama3-8b,S5,9206,physics,I,E,False
llama3-8b,S5,9207,physics,I,A,False
llama3-8b,S5,9209,physics,I,G,False
llama3-8b,S5,9211,physics,I,B,False
llama3-8b,S5,9213,physics,I,H,False
llama3-8b,S5,9214,physics,I,J,False
llama3-8b,S5,9216,physics,I,D,False
llama3-8b,S5,9218,physics,I,C,False
llama3-8b,S5,9223,physics,I,J,False
llama3-8b,S5,9226,physics,I,C,False
llama3-8b,S5,9229,physics,I,A,False
llama3-8b,S5,9230,physics,I,G,False
llama3-8b,S5,9231,physics,I,D,False
llama3-8b,S5,9234,physics,I,D,False
llama3-8b,S5,9237,physics,I,A,False
llama3-8b,S5,9238,physics,I,B,False
llama3-8b,S5,9239,physics,I,B,False
llama3-8b,S5,9241,physics,I,C,False
llama3-8b,S5,9242,physics,I,A,False
llama3-8b,S5,9245,physics,I,J,False
llama3-8b,S5,9246,physics,I,J,False
llama3-8b,S5,9249,physics,I,J,False
llama3-8b,S5,9252,physics,I,D,False
llama3-8b,S5,9255,physics,I,D,False
llama3-8b,S5,9257,physics,I,D,False
llama3-8b,S5,9258,physics,I,C,False
llama3-8b,S5,9265,physics,I,D,False
llama3-8b,S5,9267,physics,I,F,False
llama3-8b,S5,9268,physics,I,F,False
llama3-8b,S5,9272,physics,I,J,False
llama3-8b,S5,9273,physics,I,A,False
llama3-8b,S5,9274,physics,I,B,False
llama3-8b,S5,9277,physics,I,A,False
llama3-8b,S5,9278,physics,I,E,False
llama3-8b,S5,9279,physics,I,E,False
llama3-8b,S5,9283,physics,I,G,False
llama3-8b,S5,9284,physics,I,I,True
llama3-8b,S5,9290,physics,I,I,True
llama3-8b,S5,9292,physics,I,E,False
llama3-8b,S5,9294,physics,I,B,False
llama3-8b,S5,9297,physics,I,J,False
llama3-8b,S5,9300,physics,I,H,False
llama3-8b,S5,9302,physics,I,D,False
llama3-8b,S5,9305,physics,I,H,False
llama3-8b,S5,9306,physics,I,F,False
llama3-8b,S5,9309,physics,I,F,False
llama3-8b,S5,9313,physics,I,D,False
llama3-8b,S5,9315,physics,I,E,False
llama3-8b,S5,9321,physics,I,I,True
llama3-8b,S5,9322,physics,I,E,False
llama3-8b,S5,9325,physics,I,B,False
llama3-8b,S5,9326,physics,I,B,False
llama3-8b,S5,9328,physics,I,I,True
llama3-8b,S5,9333,physics,I,A,False
llama3-8b,S5,9338,physics,I,J,False
llama3-8b,S5,9340,physics,I,I,True
llama3-8b,S5,9342,physics,I,J,False
llama3-8b,S5,9343,physics,I,H,False
llama3-8b,S5,9346,physics,I,A,False
llama3-8b,S5,9347,physics,I,C,False
llama3-8b,S5,9362,physics,I,D,False
llama3-8b,S5,9365,physics,I,A,False
llama3-8b,S5,9367,physics,I,J,False
llama3-8b,S5,9369,physics,I,C,False
llama3-8b,S5,9373,physics,I,G,False
llama3-8b,S5,9374,physics,I,D,False
llama3-8b,S5,9376,physics,I,H,False
llama3-8b,S5,9380,physics,I,A,False
llama3-8b,S5,9383,physics,I,I,True
llama3-8b,S5,9385,physics,I,A,False
llama3-8b,S5,9388,physics,I,I,True
llama3-8b,S5,9389,physics,I,F,False
llama3-8b,S5,9392,physics,I,E,False
llama3-8b,S5,9395,physics,I,F,False
llama3-8b,S5,9396,physics,I,D,False
llama3-8b,S5,9398,physics,I,G,False
llama3-8b,S5,9400,physics,I,H,False
llama3-8b,S5,9401,physics,I,J,False
llama3-8b,S5,9402,physics,I,F,False
llama3-8b,S5,9403,physics,I,G,False
llama3-8b,S5,9412,physics,I,G,False
llama3-8b,S5,9414,physics,I,G,False
llama3-8b,S5,9416,physics,I,D,False
llama3-8b,S5,9422,physics,I,B,False
llama3-8b,S5,9423,physics,I,J,False
llama3-8b,S5,9424,physics,I,J,False
llama3-8b,S5,9427,physics,I,B,False
llama3-8b,S5,9430,physics,I,E,False
llama3-8b,S5,9431,physics,I,G,False
llama3-8b,S5,9438,physics,I,B,False
llama3-8b,S5,9440,physics,I,I,True
llama3-8b,S5,9443,physics,I,B,False
llama3-8b,S5,9453,physics,I,C,False
llama3-8b,S5,9454,physics,I,I,True
llama3-8b,S5,9456,physics,I,I,True
llama3-8b,S5,9457,physics,I,J,False
llama3-8b,S5,9459,physics,I,G,False
llama3-8b,S5,9460,physics,I,F,False
llama3-8b,S5,9465,physics,I,B,False
llama3-8b,S5,9471,physics,I,G,False
llama3-8b,S5,9473,physics,I,F,False
llama3-8b,S5,9474,physics,I,G,False
llama3-8b,S5,9475,physics,I,C,False
llama3-8b,S5,9476,physics,I,A,False
llama3-8b,S5,9477,physics,I,D,False
llama3-8b,S5,9479,physics,I,D,False
llama3-8b,S5,9482,physics,I,H,False
llama3-8b,S5,9487,physics,I,H,False
llama3-8b,S5,9488,physics,I,G,False
llama3-8b,S5,9495,physics,I,J,False
llama3-8b,S5,9498,physics,I,C,False
llama3-8b,S5,9499,physics,I,A,False
llama3-8b,S5,9501,physics,I,G,False
llama3-8b,S5,9503,physics,I,D,False
llama3-8b,S5,9504,physics,I,G,False
llama3-8b,S5,9506,physics,I,G,False
llama3-8b,S5,9510,physics,I,D,False
llama3-8b,S5,9512,physics,I,C,False
llama3-8b,S5,9513,physics,I,I,True
llama3-8b,S5,9514,physics,I,D,False
llama3-8b,S5,9515,physics,I,A,False
llama3-8b,S5,9517,physics,I,A,False
llama3-8b,S5,9518,physics,I,H,False
llama3-8b,S5,9519,physics,I,E,False
llama3-8b,S5,9523,physics,I,F,False
llama3-8b,S5,9526,physics,I,C,False
llama3-8b,S5,9531,physics,I,F,False
llama3-8b,S5,9532,physics,I,E,False
llama3-8b,S5,9535,physics,I,H,False
llama3-8b,S5,9536,physics,I,B,False
llama3-8b,S5,9540,physics,I,G,False
llama3-8b,S5,9545,physics,I,C,False
llama3-8b,S5,9551,physics,I,B,False
llama3-8b,S5,9557,physics,I,E,False
llama3-8b,S5,9559,physics,I,H,False
llama3-8b,S5,9561,physics,I,F,False
llama3-8b,S5,9563,physics,I,J,False
llama3-8b,S5,9564,physics,I,I,True
llama3-8b,S5,9568,physics,I,G,False
llama3-8b,S5,9569,physics,I,C,False
llama3-8b,S5,9571,physics,I,G,False
llama3-8b,S5,9572,physics,I,C,False
llama3-8b,S5,9576,physics,I,B,False
llama3-8b,S5,9578,physics,I,A,False
llama3-8b,S5,9580,physics,I,E,False
llama3-8b,S5,9582,physics,I,B,False
llama3-8b,S5,9585,physics,I,D,False
llama3-8b,S5,9588,physics,I,B,False
llama3-8b,S5,9589,physics,I,A,False
llama3-8b,S5,9591,physics,I,H,False
llama3-8b,S5,9592,physics,I,J,False
llama3-8b,S5,9594,physics,I,E,False
llama3-8b,S5,9607,physics,I,A,False
llama3-8b,S5,9610,physics,I,A,False
llama3-8b,S5,9611,physics,I,E,False
llama3-8b,S5,9613,physics,I,C,False
llama3-8b,S5,9614,physics,I,E,False
llama3-8b,S5,9615,physics,I,J,False
llama3-8b,S5,9618,physics,I,B,False
llama3-8b,S5,9620,physics,I,D,False
llama3-8b,S5,9621,physics,I,B,False
llama3-8b,S5,9622,physics,I,F,False
llama3-8b,S5,9624,physics,I,I,True
llama3-8b,S5,9625,physics,I,I,True
llama3-8b,S5,9627,physics,I,C,False
llama3-8b,S5,9628,physics,I,B,False
llama3-8b,S5,9630,physics,I,F,False
llama3-8b,S5,9636,physics,I,C,False
llama3-8b,S5,9637,physics,I,F,False
llama3-8b,S5,9639,physics,I,A,False
llama3-8b,S5,9640,physics,I,F,False
llama3-8b,S5,9642,physics,I,J,False
llama3-8b,S5,9644,physics,I,I,True
llama3-8b,S5,9645,physics,I,I,True
llama3-8b,S5,9648,physics,I,E,False
llama3-8b,S5,9649,physics,I,A,False
llama3-8b,S5,9651,physics,I,A,False
llama3-8b,S5,9653,physics,I,A,False
llama3-8b,S5,9659,physics,I,J,False
llama3-8b,S5,9666,physics,I,E,False
llama3-8b,S5,9668,physics,I,F,False
llama3-8b,S5,9669,physics,I,G,False
llama3-8b,S5,9670,physics,I,E,False
llama3-8b,S5,9672,physics,I,I,True
llama3-8b,S5,9673,physics,I,F,False
llama3-8b,S5,9674,physics,I,C,False
llama3-8b,S5,9676,physics,I,G,False
llama3-8b,S5,9677,physics,I,C,False
llama3-8b,S5,9685,physics,I,G,False
llama3-8b,S5,9686,physics,I,H,False
llama3-8b,S5,9687,physics,I,G,False
llama3-8b,S5,9688,physics,I,H,False
llama3-8b,S5,9696,physics,I,E,False
llama3-8b,S5,9697,physics,I,H,False
llama3-8b,S5,9703,physics,I,B,False
llama3-8b,S5,9706,physics,I,E,False
llama3-8b,S5,9711,physics,I,D,False
llama3-8b,S5,9712,physics,I,C,False
llama3-8b,S5,9713,physics,I,D,False
llama3-8b,S5,9715,physics,I,E,False
llama3-8b,S5,9721,physics,I,J,False
llama3-8b,S5,9723,physics,I,H,False
llama3-8b,S5,9726,physics,I,I,True
llama3-8b,S5,9731,physics,I,D,False
llama3-8b,S5,9736,physics,I,E,False
llama3-8b,S5,9740,physics,I,F,False
llama3-8b,S5,9743,physics,I,H,False
llama3-8b,S5,9744,physics,I,I,True
llama3-8b,S5,9749,physics,I,A,False
llama3-8b,S5,9751,physics,I,G,False
llama3-8b,S5,9755,physics,I,D,False
llama3-8b,S5,9757,physics,I,A,False
llama3-8b,S5,9758,physics,I,J,False
llama3-8b,S5,9759,physics,I,H,False
llama3-8b,S5,9761,physics,I,B,False
llama3-8b,S5,9764,physics,I,D,False
llama3-8b,S5,9765,physics,I,I,True
llama3-8b,S5,9767,physics,I,A,False
llama3-8b,S5,9769,physics,I,E,False
llama3-8b,S5,9771,physics,I,F,False
llama3-8b,S5,9773,physics,I,E,False
llama3-8b,S5,9774,physics,I,D,False
llama3-8b,S5,9776,physics,I,D,False
llama3-8b,S5,9777,physics,I,A,False
llama3-8b,S5,9778,physics,I,E,False
llama3-8b,S5,9780,physics,I,B,False
llama3-8b,S5,9785,physics,I,H,False
llama3-8b,S5,9786,physics,I,A,False
llama3-8b,S5,9789,physics,I,D,False
llama3-8b,S5,9795,physics,I,C,False
llama3-8b,S5,9800,physics,I,C,False
llama3-8b,S5,9802,physics,I,I,True
llama3-8b,S5,9804,physics,I,H,False
llama3-8b,S5,9807,physics,I,I,True
llama3-8b,S5,9809,physics,I,F,False
llama3-8b,S5,9817,physics,I,B,False
llama3-8b,S5,9818,physics,I,D,False
llama3-8b,S5,9819,physics,I,I,True
llama3-8b,S5,9824,physics,I,I,True
llama3-8b,S5,9825,physics,I,F,False
llama3-8b,S5,9827,physics,I,C,False
llama3-8b,S5,9831,physics,I,I,True
llama3-8b,S5,9832,physics,I,I,True
llama3-8b,S5,9833,physics,I,H,False
llama3-8b,S5,9837,physics,I,C,False
llama3-8b,S5,9838,physics,I,G,False
llama3-8b,S5,9839,physics,I,I,True
llama3-8b,S5,9843,physics,I,A,False
llama3-8b,S5,9844,physics,I,B,False
llama3-8b,S5,9845,physics,I,G,False
llama3-8b,S5,9849,physics,I,H,False
llama3-8b,S5,9850,physics,I,F,False
llama3-8b,S5,9852,physics,I,G,False
llama3-8b,S5,9854,physics,I,D,False
llama3-8b,S5,9856,physics,I,D,False
llama3-8b,S5,9861,physics,I,A,False
llama3-8b,S5,9862,physics,I,I,True
llama3-8b,S5,9863,physics,I,A,False
llama3-8b,S5,9864,physics,I,H,False
llama3-8b,S5,9867,physics,I,B,False
llama3-8b,S5,9874,physics,I,A,False
llama3-8b,S5,9875,physics,I,H,False
llama3-8b,S5,9876,physics,I,C,False
llama3-8b,S5,9885,physics,I,C,False
llama3-8b,S5,9889,physics,I,A,False
llama3-8b,S5,9890,physics,I,J,False
llama3-8b,S5,9897,physics,I,B,False
llama3-8b,S5,9902,physics,I,J,False
llama3-8b,S5,9904,physics,I,B,False
llama3-8b,S5,9908,physics,I,I,True
llama3-8b,S5,9911,physics,I,G,False
llama3-8b,S5,9913,physics,I,J,False
llama3-8b,S5,9914,physics,I,A,False
llama3-8b,S5,9920,physics,I,E,False
llama3-8b,S5,9923,physics,I,J,False
llama3-8b,S5,9930,physics,I,J,False
llama3-8b,S5,9939,physics,I,I,True
llama3-8b,S5,9942,physics,I,F,False
llama3-8b,S5,9943,physics,I,I,True
llama3-8b,S5,9946,physics,I,B,False
llama3-8b,S5,9949,physics,I,H,False
llama3-8b,S5,9953,physics,I,F,False
llama3-8b,S5,9954,physics,I,F,False
llama3-8b,S5,9955,physics,I,F,False
llama3-8b,S5,9957,physics,I,C,False
llama3-8b,S5,9958,physics,I,E,False
llama3-8b,S5,9959,physics,I,I,True
llama3-8b,S5,9960,physics,I,D,False
llama3-8b,S5,9962,physics,I,E,False
llama3-8b,S5,9964,physics,I,B,False
llama3-8b,S5,9967,physics,I,A,False
llama3-8b,S5,9968,physics,I,C,False
llama3-8b,S5,9973,physics,I,G,False
llama3-8b,S5,9976,physics,I,E,False
llama3-8b,S5,9981,physics,I,A,False
llama3-8b,S5,9986,physics,I,B,False
llama3-8b,S5,9988,physics,I,G,False
llama3-8b,S5,9994,physics,I,H,False
llama3-8b,S5,10004,physics,I,C,False
llama3-8b,S5,10011,physics,I,I,True
llama3-8b,S5,10012,physics,I,I,True
llama3-8b,S5,10014,physics,I,H,False
llama3-8b,S5,10016,physics,I,C,False
llama3-8b,S5,10017,physics,I,E,False
llama3-8b,S5,10018,physics,I,D,False
llama3-8b,S5,10020,physics,I,H,False
llama3-8b,S5,10021,physics,I,I,True
llama3-8b,S5,10022,physics,I,D,False
llama3-8b,S5,10029,physics,I,F,False
llama3-8b,S5,10032,physics,I,B,False
llama3-8b,S5,10033,physics,I,B,False
llama3-8b,S5,10034,physics,I,E,False
llama3-8b,S5,10038,physics,I,B,False
llama3-8b,S5,10040,physics,I,H,False
llama3-8b,S5,10041,physics,I,E,False
llama3-8b,S5,10042,physics,I,A,False
llama3-8b,S5,10043,physics,I,A,False
llama3-8b,S5,10049,physics,I,I,True
llama3-8b,S5,10050,physics,I,H,False
llama3-8b,S5,10052,physics,I,C,False
llama3-8b,S5,10058,physics,I,J,False
llama3-8b,S5,10059,physics,I,A,False
llama3-8b,S5,10060,physics,I,C,False
llama3-8b,S5,10063,physics,I,A,False
llama3-8b,S5,10069,physics,I,C,False
llama3-8b,S5,10070,physics,I,G,False
llama3-8b,S5,10076,physics,I,A,False
llama3-8b,S5,10079,physics,I,I,True
llama3-8b,S5,10083,physics,I,F,False
llama3-8b,S5,10086,physics,I,A,False
llama3-8b,S5,10089,physics,I,I,True
llama3-8b,S5,10091,physics,I,H,False
llama3-8b,S5,10092,physics,I,B,False
llama3-8b,S5,10095,physics,I,F,False
llama3-8b,S5,10099,physics,I,J,False
llama3-8b,S5,10100,physics,I,J,False
llama3-8b,S5,10102,physics,I,J,False
llama3-8b,S5,10105,physics,I,E,False
llama3-8b,S5,10110,physics,I,J,False
llama3-8b,S5,10113,physics,I,G,False
llama3-8b,S5,10116,physics,I,A,False
llama3-8b,S5,10118,physics,I,F,False
llama3-8b,S5,10121,physics,I,J,False
llama3-8b,S5,10123,physics,I,H,False
llama3-8b,S5,10126,physics,I,G,False
llama3-8b,S5,10135,physics,I,J,False
llama3-8b,S5,10139,physics,I,I,True
llama3-8b,S5,10140,physics,I,H,False
llama3-8b,S5,10143,physics,I,A,False
llama3-8b,S5,10144,physics,I,E,False
llama3-8b,S5,10147,physics,I,E,False
llama3-8b,S5,10149,physics,I,C,False
llama3-8b,S5,10150,physics,I,D,False
llama3-8b,S5,10151,physics,I,D,False
llama3-8b,S5,10152,physics,I,E,False
llama3-8b,S5,10153,physics,I,F,False
llama3-8b,S5,10155,physics,I,H,False
llama3-8b,S5,10162,physics,I,E,False
llama3-8b,S5,10165,physics,I,H,False
llama3-8b,S5,10168,physics,I,B,False
llama3-8b,S5,10173,physics,I,F,False
llama3-8b,S5,10180,physics,I,J,False
llama3-8b,S5,10182,physics,I,E,False
llama3-8b,S5,10188,physics,I,I,True
llama3-8b,S5,10190,physics,I,B,False
llama3-8b,S5,10191,physics,I,H,False
llama3-8b,S5,10193,physics,I,H,False
llama3-8b,S5,10194,physics,I,A,False
llama3-8b,S5,10195,physics,I,H,False
llama3-8b,S5,10199,physics,I,D,False
llama3-8b,S5,10201,physics,I,D,False
llama3-8b,S5,10206,physics,I,A,False
llama3-8b,S5,10207,physics,I,I,True
llama3-8b,S5,10209,physics,I,B,False
llama3-8b,S5,10211,physics,I,I,True
llama3-8b,S5,10213,physics,I,A,False
llama3-8b,S5,10220,physics,I,J,False
llama3-8b,S5,10226,physics,I,D,False
llama3-8b,S5,10229,physics,I,I,True
llama3-8b,S5,10235,physics,I,A,False
llama3-8b,S5,10237,physics,I,J,False
llama3-8b,S5,10240,physics,I,G,False
llama3-8b,S5,10241,physics,I,G,False
llama3-8b,S5,10243,physics,I,J,False
llama3-8b,S5,10249,physics,I,J,False
llama3-8b,S5,10250,physics,I,B,False
llama3-8b,S5,10251,physics,I,E,False
llama3-8b,S5,10253,physics,I,A,False
llama3-8b,S5,10255,physics,I,J,False
llama3-8b,S5,10259,physics,I,J,False
llama3-8b,S5,10260,physics,I,H,False
llama3-8b,S5,10261,physics,I,F,False
llama3-8b,S5,10268,physics,I,A,False
llama3-8b,S5,10273,physics,I,A,False
llama3-8b,S5,10274,physics,I,I,True
llama3-8b,S5,10276,physics,I,B,False
llama3-8b,S5,10283,physics,I,I,True
llama3-8b,S5,10286,physics,I,D,False
llama3-8b,S5,10287,physics,I,A,False
llama3-8b,S5,10292,physics,I,G,False
llama3-8b,S5,10293,physics,I,I,True
llama3-8b,S5,10295,physics,I,G,False
llama3-8b,S5,10298,physics,I,C,False
llama3-8b,S5,10299,physics,I,E,False
llama3-8b,S5,10307,physics,I,C,False
llama3-8b,S5,10308,physics,I,E,False
llama3-8b,S5,10310,physics,I,C,False
llama3-8b,S5,10311,physics,I,F,False
llama3-8b,S5,10314,physics,I,F,False
llama3-8b,S5,10316,physics,I,J,False
llama3-8b,S5,10317,physics,I,F,False
llama3-8b,S5,10318,physics,I,G,False
llama3-8b,S5,10319,physics,I,B,False
llama3-8b,S5,10320,physics,I,J,False
llama3-8b,S5,10322,physics,I,A,False
llama3-8b,S5,10324,physics,I,D,False
llama3-8b,S5,10326,physics,I,B,False
llama3-8b,S5,10330,physics,I,C,False
llama3-8b,S5,10333,physics,I,C,False
llama3-8b,S5,10335,physics,I,H,False
llama3-8b,S5,10336,physics,I,E,False
llama3-8b,S5,10337,physics,I,G,False
llama3-8b,S5,10340,physics,I,D,False
llama3-8b,S5,10344,physics,I,A,False
llama3-8b,S5,10345,physics,I,G,False
llama3-8b,S5,10346,physics,I,I,True
llama3-8b,S5,10348,physics,I,J,False
llama3-8b,S5,10349,physics,I,A,False
llama3-8b,S5,10350,physics,I,B,False
llama3-8b,S5,10352,physics,I,D,False
llama3-8b,S5,10353,physics,I,H,False
llama3-8b,S5,10354,physics,I,H,False
llama3-8b,S5,10355,physics,I,E,False
llama3-8b,S5,866,law,I,D,False
llama3-8b,S5,867,law,I,B,False
llama3-8b,S5,871,law,I,C,False
llama3-8b,S5,872,law,I,G,False
llama3-8b,S5,873,law,I,E,False
llama3-8b,S5,874,law,I,A,False
llama3-8b,S5,876,law,I,I,True
llama3-8b,S5,879,law,I,A,False
llama3-8b,S5,885,law,I,C,False
llama3-8b,S5,889,law,I,C,False
llama3-8b,S5,890,law,I,G,False
llama3-8b,S5,894,law,I,H,False
llama3-8b,S5,895,law,I,H,False
llama3-8b,S5,896,law,I,G,False
llama3-8b,S5,899,law,I,G,False
llama3-8b,S5,902,law,I,I,True
llama3-8b,S5,903,law,I,B,False
llama3-8b,S5,905,law,I,A,False
llama3-8b,S5,907,law,I,J,False
llama3-8b,S5,908,law,I,B,False
llama3-8b,S5,909,law,I,B,False
llama3-8b,S5,913,law,I,E,False
llama3-8b,S5,915,law,I,G,False
llama3-8b,S5,917,law,I,I,True
llama3-8b,S5,918,law,I,J,False
llama3-8b,S5,919,law,I,E,False
llama3-8b,S5,922,law,I,D,False
llama3-8b,S5,923,law,I,F,False
llama3-8b,S5,924,law,I,J,False
llama3-8b,S5,925,law,I,J,False
llama3-8b,S5,933,law,I,H,False
llama3-8b,S5,937,law,I,D,False
llama3-8b,S5,939,law,I,G,False
llama3-8b,S5,942,law,I,F,False
llama3-8b,S5,943,law,I,F,False
llama3-8b,S5,944,law,I,D,False
llama3-8b,S5,946,law,I,B,False
llama3-8b,S5,952,law,I,D,False
llama3-8b,S5,954,law,I,E,False
llama3-8b,S5,955,law,I,A,False
llama3-8b,S5,958,law,I,J,False
llama3-8b,S5,959,law,I,A,False
llama3-8b,S5,965,law,I,F,False
llama3-8b,S5,969,law,I,I,True
llama3-8b,S5,971,law,I,C,False
llama3-8b,S5,973,law,I,H,False
llama3-8b,S5,974,law,I,G,False
llama3-8b,S5,975,law,I,D,False
llama3-8b,S5,976,law,I,E,False
llama3-8b,S5,981,law,I,I,True
llama3-8b,S5,983,law,I,G,False
llama3-8b,S5,984,law,I,B,False
llama3-8b,S5,985,law,I,G,False
llama3-8b,S5,986,law,I,B,False
llama3-8b,S5,988,law,I,B,False
llama3-8b,S5,990,law,I,G,False
llama3-8b,S5,991,law,I,E,False
llama3-8b,S5,994,law,I,H,False
llama3-8b,S5,995,law,I,F,False
llama3-8b,S5,1000,law,I,A,False
llama3-8b,S5,1004,law,I,F,False
llama3-8b,S5,1005,law,I,D,False
llama3-8b,S5,1007,law,I,A,False
llama3-8b,S5,1008,law,I,J,False
llama3-8b,S5,1010,law,I,E,False
llama3-8b,S5,1015,law,I,F,False
llama3-8b,S5,1016,law,I,H,False
llama3-8b,S5,1017,law,I,B,False
llama3-8b,S5,1019,law,I,A,False
llama3-8b,S5,1032,law,I,D,False
llama3-8b,S5,1036,law,I,B,False
llama3-8b,S5,1038,law,I,B,False
llama3-8b,S5,1040,law,I,I,True
llama3-8b,S5,1041,law,I,I,True
llama3-8b,S5,1042,law,I,E,False
llama3-8b,S5,1044,law,I,B,False
llama3-8b,S5,1045,law,I,E,False
llama3-8b,S5,1050,law,I,A,False
llama3-8b,S5,1051,law,I,D,False
llama3-8b,S5,1052,law,I,A,False
llama3-8b,S5,1053,law,I,B,False
llama3-8b,S5,1055,law,I,C,False
llama3-8b,S5,1061,law,I,F,False
llama3-8b,S5,1063,law,I,A,False
llama3-8b,S5,1064,law,I,A,False
llama3-8b,S5,1065,law,I,F,False
llama3-8b,S5,1067,law,I,J,False
llama3-8b,S5,1068,law,I,B,False
llama3-8b,S5,1069,law,I,F,False
llama3-8b,S5,1070,law,I,E,False
llama3-8b,S5,1071,law,I,A,False
llama3-8b,S5,1072,law,I,F,False
llama3-8b,S5,1073,law,I,F,False
llama3-8b,S5,1076,law,I,D,False
llama3-8b,S5,1077,law,I,I,True
llama3-8b,S5,1078,law,I,B,False
llama3-8b,S5,1079,law,I,I,True
llama3-8b,S5,1083,law,I,A,False
llama3-8b,S5,1084,law,I,J,False
llama3-8b,S5,1085,law,I,I,True
llama3-8b,S5,1086,law,I,C,False
llama3-8b,S5,1090,law,I,A,False
llama3-8b,S5,1091,law,I,A,False
llama3-8b,S5,1094,law,I,A,False
llama3-8b,S5,1096,law,I,A,False
llama3-8b,S5,1099,law,I,I,True
llama3-8b,S5,1100,law,I,D,False
llama3-8b,S5,1101,law,I,E,False
llama3-8b,S5,1103,law,I,G,False
llama3-8b,S5,1106,law,I,C,False
llama3-8b,S5,1108,law,I,G,False
llama3-8b,S5,1110,law,I,I,True
llama3-8b,S5,1114,law,I,B,False
llama3-8b,S5,1116,law,I,A,False
llama3-8b,S5,1117,law,I,D,False
llama3-8b,S5,1123,law,I,D,False
llama3-8b,S5,1124,law,I,C,False
llama3-8b,S5,1132,law,I,F,False
llama3-8b,S5,1136,law,I,H,False
llama3-8b,S5,1137,law,I,C,False
llama3-8b,S5,1139,law,I,I,True
llama3-8b,S5,1142,law,I,I,True
llama3-8b,S5,1143,law,I,A,False
llama3-8b,S5,1144,law,I,E,False
llama3-8b,S5,1145,law,I,J,False
llama3-8b,S5,1146,law,I,E,False
llama3-8b,S5,1147,law,I,C,False
llama3-8b,S5,1154,law,I,D,False
llama3-8b,S5,1155,law,I,G,False
llama3-8b,S5,1156,law,I,C,False
llama3-8b,S5,1158,law,I,C,False
llama3-8b,S5,1159,law,I,D,False
llama3-8b,S5,1161,law,I,I,True
llama3-8b,S5,1162,law,I,F,False
llama3-8b,S5,1163,law,I,D,False
llama3-8b,S5,1165,law,I,C,False
llama3-8b,S5,1168,law,I,H,False
llama3-8b,S5,1169,law,I,F,False
llama3-8b,S5,1172,law,I,A,False
llama3-8b,S5,1174,law,I,B,False
llama3-8b,S5,1179,law,I,F,False
llama3-8b,S5,1183,law,I,A,False
llama3-8b,S5,1184,law,I,I,True
llama3-8b,S5,1185,law,I,I,True
llama3-8b,S5,1187,law,I,F,False
llama3-8b,S5,1189,law,I,E,False
llama3-8b,S5,1190,law,I,E,False
llama3-8b,S5,1191,law,I,J,False
llama3-8b,S5,1193,law,I,A,False
llama3-8b,S5,1195,law,I,J,False
llama3-8b,S5,1199,law,I,J,False
llama3-8b,S5,1203,law,I,I,True
llama3-8b,S5,1204,law,I,F,False
llama3-8b,S5,1205,law,I,H,False
llama3-8b,S5,1206,law,I,D,False
llama3-8b,S5,1207,law,I,H,False
llama3-8b,S5,1208,law,I,A,False
llama3-8b,S5,1209,law,I,I,True
llama3-8b,S5,1211,law,I,C,False
llama3-8b,S5,1212,law,I,A,False
llama3-8b,S5,1214,law,I,H,False
llama3-8b,S5,1215,law,I,J,False
llama3-8b,S5,1216,law,I,H,False
llama3-8b,S5,1218,law,I,E,False
llama3-8b,S5,1220,law,I,A,False
llama3-8b,S5,1221,law,I,G,False
llama3-8b,S5,1223,law,I,G,False
llama3-8b,S5,1227,law,I,I,True
llama3-8b,S5,1228,law,I,G,False
llama3-8b,S5,1229,law,I,H,False
llama3-8b,S5,1231,law,I,B,False
llama3-8b,S5,1237,law,I,G,False
llama3-8b,S5,1241,law,I,I,True
llama3-8b,S5,1243,law,I,B,False
llama3-8b,S5,1244,law,I,G,False
llama3-8b,S5,1245,law,I,I,True
llama3-8b,S5,1248,law,I,D,False
llama3-8b,S5,1252,law,I,A,False
llama3-8b,S5,1255,law,I,A,False
llama3-8b,S5,1259,law,I,H,False
llama3-8b,S5,1261,law,I,G,False
llama3-8b,S5,1263,law,I,B,False
llama3-8b,S5,1266,law,I,C,False
llama3-8b,S5,1267,law,I,E,False
llama3-8b,S5,1268,law,I,D,False
llama3-8b,S5,1276,law,I,A,False
llama3-8b,S5,1278,law,I,I,True
llama3-8b,S5,1279,law,I,F,False
llama3-8b,S5,1281,law,I,G,False
llama3-8b,S5,1283,law,I,I,True
llama3-8b,S5,1288,law,I,G,False
llama3-8b,S5,1291,law,I,E,False
llama3-8b,S5,1292,law,I,H,False
llama3-8b,S5,1294,law,I,H,False
llama3-8b,S5,1295,law,I,E,False
llama3-8b,S5,1302,law,I,G,False
llama3-8b,S5,1303,law,I,A,False
llama3-8b,S5,1304,law,I,A,False
llama3-8b,S5,1305,law,I,G,False
llama3-8b,S5,1307,law,I,A,False
llama3-8b,S5,1308,law,I,I,True
llama3-8b,S5,1309,law,I,E,False
llama3-8b,S5,1311,law,I,I,True
llama3-8b,S5,1317,law,I,I,True
llama3-8b,S5,1318,law,I,E,False
llama3-8b,S5,1319,law,I,A,False
llama3-8b,S5,1320,law,I,A,False
llama3-8b,S5,1322,law,I,I,True
llama3-8b,S5,1323,law,I,A,False
llama3-8b,S5,1324,law,I,B,False
llama3-8b,S5,1325,law,I,G,False
llama3-8b,S5,1326,law,I,J,False
llama3-8b,S5,1328,law,I,A,False
llama3-8b,S5,1336,law,I,J,False
llama3-8b,S5,1339,law,I,A,False
llama3-8b,S5,1344,law,I,F,False
llama3-8b,S5,1348,law,I,I,True
llama3-8b,S5,1350,law,I,H,False
llama3-8b,S5,1353,law,I,D,False
llama3-8b,S5,1356,law,I,B,False
llama3-8b,S5,1357,law,I,I,True
llama3-8b,S5,1359,law,I,A,False
llama3-8b,S5,1362,law,I,D,False
llama3-8b,S5,1363,law,I,F,False
llama3-8b,S5,1364,law,I,G,False
llama3-8b,S5,1365,law,I,H,False
llama3-8b,S5,1366,law,I,J,False
llama3-8b,S5,1368,law,I,G,False
llama3-8b,S5,1371,law,I,F,False
llama3-8b,S5,1372,law,I,J,False
llama3-8b,S5,1373,law,I,C,False
llama3-8b,S5,1375,law,I,G,False
llama3-8b,S5,1376,law,I,I,True
llama3-8b,S5,1380,law,I,C,False
llama3-8b,S5,1386,law,I,I,True
llama3-8b,S5,1388,law,I,I,True
llama3-8b,S5,1391,law,I,A,False
llama3-8b,S5,1393,law,I,B,False
llama3-8b,S5,1395,law,I,B,False
llama3-8b,S5,1398,law,I,B,False
llama3-8b,S5,1399,law,I,D,False
llama3-8b,S5,1401,law,I,G,False
llama3-8b,S5,1403,law,I,F,False
llama3-8b,S5,1404,law,I,I,True
llama3-8b,S5,1406,law,I,B,False
llama3-8b,S5,1410,law,I,H,False
llama3-8b,S5,1411,law,I,E,False
llama3-8b,S5,1413,law,I,F,False
llama3-8b,S5,1415,law,I,E,False
llama3-8b,S5,1418,law,I,B,False
llama3-8b,S5,1419,law,I,F,False
llama3-8b,S5,1420,law,I,H,False
llama3-8b,S5,1422,law,I,G,False
llama3-8b,S5,1423,law,I,G,False
llama3-8b,S5,1424,law,I,H,False
llama3-8b,S5,1425,law,I,A,False
llama3-8b,S5,1426,law,I,B,False
llama3-8b,S5,1427,law,I,J,False
llama3-8b,S5,1429,law,I,A,False
llama3-8b,S5,1431,law,I,D,False
llama3-8b,S5,1433,law,I,D,False
llama3-8b,S5,1437,law,I,J,False
llama3-8b,S5,1440,law,I,B,False
llama3-8b,S5,1441,law,I,H,False
llama3-8b,S5,1445,law,I,D,False
llama3-8b,S5,1446,law,I,G,False
llama3-8b,S5,1447,law,I,F,False
llama3-8b,S5,1449,law,I,G,False
llama3-8b,S5,1450,law,I,I,True
llama3-8b,S5,1452,law,I,D,False
llama3-8b,S5,1463,law,I,J,False
llama3-8b,S5,1464,law,I,H,False
llama3-8b,S5,1465,law,I,F,False
llama3-8b,S5,1468,law,I,E,False
llama3-8b,S5,1472,law,I,J,False
llama3-8b,S5,1473,law,I,I,True
llama3-8b,S5,1474,law,I,I,True
llama3-8b,S5,1475,law,I,B,False
llama3-8b,S5,1476,law,I,D,False
llama3-8b,S5,1479,law,I,A,False
llama3-8b,S5,1482,law,I,E,False
llama3-8b,S5,1483,law,I,G,False
llama3-8b,S5,1484,law,I,J,False
llama3-8b,S5,1486,law,I,F,False
llama3-8b,S5,1488,law,I,G,False
llama3-8b,S5,1491,law,I,H,False
llama3-8b,S5,1492,law,I,E,False
llama3-8b,S5,1496,law,I,C,False
llama3-8b,S5,1500,law,I,D,False
llama3-8b,S5,1503,law,I,F,False
llama3-8b,S5,1504,law,I,H,False
llama3-8b,S5,1505,law,I,I,True
llama3-8b,S5,1506,law,I,H,False
llama3-8b,S5,1507,law,I,H,False
llama3-8b,S5,1508,law,I,F,False
llama3-8b,S5,1510,law,I,F,False
llama3-8b,S5,1513,law,I,D,False
llama3-8b,S5,1514,law,I,H,False
llama3-8b,S5,1515,law,I,I,True
llama3-8b,S5,1516,law,I,D,False
llama3-8b,S5,1521,law,I,I,True
llama3-8b,S5,1523,law,I,D,False
llama3-8b,S5,1524,law,I,F,False
llama3-8b,S5,1526,law,I,I,True
llama3-8b,S5,1527,law,I,C,False
llama3-8b,S5,1530,law,I,I,True
llama3-8b,S5,1531,law,I,A,False
llama3-8b,S5,1533,law,I,J,False
llama3-8b,S5,1534,law,I,A,False
llama3-8b,S5,1536,law,I,F,False
llama3-8b,S5,1537,law,I,G,False
llama3-8b,S5,1539,law,I,H,False
llama3-8b,S5,1540,law,I,I,True
llama3-8b,S5,1547,law,I,G,False
llama3-8b,S5,1548,law,I,E,False
llama3-8b,S5,1550,law,I,G,False
llama3-8b,S5,1551,law,I,I,True
llama3-8b,S5,1555,law,I,F,False
llama3-8b,S5,1559,law,I,C,False
llama3-8b,S5,1560,law,I,A,False
llama3-8b,S5,1562,law,I,A,False
llama3-8b,S5,1563,law,I,A,False
llama3-8b,S5,1564,law,I,C,False
llama3-8b,S5,1565,law,I,A,False
llama3-8b,S5,1567,law,I,H,False
llama3-8b,S5,1574,law,I,F,False
llama3-8b,S5,1577,law,I,E,False
llama3-8b,S5,1580,law,I,A,False
llama3-8b,S5,1585,law,I,C,False
llama3-8b,S5,1586,law,I,E,False
llama3-8b,S5,1588,law,I,I,True
llama3-8b,S5,1590,law,I,F,False
llama3-8b,S5,1592,law,I,C,False
llama3-8b,S5,1595,law,I,J,False
llama3-8b,S5,1598,law,I,A,False
llama3-8b,S5,1599,law,I,I,True
llama3-8b,S5,1601,law,I,G,False
llama3-8b,S5,1602,law,I,E,False
llama3-8b,S5,1605,law,I,D,False
llama3-8b,S5,1606,law,I,E,False
llama3-8b,S5,1607,law,I,H,False
llama3-8b,S5,1608,law,I,C,False
llama3-8b,S5,1609,law,I,E,False
llama3-8b,S5,1612,law,I,E,False
llama3-8b,S5,1613,law,I,I,True
llama3-8b,S5,1614,law,I,E,False
llama3-8b,S5,1615,law,I,H,False
llama3-8b,S5,1619,law,I,G,False
llama3-8b,S5,1620,law,I,D,False
llama3-8b,S5,1621,law,I,G,False
llama3-8b,S5,1624,law,I,E,False
llama3-8b,S5,1634,law,I,B,False
llama3-8b,S5,1638,law,I,J,False
llama3-8b,S5,1639,law,I,C,False
llama3-8b,S5,1641,law,I,E,False
llama3-8b,S5,1642,law,I,C,False
llama3-8b,S5,1643,law,I,G,False
llama3-8b,S5,1644,law,I,I,True
llama3-8b,S5,1646,law,I,I,True
llama3-8b,S5,1647,law,I,A,False
llama3-8b,S5,1648,law,I,C,False
llama3-8b,S5,1652,law,I,I,True
llama3-8b,S5,1659,law,I,H,False
llama3-8b,S5,1660,law,I,G,False
llama3-8b,S5,1663,law,I,J,False
llama3-8b,S5,1664,law,I,C,False
llama3-8b,S5,1668,law,I,G,False
llama3-8b,S5,1669,law,I,E,False
llama3-8b,S5,1674,law,I,E,False
llama3-8b,S5,1675,law,I,G,False
llama3-8b,S5,1677,law,I,J,False
llama3-8b,S5,1678,law,I,C,False
llama3-8b,S5,1679,law,I,I,True
llama3-8b,S5,1681,law,I,A,False
llama3-8b,S5,1683,law,I,G,False
llama3-8b,S5,1688,law,I,J,False
llama3-8b,S5,1689,law,I,A,False
llama3-8b,S5,1691,law,I,J,False
llama3-8b,S5,1693,law,I,E,False
llama3-8b,S5,1695,law,I,I,True
llama3-8b,S5,1696,law,I,B,False
llama3-8b,S5,1697,law,I,C,False
llama3-8b,S5,1702,law,I,C,False
llama3-8b,S5,1704,law,I,G,False
llama3-8b,S5,1706,law,I,C,False
llama3-8b,S5,1707,law,I,H,False
llama3-8b,S5,1708,law,I,G,False
llama3-8b,S5,1709,law,I,B,False
llama3-8b,S5,1710,law,I,E,False
llama3-8b,S5,1711,law,I,E,False
llama3-8b,S5,1713,law,I,H,False
llama3-8b,S5,1714,law,I,B,False
llama3-8b,S5,1720,law,I,G,False
llama3-8b,S5,1721,law,I,A,False
llama3-8b,S5,1723,law,I,J,False
llama3-8b,S5,1725,law,I,B,False
llama3-8b,S5,1726,law,I,C,False
llama3-8b,S5,1735,law,I,F,False
llama3-8b,S5,1737,law,I,B,False
llama3-8b,S5,1740,law,I,D,False
llama3-8b,S5,1741,law,I,E,False
llama3-8b,S5,1745,law,I,A,False
llama3-8b,S5,1747,law,I,B,False
llama3-8b,S5,1748,law,I,D,False
llama3-8b,S5,1749,law,I,B,False
llama3-8b,S5,1751,law,I,J,False
llama3-8b,S5,1752,law,I,A,False
llama3-8b,S5,1754,law,I,E,False
llama3-8b,S5,1760,law,I,A,False
llama3-8b,S5,1764,law,I,A,False
llama3-8b,S5,1765,law,I,J,False
llama3-8b,S5,1769,law,I,H,False
llama3-8b,S5,1770,law,I,D,False
llama3-8b,S5,1771,law,I,G,False
llama3-8b,S5,1772,law,I,J,False
llama3-8b,S5,1773,law,I,I,True
llama3-8b,S5,1775,law,I,E,False
llama3-8b,S5,1776,law,I,J,False
llama3-8b,S5,1778,law,I,J,False
llama3-8b,S5,1779,law,I,H,False
llama3-8b,S5,1782,law,I,C,False
llama3-8b,S5,1785,law,I,A,False
llama3-8b,S5,1787,law,I,C,False
llama3-8b,S5,1788,law,I,J,False
llama3-8b,S5,1793,law,I,G,False
llama3-8b,S5,1796,law,I,E,False
llama3-8b,S5,1797,law,I,J,False
llama3-8b,S5,1798,law,I,F,False
llama3-8b,S5,1802,law,I,C,False
llama3-8b,S5,1803,law,I,J,False
llama3-8b,S5,1804,law,I,H,False
llama3-8b,S5,1810,law,I,I,True
llama3-8b,S5,1813,law,I,C,False
llama3-8b,S5,1817,law,I,F,False
llama3-8b,S5,1820,law,I,D,False
llama3-8b,S5,1826,law,I,A,False
llama3-8b,S5,1827,law,I,B,False
llama3-8b,S5,1829,law,I,C,False
llama3-8b,S5,1831,law,I,J,False
llama3-8b,S5,1832,law,I,G,False
llama3-8b,S5,1834,law,I,E,False
llama3-8b,S5,1835,law,I,B,False
llama3-8b,S5,1836,law,I,E,False
llama3-8b,S5,1837,law,I,B,False
llama3-8b,S5,1838,law,I,G,False
llama3-8b,S5,1839,law,I,B,False
llama3-8b,S5,1842,law,I,D,False
llama3-8b,S5,1848,law,I,B,False
llama3-8b,S5,1849,law,I,E,False
llama3-8b,S5,1851,law,I,G,False
llama3-8b,S5,1852,law,I,H,False
llama3-8b,S5,1853,law,I,J,False
llama3-8b,S5,1854,law,I,F,False
llama3-8b,S5,1855,law,I,H,False
llama3-8b,S5,1857,law,I,J,False
llama3-8b,S5,1860,law,I,F,False
llama3-8b,S5,1864,law,I,J,False
llama3-8b,S5,1868,law,I,C,False
llama3-8b,S5,1869,law,I,E,False
llama3-8b,S5,1871,law,I,H,False
llama3-8b,S5,1873,law,I,A,False
llama3-8b,S5,1876,law,I,E,False
llama3-8b,S5,1878,law,I,E,False
llama3-8b,S5,1879,law,I,I,True
llama3-8b,S5,1886,law,I,I,True
llama3-8b,S5,1891,law,I,H,False
llama3-8b,S5,1892,law,I,A,False
llama3-8b,S5,1895,law,I,C,False
llama3-8b,S5,1898,law,I,G,False
llama3-8b,S5,1914,law,I,C,False
llama3-8b,S5,1915,law,I,C,False
llama3-8b,S5,1917,law,I,A,False
llama3-8b,S5,1918,law,I,H,False
llama3-8b,S5,1919,law,I,I,True
llama3-8b,S5,1928,law,I,E,False
llama3-8b,S5,1931,law,I,C,False
llama3-8b,S5,1932,law,I,D,False
llama3-8b,S5,1935,law,I,H,False
llama3-8b,S5,1936,law,I,I,True
llama3-8b,S5,1940,law,I,G,False
llama3-8b,S5,1942,law,I,I,True
llama3-8b,S5,1943,law,I,G,False
llama3-8b,S5,1944,law,I,E,False
llama3-8b,S5,1947,law,I,F,False
llama3-8b,S5,1949,law,I,D,False
llama3-8b,S5,1953,law,I,A,False
llama3-8b,S5,1954,law,I,B,False
llama3-8b,S5,1956,law,I,H,False
llama3-8b,S5,1962,law,I,D,False
llama3-8b,S5,1964,law,I,G,False
llama3-8b,S5,1965,law,I,J,False
llama3-8b,S5,1966,law,I,G,False
llama3-8b,S5,1967,law,I,E,False
llama3-8b,S5,1968,law,I,G,False
llama3-8b,S5,1970,law,I,F,False
llama3-8b,S5,1971,law,I,D,False
llama3-8b,S5,1977,law,I,H,False
llama3-8b,S5,1982,law,I,G,False
llama3-8b,S5,1983,law,I,I,True
llama3-8b,S5,1984,law,I,A,False
llama3-8b,S5,1990,psychology,I,B,False
llama3-8b,S5,1993,psychology,I,J,False
llama3-8b,S5,1995,psychology,I,G,False
llama3-8b,S5,1998,psychology,I,B,False
llama3-8b,S5,2003,psychology,I,C,False
llama3-8b,S5,2004,psychology,I,E,False
llama3-8b,S5,2005,psychology,I,D,False
llama3-8b,S5,2006,psychology,I,A,False
llama3-8b,S5,2008,psychology,I,A,False
llama3-8b,S5,2009,psychology,I,H,False
llama3-8b,S5,2010,psychology,I,A,False
llama3-8b,S5,2011,psychology,I,C,False
llama3-8b,S5,2013,psychology,I,A,False
llama3-8b,S5,2014,psychology,I,B,False
llama3-8b,S5,2015,psychology,I,J,False
llama3-8b,S5,2016,psychology,I,C,False
llama3-8b,S5,2018,psychology,I,J,False
llama3-8b,S5,2019,psychology,I,I,True
llama3-8b,S5,2020,psychology,I,B,False
llama3-8b,S5,2021,psychology,I,I,True
llama3-8b,S5,2022,psychology,I,I,True
llama3-8b,S5,2023,psychology,I,E,False
llama3-8b,S5,2024,psychology,I,G,False
llama3-8b,S5,2027,psychology,I,G,False
llama3-8b,S5,2028,psychology,I,G,False
llama3-8b,S5,2030,psychology,I,F,False
llama3-8b,S5,2032,psychology,I,I,True
llama3-8b,S5,2034,psychology,I,H,False
llama3-8b,S5,2035,psychology,I,F,False
llama3-8b,S5,2036,psychology,I,F,False
llama3-8b,S5,2037,psychology,I,F,False
llama3-8b,S5,2042,psychology,I,I,True
llama3-8b,S5,2045,psychology,I,A,False
llama3-8b,S5,2048,psychology,I,F,False
llama3-8b,S5,2049,psychology,I,B,False
llama3-8b,S5,2050,psychology,I,D,False
llama3-8b,S5,2051,psychology,I,F,False
llama3-8b,S5,2053,psychology,I,F,False
llama3-8b,S5,2054,psychology,I,B,False
llama3-8b,S5,2055,psychology,I,G,False
llama3-8b,S5,2058,psychology,I,C,False
llama3-8b,S5,2059,psychology,I,C,False
llama3-8b,S5,2063,psychology,I,G,False
llama3-8b,S5,2064,psychology,I,E,False
llama3-8b,S5,2065,psychology,I,H,False
llama3-8b,S5,2066,psychology,I,E,False
llama3-8b,S5,2067,psychology,I,B,False
llama3-8b,S5,2068,psychology,I,I,True
llama3-8b,S5,2071,psychology,I,D,False
llama3-8b,S5,2072,psychology,I,B,False
llama3-8b,S5,2073,psychology,I,C,False
llama3-8b,S5,2074,psychology,I,C,False
llama3-8b,S5,2077,psychology,I,F,False
llama3-8b,S5,2078,psychology,I,J,False
llama3-8b,S5,2080,psychology,I,D,False
llama3-8b,S5,2081,psychology,I,G,False
llama3-8b,S5,2082,psychology,I,F,False
llama3-8b,S5,2084,psychology,I,G,False
llama3-8b,S5,2085,psychology,I,B,False
llama3-8b,S5,2087,psychology,I,G,False
llama3-8b,S5,2088,psychology,I,J,False
llama3-8b,S5,2089,psychology,I,E,False
llama3-8b,S5,2090,psychology,I,J,False
llama3-8b,S5,2091,psychology,I,J,False
llama3-8b,S5,2092,psychology,I,E,False
llama3-8b,S5,2096,psychology,I,A,False
llama3-8b,S5,2097,psychology,I,B,False
llama3-8b,S5,2101,psychology,I,A,False
llama3-8b,S5,2102,psychology,I,B,False
llama3-8b,S5,2104,psychology,I,J,False
llama3-8b,S5,2106,psychology,I,G,False
llama3-8b,S5,2110,psychology,I,J,False
llama3-8b,S5,2111,psychology,I,A,False
llama3-8b,S5,2114,psychology,I,J,False
llama3-8b,S5,2115,psychology,I,I,True
llama3-8b,S5,2116,psychology,I,B,False
llama3-8b,S5,2118,psychology,I,J,False
llama3-8b,S5,2119,psychology,I,E,False
llama3-8b,S5,2120,psychology,I,F,False
llama3-8b,S5,2121,psychology,I,F,False
llama3-8b,S5,2122,psychology,I,A,False
llama3-8b,S5,2123,psychology,I,B,False
llama3-8b,S5,2124,psychology,I,G,False
llama3-8b,S5,2125,psychology,I,E,False
llama3-8b,S5,2126,psychology,I,A,False
llama3-8b,S5,2127,psychology,I,B,False
llama3-8b,S5,2128,psychology,I,I,True
llama3-8b,S5,2130,psychology,I,E,False
llama3-8b,S5,2132,psychology,I,C,False
llama3-8b,S5,2133,psychology,I,H,False
llama3-8b,S5,2134,psychology,I,J,False
llama3-8b,S5,2137,psychology,I,A,False
llama3-8b,S5,2138,psychology,I,D,False
llama3-8b,S5,2139,psychology,I,A,False
llama3-8b,S5,2143,psychology,I,G,False
llama3-8b,S5,2144,psychology,I,D,False
llama3-8b,S5,2147,psychology,I,J,False
llama3-8b,S5,2148,psychology,I,F,False
llama3-8b,S5,2150,psychology,I,F,False
llama3-8b,S5,2152,psychology,I,B,False
llama3-8b,S5,2153,psychology,I,D,False
llama3-8b,S5,2159,psychology,I,H,False
llama3-8b,S5,2160,psychology,I,E,False
llama3-8b,S5,2161,psychology,I,B,False
llama3-8b,S5,2162,psychology,I,D,False
llama3-8b,S5,2163,psychology,I,H,False
llama3-8b,S5,2166,psychology,I,G,False
llama3-8b,S5,2167,psychology,I,I,True
llama3-8b,S5,2168,psychology,I,G,False
llama3-8b,S5,2170,psychology,I,H,False
llama3-8b,S5,2171,psychology,I,E,False
llama3-8b,S5,2172,psychology,I,E,False
llama3-8b,S5,2173,psychology,I,D,False
llama3-8b,S5,2174,psychology,I,A,False
llama3-8b,S5,2175,psychology,I,G,False
llama3-8b,S5,2176,psychology,I,A,False
llama3-8b,S5,2178,psychology,I,F,False
llama3-8b,S5,2179,psychology,I,F,False
llama3-8b,S5,2180,psychology,I,H,False
llama3-8b,S5,2183,psychology,I,B,False
llama3-8b,S5,2185,psychology,I,D,False
llama3-8b,S5,2187,psychology,I,D,False
llama3-8b,S5,2188,psychology,I,J,False
llama3-8b,S5,2189,psychology,I,J,False
llama3-8b,S5,2191,psychology,I,E,False
llama3-8b,S5,2193,psychology,I,B,False
llama3-8b,S5,2194,psychology,I,C,False
llama3-8b,S5,2196,psychology,I,I,True
llama3-8b,S5,2198,psychology,I,E,False
llama3-8b,S5,2201,psychology,I,F,False
llama3-8b,S5,2202,psychology,I,G,False
llama3-8b,S5,2203,psychology,I,J,False
llama3-8b,S5,2207,psychology,I,J,False
llama3-8b,S5,2208,psychology,I,C,False
llama3-8b,S5,2209,psychology,I,G,False
llama3-8b,S5,2212,psychology,I,H,False
llama3-8b,S5,2214,psychology,I,H,False
llama3-8b,S5,2215,psychology,I,E,False
llama3-8b,S5,2217,psychology,I,B,False
llama3-8b,S5,2218,psychology,I,C,False
llama3-8b,S5,2219,psychology,I,I,True
llama3-8b,S5,2220,psychology,I,G,False
llama3-8b,S5,2221,psychology,I,C,False
llama3-8b,S5,2222,psychology,I,B,False
llama3-8b,S5,2225,psychology,I,J,False
llama3-8b,S5,2226,psychology,I,D,False
llama3-8b,S5,2228,psychology,I,J,False
llama3-8b,S5,2229,psychology,I,C,False
llama3-8b,S5,2230,psychology,I,E,False
llama3-8b,S5,2232,psychology,I,G,False
llama3-8b,S5,2234,psychology,I,C,False
llama3-8b,S5,2240,psychology,I,H,False
llama3-8b,S5,2241,psychology,I,J,False
llama3-8b,S5,2242,psychology,I,F,False
llama3-8b,S5,2245,psychology,I,A,False
llama3-8b,S5,2247,psychology,I,I,True
llama3-8b,S5,2251,psychology,I,A,False
llama3-8b,S5,2252,psychology,I,G,False
llama3-8b,S5,2254,psychology,I,E,False
llama3-8b,S5,2257,psychology,I,D,False
llama3-8b,S5,2260,psychology,I,F,False
llama3-8b,S5,2261,psychology,I,E,False
llama3-8b,S5,2264,psychology,I,G,False
llama3-8b,S5,2265,psychology,I,G,False
llama3-8b,S5,2267,psychology,I,C,False
llama3-8b,S5,2269,psychology,I,G,False
llama3-8b,S5,2273,psychology,I,G,False
llama3-8b,S5,2276,psychology,I,H,False
llama3-8b,S5,2277,psychology,I,B,False
llama3-8b,S5,2278,psychology,I,I,True
llama3-8b,S5,2279,psychology,I,A,False
llama3-8b,S5,2280,psychology,I,F,False
llama3-8b,S5,2281,psychology,I,C,False
llama3-8b,S5,2282,psychology,I,H,False
llama3-8b,S5,2283,psychology,I,H,False
llama3-8b,S5,2285,psychology,I,G,False
llama3-8b,S5,2288,psychology,I,A,False
llama3-8b,S5,2289,psychology,I,G,False
llama3-8b,S5,2291,psychology,I,C,False
llama3-8b,S5,2292,psychology,I,E,False
llama3-8b,S5,2294,psychology,I,F,False
llama3-8b,S5,2295,psychology,I,J,False
llama3-8b,S5,2297,psychology,I,B,False
llama3-8b,S5,2298,psychology,I,G,False
llama3-8b,S5,2300,psychology,I,A,False
llama3-8b,S5,2302,psychology,I,E,False
llama3-8b,S5,2303,psychology,I,I,True
llama3-8b,S5,2304,psychology,I,C,False
llama3-8b,S5,2305,psychology,I,J,False
llama3-8b,S5,2306,psychology,I,F,False
llama3-8b,S5,2308,psychology,I,H,False
llama3-8b,S5,2309,psychology,I,H,False
llama3-8b,S5,2310,psychology,I,C,False
llama3-8b,S5,2312,psychology,I,E,False
llama3-8b,S5,2316,psychology,I,B,False
llama3-8b,S5,2319,psychology,I,B,False
llama3-8b,S5,2321,psychology,I,J,False
llama3-8b,S5,2324,psychology,I,G,False
llama3-8b,S5,2326,psychology,I,J,False
llama3-8b,S5,2327,psychology,I,E,False
llama3-8b,S5,2329,psychology,I,C,False
llama3-8b,S5,2330,psychology,I,E,False
llama3-8b,S5,2331,psychology,I,I,True
llama3-8b,S5,2333,psychology,I,E,False
llama3-8b,S5,2335,psychology,I,F,False
llama3-8b,S5,2339,psychology,I,H,False
llama3-8b,S5,2340,psychology,I,J,False
llama3-8b,S5,2343,psychology,I,A,False
llama3-8b,S5,2344,psychology,I,C,False
llama3-8b,S5,2345,psychology,I,F,False
llama3-8b,S5,2346,psychology,I,G,False
llama3-8b,S5,2347,psychology,I,F,False
llama3-8b,S5,2349,psychology,I,A,False
llama3-8b,S5,2351,psychology,I,B,False
llama3-8b,S5,2355,psychology,I,B,False
llama3-8b,S5,2357,psychology,I,I,True
llama3-8b,S5,2358,psychology,I,B,False
llama3-8b,S5,2359,psychology,I,I,True
llama3-8b,S5,2360,psychology,I,D,False
llama3-8b,S5,2361,psychology,I,A,False
llama3-8b,S5,2362,psychology,I,D,False
llama3-8b,S5,2363,psychology,I,A,False
llama3-8b,S5,2364,psychology,I,B,False
llama3-8b,S5,2365,psychology,I,J,False
llama3-8b,S5,2366,psychology,I,F,False
llama3-8b,S5,2368,psychology,I,C,False
llama3-8b,S5,2371,psychology,I,D,False
llama3-8b,S5,2372,psychology,I,D,False
llama3-8b,S5,2374,psychology,I,E,False
llama3-8b,S5,2377,psychology,I,J,False
llama3-8b,S5,2381,psychology,I,D,False
llama3-8b,S5,2382,psychology,I,D,False
llama3-8b,S5,2383,psychology,I,H,False
llama3-8b,S5,2387,psychology,I,A,False
llama3-8b,S5,2390,psychology,I,H,False
llama3-8b,S5,2392,psychology,I,I,True
llama3-8b,S5,2393,psychology,I,F,False
llama3-8b,S5,2394,psychology,I,A,False
llama3-8b,S5,2397,psychology,I,G,False
llama3-8b,S5,2398,psychology,I,H,False
llama3-8b,S5,2399,psychology,F,F,True
llama3-8b,S5,2400,psychology,I,B,False
llama3-8b,S5,2401,psychology,I,I,True
llama3-8b,S5,2403,psychology,I,J,False
llama3-8b,S5,2404,psychology,I,D,False
llama3-8b,S5,2405,psychology,I,E,False
llama3-8b,S5,2406,psychology,I,B,False
llama3-8b,S5,2407,psychology,I,A,False
llama3-8b,S5,2408,psychology,I,I,True
llama3-8b,S5,2409,psychology,I,E,False
llama3-8b,S5,2410,psychology,I,C,False
llama3-8b,S5,2411,psychology,I,E,False
llama3-8b,S5,2412,psychology,I,C,False
llama3-8b,S5,2413,psychology,I,I,True
llama3-8b,S5,2414,psychology,I,C,False
llama3-8b,S5,2416,psychology,I,J,False
llama3-8b,S5,2417,psychology,I,J,False
llama3-8b,S5,2418,psychology,I,H,False
llama3-8b,S5,2419,psychology,I,F,False
llama3-8b,S5,2420,psychology,I,A,False
llama3-8b,S5,2421,psychology,I,D,False
llama3-8b,S5,2422,psychology,I,B,False
llama3-8b,S5,2423,psychology,I,C,False
llama3-8b,S5,2424,psychology,I,I,True
llama3-8b,S5,2425,psychology,I,B,False
llama3-8b,S5,2426,psychology,I,H,False
llama3-8b,S5,2429,psychology,I,B,False
llama3-8b,S5,2430,psychology,I,G,False
llama3-8b,S5,2432,psychology,I,E,False
llama3-8b,S5,2434,psychology,I,F,False
llama3-8b,S5,2437,psychology,I,B,False
llama3-8b,S5,2438,psychology,I,B,False
llama3-8b,S5,2441,psychology,I,E,False
llama3-8b,S5,2442,psychology,I,G,False
llama3-8b,S5,2443,psychology,I,H,False
llama3-8b,S5,2448,psychology,I,I,True
llama3-8b,S5,2449,psychology,I,E,False
llama3-8b,S5,2450,psychology,I,G,False
llama3-8b,S5,2451,psychology,I,D,False
llama3-8b,S5,2452,psychology,I,J,False
llama3-8b,S5,2455,psychology,I,C,False
llama3-8b,S5,2458,psychology,I,F,False
llama3-8b,S5,2459,psychology,I,J,False
llama3-8b,S5,2460,psychology,I,D,False
llama3-8b,S5,2461,psychology,I,H,False
llama3-8b,S5,2463,psychology,I,C,False
llama3-8b,S5,2464,psychology,I,G,False
llama3-8b,S5,2467,psychology,I,G,False
llama3-8b,S5,2468,psychology,I,G,False
llama3-8b,S5,2470,psychology,I,C,False
llama3-8b,S5,2471,psychology,I,C,False
llama3-8b,S5,2472,psychology,I,I,True
llama3-8b,S5,2474,psychology,I,B,False
llama3-8b,S5,2475,psychology,I,C,False
llama3-8b,S5,2476,psychology,I,C,False
llama3-8b,S5,2479,psychology,I,I,True
llama3-8b,S5,2480,psychology,I,B,False
llama3-8b,S5,2481,psychology,I,D,False
llama3-8b,S5,2482,psychology,I,I,True
llama3-8b,S5,2484,psychology,I,G,False
llama3-8b,S5,2485,psychology,I,A,False
llama3-8b,S5,2486,psychology,I,F,False
llama3-8b,S5,2489,psychology,I,H,False
llama3-8b,S5,2490,psychology,I,C,False
llama3-8b,S5,2491,psychology,I,H,False
llama3-8b,S5,2492,psychology,I,A,False
llama3-8b,S5,2493,psychology,I,I,True
llama3-8b,S5,2494,psychology,I,G,False
llama3-8b,S5,2495,psychology,I,D,False
llama3-8b,S5,2497,psychology,I,A,False
llama3-8b,S5,2499,psychology,I,D,False
llama3-8b,S5,2500,psychology,I,F,False
llama3-8b,S5,2501,psychology,I,C,False
llama3-8b,S5,2502,psychology,I,C,False
llama3-8b,S5,2503,psychology,I,J,False
llama3-8b,S5,2504,psychology,I,H,False
llama3-8b,S5,2507,psychology,I,E,False
llama3-8b,S5,2508,psychology,I,E,False
llama3-8b,S5,2512,psychology,I,E,False
llama3-8b,S5,2513,psychology,I,F,False
llama3-8b,S5,2514,psychology,I,I,True
llama3-8b,S5,2515,psychology,I,B,False
llama3-8b,S5,2516,psychology,I,H,False
llama3-8b,S5,2519,psychology,I,J,False
llama3-8b,S5,2520,psychology,I,G,False
llama3-8b,S5,2522,psychology,I,H,False
llama3-8b,S5,2524,psychology,I,G,False
llama3-8b,S5,2527,psychology,I,H,False
llama3-8b,S5,2528,psychology,I,J,False
llama3-8b,S5,2530,psychology,I,C,False
llama3-8b,S5,2532,psychology,H,B,False
llama3-8b,S5,2533,psychology,I,E,False
llama3-8b,S5,2534,psychology,I,A,False
llama3-8b,S5,2535,psychology,I,D,False
llama3-8b,S5,2536,psychology,I,J,False
llama3-8b,S5,2540,psychology,I,G,False
llama3-8b,S5,2541,psychology,I,B,False
llama3-8b,S5,2542,psychology,I,H,False
llama3-8b,S5,2543,psychology,I,H,False
llama3-8b,S5,2545,psychology,I,H,False
llama3-8b,S5,2546,psychology,I,I,True
llama3-8b,S5,2548,psychology,I,G,False
llama3-8b,S5,2549,psychology,I,D,False
llama3-8b,S5,2551,psychology,I,D,False
llama3-8b,S5,2552,psychology,I,B,False
llama3-8b,S5,2554,psychology,I,A,False
llama3-8b,S5,2556,psychology,I,A,False
llama3-8b,S5,2557,psychology,I,H,False
llama3-8b,S5,2558,psychology,I,J,False
llama3-8b,S5,2560,psychology,I,A,False
llama3-8b,S5,2562,psychology,I,D,False
llama3-8b,S5,2564,psychology,I,D,False
llama3-8b,S5,2566,psychology,I,B,False
llama3-8b,S5,2568,psychology,I,E,False
llama3-8b,S5,2569,psychology,I,A,False
llama3-8b,S5,2571,psychology,I,E,False
llama3-8b,S5,2572,psychology,I,G,False
llama3-8b,S5,2573,psychology,I,B,False
llama3-8b,S5,2577,psychology,I,H,False
llama3-8b,S5,2578,psychology,I,A,False
llama3-8b,S5,2579,psychology,I,B,False
llama3-8b,S5,2581,psychology,I,B,False
llama3-8b,S5,2584,psychology,I,I,True
llama3-8b,S5,2586,psychology,I,C,False
llama3-8b,S5,2587,psychology,I,C,False
llama3-8b,S5,2588,psychology,I,C,False
llama3-8b,S5,2589,psychology,I,C,False
llama3-8b,S5,2590,psychology,I,B,False
llama3-8b,S5,2591,psychology,I,G,False
llama3-8b,S5,2593,psychology,I,F,False
llama3-8b,S5,2596,psychology,I,G,False
llama3-8b,S5,2597,psychology,I,A,False
llama3-8b,S5,2598,psychology,I,F,False
llama3-8b,S5,2599,psychology,I,A,False
llama3-8b,S5,2600,psychology,I,B,False
llama3-8b,S5,2601,psychology,I,J,False
llama3-8b,S5,2603,psychology,I,D,False
llama3-8b,S5,2604,psychology,I,D,False
llama3-8b,S5,2605,psychology,I,H,False
llama3-8b,S5,2606,psychology,I,F,False
llama3-8b,S5,2609,psychology,I,B,False
llama3-8b,S5,2610,psychology,I,J,False
llama3-8b,S5,2611,psychology,I,G,False
llama3-8b,S5,2612,psychology,I,E,False
llama3-8b,S5,2613,psychology,I,E,False
llama3-8b,S5,2614,psychology,I,G,False
llama3-8b,S5,2616,psychology,I,B,False
llama3-8b,S5,2617,psychology,I,C,False
llama3-8b,S5,2618,psychology,I,F,False
llama3-8b,S5,2619,psychology,I,F,False
llama3-8b,S5,2620,psychology,I,H,False
llama3-8b,S5,2621,psychology,I,F,False
llama3-8b,S5,2622,psychology,I,A,False
llama3-8b,S5,2625,psychology,I,G,False
llama3-8b,S5,2626,psychology,I,J,False
llama3-8b,S5,2632,psychology,I,E,False
llama3-8b,S5,2635,psychology,I,J,False
llama3-8b,S5,2639,psychology,I,H,False
llama3-8b,S5,2642,psychology,I,A,False
llama3-8b,S5,2644,psychology,I,J,False
llama3-8b,S5,2645,psychology,I,J,False
llama3-8b,S5,2646,psychology,I,I,True
llama3-8b,S5,2647,psychology,I,J,False
llama3-8b,S5,2649,psychology,I,I,True
llama3-8b,S5,2650,psychology,I,H,False
llama3-8b,S5,2651,psychology,I,D,False
llama3-8b,S5,2652,psychology,I,B,False
llama3-8b,S5,2653,psychology,I,G,False
llama3-8b,S5,2654,psychology,I,H,False
llama3-8b,S5,2655,psychology,I,A,False
llama3-8b,S5,2657,psychology,I,C,False
llama3-8b,S5,2658,psychology,I,G,False
llama3-8b,S5,2659,psychology,I,I,True
llama3-8b,S5,2661,psychology,I,B,False
llama3-8b,S5,2663,psychology,I,C,False
llama3-8b,S5,2666,psychology,I,B,False
llama3-8b,S5,2667,psychology,I,J,False
llama3-8b,S5,2668,psychology,I,E,False
llama3-8b,S5,2671,psychology,I,A,False
llama3-8b,S5,2672,psychology,I,E,False
llama3-8b,S5,2673,psychology,I,A,False
llama3-8b,S5,2674,psychology,I,F,False
llama3-8b,S5,2675,psychology,I,B,False
llama3-8b,S5,2677,psychology,I,H,False
llama3-8b,S5,2678,psychology,I,F,False
llama3-8b,S5,2679,psychology,I,G,False
llama3-8b,S5,2681,psychology,I,I,True
llama3-8b,S5,2682,psychology,I,H,False
llama3-8b,S5,2684,psychology,I,F,False
llama3-8b,S5,2687,psychology,I,D,False
llama3-8b,S5,2688,psychology,I,D,False
llama3-8b,S5,2692,psychology,I,G,False
llama3-8b,S5,2694,psychology,G,F,False
llama3-8b,S5,2695,psychology,I,E,False
llama3-8b,S5,2696,psychology,I,E,False
llama3-8b,S5,2699,psychology,I,C,False
llama3-8b,S5,2702,psychology,I,C,False
llama3-8b,S5,2703,psychology,I,H,False
llama3-8b,S5,2704,psychology,I,H,False
llama3-8b,S5,2709,psychology,I,J,False
llama3-8b,S5,2711,psychology,I,E,False
llama3-8b,S5,2712,psychology,I,H,False
llama3-8b,S5,2713,psychology,I,C,False
llama3-8b,S5,2714,psychology,I,B,False
llama3-8b,S5,2716,psychology,I,C,False
llama3-8b,S5,2718,psychology,I,H,False
llama3-8b,S5,2719,psychology,I,D,False
llama3-8b,S5,2724,psychology,I,D,False
llama3-8b,S5,2725,psychology,I,F,False
llama3-8b,S5,2727,psychology,I,D,False
llama3-8b,S5,2728,psychology,I,J,False
llama3-8b,S5,2731,psychology,I,I,True
llama3-8b,S5,2732,psychology,I,E,False
llama3-8b,S5,2733,psychology,I,B,False
llama3-8b,S5,2735,psychology,I,B,False
llama3-8b,S5,2736,psychology,I,D,False
llama3-8b,S5,2737,psychology,I,F,False
llama3-8b,S5,2739,psychology,I,H,False
llama3-8b,S5,2741,psychology,I,F,False
llama3-8b,S5,2742,psychology,I,H,False
llama3-8b,S5,2743,psychology,I,D,False
llama3-8b,S5,2744,psychology,I,F,False
llama3-8b,S5,2745,psychology,I,F,False
llama3-8b,S5,2746,psychology,I,I,True
llama3-8b,S5,2747,psychology,I,E,False
llama3-8b,S5,2748,psychology,I,F,False
llama3-8b,S5,2749,psychology,I,C,False
llama3-8b,S5,2750,psychology,I,B,False
llama3-8b,S5,2751,psychology,I,G,False
llama3-8b,S5,2752,psychology,I,D,False
llama3-8b,S5,2753,psychology,I,I,True
llama3-8b,S5,2754,psychology,I,H,False
llama3-8b,S5,2756,psychology,I,E,False
llama3-8b,S5,2758,psychology,I,I,True
llama3-8b,S5,2762,psychology,I,B,False
llama3-8b,S5,2763,psychology,I,D,False
llama3-8b,S5,2765,psychology,I,E,False
llama3-8b,S5,2766,psychology,I,I,True
llama3-8b,S5,2768,psychology,I,H,False
llama3-8b,S5,2769,psychology,I,E,False
llama3-8b,S5,2770,psychology,I,G,False
llama3-8b,S5,2775,psychology,I,G,False
llama3-8b,S5,2778,psychology,I,A,False
llama3-8b,S5,2781,psychology,I,D,False
llama3-8b,S5,2782,psychology,I,D,False
llama3-8b,S5,2783,psychology,I,I,True
llama3-8b,S5,2784,psychology,I,A,False
llama3-8b,S5,2785,psychology,I,E,False
llama3-8b,S5,2786,psychology,I,B,False
llama3-8b,S5,2787,psychology,I,G,False
llama3-8b,S5,2788,psychology,I,B,False
llama3-8b,S5,2789,psychology,I,G,False
llama3-8b,S5,2790,psychology,I,F,False
llama3-8b,S5,2792,psychology,I,E,False
llama3-8b,S5,2794,psychology,I,B,False
llama3-8b,S5,2797,psychology,I,H,False
llama3-8b,S5,2798,psychology,I,B,False
llama3-8b,S5,2799,psychology,I,I,True
llama3-8b,S5,2800,psychology,I,C,False
llama3-8b,S5,2802,psychology,I,G,False
llama3-8b,S5,6827,economics,I,A,False
llama3-8b,S5,6829,economics,I,I,True
llama3-8b,S5,6833,economics,I,B,False
llama3-8b,S5,6834,economics,I,I,True
llama3-8b,S5,6836,economics,I,E,False
llama3-8b,S5,6837,economics,I,A,False
llama3-8b,S5,6839,economics,I,D,False
llama3-8b,S5,6840,economics,I,G,False
llama3-8b,S5,6842,economics,I,A,False
llama3-8b,S5,6843,economics,I,E,False
llama3-8b,S5,6844,economics,I,H,False
llama3-8b,S5,6846,economics,I,A,False
llama3-8b,S5,6853,economics,I,F,False
llama3-8b,S5,6854,economics,I,I,True
llama3-8b,S5,6857,economics,I,A,False
llama3-8b,S5,6858,economics,I,C,False
llama3-8b,S5,6859,economics,I,G,False
llama3-8b,S5,6860,economics,I,J,False
llama3-8b,S5,6864,economics,I,D,False
llama3-8b,S5,6865,economics,I,H,False
llama3-8b,S5,6866,economics,I,G,False
llama3-8b,S5,6867,economics,I,C,False
llama3-8b,S5,6869,economics,I,C,False
llama3-8b,S5,6872,economics,I,C,False
llama3-8b,S5,6873,economics,I,I,True
llama3-8b,S5,6875,economics,I,A,False
llama3-8b,S5,6876,economics,I,A,False
llama3-8b,S5,6877,economics,I,E,False
llama3-8b,S5,6878,economics,I,C,False
llama3-8b,S5,6879,economics,I,G,False
llama3-8b,S5,6880,economics,I,D,False
llama3-8b,S5,6881,economics,I,G,False
llama3-8b,S5,6882,economics,I,J,False
llama3-8b,S5,6883,economics,I,C,False
llama3-8b,S5,6887,economics,I,I,True
llama3-8b,S5,6888,economics,I,G,False
llama3-8b,S5,6889,economics,I,H,False
llama3-8b,S5,6894,economics,I,F,False
llama3-8b,S5,6895,economics,I,J,False
llama3-8b,S5,6896,economics,I,F,False
llama3-8b,S5,6897,economics,I,B,False
llama3-8b,S5,6900,economics,I,C,False
llama3-8b,S5,6905,economics,I,I,True
llama3-8b,S5,6906,economics,I,E,False
llama3-8b,S5,6908,economics,I,C,False
llama3-8b,S5,6909,economics,I,C,False
llama3-8b,S5,6910,economics,I,J,False
llama3-8b,S5,6912,economics,I,B,False
llama3-8b,S5,6913,economics,I,C,False
llama3-8b,S5,6917,economics,I,J,False
llama3-8b,S5,6918,economics,I,A,False
llama3-8b,S5,6919,economics,I,A,False
llama3-8b,S5,6921,economics,I,A,False
llama3-8b,S5,6923,economics,I,B,False
llama3-8b,S5,6929,economics,I,B,False
llama3-8b,S5,6930,economics,I,G,False
llama3-8b,S5,6931,economics,I,C,False
llama3-8b,S5,6932,economics,I,I,True
llama3-8b,S5,6933,economics,I,C,False
llama3-8b,S5,6934,economics,I,E,False
llama3-8b,S5,6935,economics,I,G,False
llama3-8b,S5,6936,economics,I,E,False
llama3-8b,S5,6937,economics,I,E,False
llama3-8b,S5,6938,economics,I,D,False
llama3-8b,S5,6939,economics,I,H,False
llama3-8b,S5,6940,economics,I,B,False
llama3-8b,S5,6941,economics,I,J,False
llama3-8b,S5,6944,economics,I,A,False
llama3-8b,S5,6946,economics,I,H,False
llama3-8b,S5,6947,economics,I,I,True
llama3-8b,S5,6948,economics,I,D,False
llama3-8b,S5,6950,economics,I,J,False
llama3-8b,S5,6951,economics,I,J,False
llama3-8b,S5,6952,economics,I,F,False
llama3-8b,S5,6953,economics,I,I,True
llama3-8b,S5,6955,economics,I,G,False
llama3-8b,S5,6956,economics,I,H,False
llama3-8b,S5,6958,economics,I,B,False
llama3-8b,S5,6959,economics,I,G,False
llama3-8b,S5,6965,economics,I,B,False
llama3-8b,S5,6966,economics,I,A,False
llama3-8b,S5,6970,economics,I,B,False
llama3-8b,S5,6971,economics,I,J,False
llama3-8b,S5,6973,economics,I,F,False
llama3-8b,S5,6974,economics,I,A,False
llama3-8b,S5,6975,economics,I,E,False
llama3-8b,S5,6976,economics,I,B,False
llama3-8b,S5,6977,economics,I,I,True
llama3-8b,S5,6978,economics,I,G,False
llama3-8b,S5,6979,economics,I,E,False
llama3-8b,S5,6980,economics,I,G,False
llama3-8b,S5,6981,economics,I,J,False
llama3-8b,S5,6982,economics,I,H,False
llama3-8b,S5,6984,economics,I,F,False
llama3-8b,S5,6986,economics,I,A,False
llama3-8b,S5,6987,economics,I,H,False
llama3-8b,S5,6988,economics,I,E,False
llama3-8b,S5,6996,economics,I,A,False
llama3-8b,S5,6998,economics,I,H,False
llama3-8b,S5,6999,economics,I,A,False
llama3-8b,S5,7000,economics,I,H,False
llama3-8b,S5,7002,economics,I,C,False
llama3-8b,S5,7003,economics,I,A,False
llama3-8b,S5,7005,economics,I,I,True
llama3-8b,S5,7009,economics,I,D,False
llama3-8b,S5,7012,economics,I,B,False
llama3-8b,S5,7014,economics,I,B,False
llama3-8b,S5,7015,economics,I,E,False
llama3-8b,S5,7018,economics,I,E,False
llama3-8b,S5,7019,economics,I,F,False
llama3-8b,S5,7020,economics,I,J,False
llama3-8b,S5,7021,economics,I,C,False
llama3-8b,S5,7022,economics,I,J,False
llama3-8b,S5,7023,economics,I,C,False
llama3-8b,S5,7026,economics,I,E,False
llama3-8b,S5,7027,economics,I,B,False
llama3-8b,S5,7032,economics,I,C,False
llama3-8b,S5,7033,economics,I,I,True
llama3-8b,S5,7034,economics,I,D,False
llama3-8b,S5,7035,economics,I,H,False
llama3-8b,S5,7037,economics,I,F,False
llama3-8b,S5,7038,economics,I,E,False
llama3-8b,S5,7040,economics,I,I,True
llama3-8b,S5,7041,economics,I,A,False
llama3-8b,S5,7042,economics,I,H,False
llama3-8b,S5,7043,economics,I,C,False
llama3-8b,S5,7044,economics,I,C,False
llama3-8b,S5,7050,economics,I,B,False
llama3-8b,S5,7051,economics,I,J,False
llama3-8b,S5,7052,economics,I,D,False
llama3-8b,S5,7053,economics,I,G,False
llama3-8b,S5,7054,economics,I,C,False
llama3-8b,S5,7056,economics,I,C,False
llama3-8b,S5,7057,economics,I,G,False
llama3-8b,S5,7059,economics,I,I,True
llama3-8b,S5,7064,economics,I,A,False
llama3-8b,S5,7065,economics,I,J,False
llama3-8b,S5,7066,economics,I,C,False
llama3-8b,S5,7068,economics,I,D,False
llama3-8b,S5,7073,economics,I,E,False
llama3-8b,S5,7075,economics,I,F,False
llama3-8b,S5,7076,economics,I,J,False
llama3-8b,S5,7077,economics,I,J,False
llama3-8b,S5,7078,economics,I,F,False
llama3-8b,S5,7079,economics,I,F,False
llama3-8b,S5,7081,economics,I,D,False
llama3-8b,S5,7082,economics,I,J,False
llama3-8b,S5,7083,economics,I,A,False
llama3-8b,S5,7086,economics,I,F,False
llama3-8b,S5,7087,economics,I,B,False
llama3-8b,S5,7088,economics,I,I,True
llama3-8b,S5,7089,economics,I,H,False
llama3-8b,S5,7090,economics,I,J,False
llama3-8b,S5,7091,economics,I,E,False
llama3-8b,S5,7092,economics,I,G,False
llama3-8b,S5,7093,economics,I,B,False
llama3-8b,S5,7094,economics,I,I,True
llama3-8b,S5,7097,economics,I,B,False
llama3-8b,S5,7107,economics,I,B,False
llama3-8b,S5,7108,economics,I,H,False
llama3-8b,S5,7109,economics,I,F,False
llama3-8b,S5,7110,economics,I,I,True
llama3-8b,S5,7111,economics,I,F,False
llama3-8b,S5,7112,economics,I,G,False
llama3-8b,S5,7114,economics,I,G,False
llama3-8b,S5,7115,economics,I,A,False
llama3-8b,S5,7116,economics,I,J,False
llama3-8b,S5,7119,economics,I,J,False
llama3-8b,S5,7123,economics,I,F,False
llama3-8b,S5,7124,economics,I,B,False
llama3-8b,S5,7126,economics,I,J,False
llama3-8b,S5,7127,economics,I,F,False
llama3-8b,S5,7128,economics,I,J,False
llama3-8b,S5,7129,economics,I,I,True
llama3-8b,S5,7133,economics,I,C,False
llama3-8b,S5,7134,economics,I,B,False
llama3-8b,S5,7135,economics,I,D,False
llama3-8b,S5,7136,economics,I,H,False
llama3-8b,S5,7137,economics,I,H,False
llama3-8b,S5,7138,economics,I,D,False
llama3-8b,S5,7139,economics,I,I,True
llama3-8b,S5,7140,economics,I,A,False
llama3-8b,S5,7142,economics,I,C,False
llama3-8b,S5,7146,economics,I,D,False
llama3-8b,S5,7147,economics,I,D,False
llama3-8b,S5,7148,economics,I,G,False
llama3-8b,S5,7149,economics,I,D,False
llama3-8b,S5,7150,economics,I,H,False
llama3-8b,S5,7153,economics,I,C,False
llama3-8b,S5,7158,economics,I,G,False
llama3-8b,S5,7159,economics,I,H,False
llama3-8b,S5,7160,economics,I,D,False
llama3-8b,S5,7165,economics,I,F,False
llama3-8b,S5,7167,economics,I,J,False
llama3-8b,S5,7169,economics,I,C,False
llama3-8b,S5,7170,economics,I,H,False
llama3-8b,S5,7172,economics,I,B,False
llama3-8b,S5,7174,economics,I,D,False
llama3-8b,S5,7175,economics,I,B,False
llama3-8b,S5,7176,economics,I,D,False
llama3-8b,S5,7177,economics,I,C,False
llama3-8b,S5,7181,economics,I,D,False
llama3-8b,S5,7182,economics,I,F,False
llama3-8b,S5,7183,economics,I,A,False
llama3-8b,S5,7186,economics,I,D,False
llama3-8b,S5,7188,economics,I,A,False
llama3-8b,S5,7191,economics,I,A,False
llama3-8b,S5,7194,economics,I,B,False
llama3-8b,S5,7196,economics,I,B,False
llama3-8b,S5,7198,economics,I,G,False
llama3-8b,S5,7200,economics,I,B,False
llama3-8b,S5,7201,economics,I,H,False
llama3-8b,S5,7203,economics,I,G,False
llama3-8b,S5,7204,economics,I,C,False
llama3-8b,S5,7208,economics,I,E,False
llama3-8b,S5,7210,economics,I,F,False
llama3-8b,S5,7211,economics,I,F,False
llama3-8b,S5,7213,economics,I,J,False
llama3-8b,S5,7215,economics,I,A,False
llama3-8b,S5,7216,economics,I,A,False
llama3-8b,S5,7217,economics,I,B,False
llama3-8b,S5,7218,economics,I,E,False
llama3-8b,S5,7219,economics,I,G,False
llama3-8b,S5,7223,economics,I,A,False
llama3-8b,S5,7225,economics,I,H,False
llama3-8b,S5,7228,economics,I,C,False
llama3-8b,S5,7233,economics,I,A,False
llama3-8b,S5,7234,economics,I,A,False
llama3-8b,S5,7235,economics,I,I,True
llama3-8b,S5,7236,economics,I,D,False
llama3-8b,S5,7237,economics,I,I,True
llama3-8b,S5,7238,economics,I,E,False
llama3-8b,S5,7239,economics,I,F,False
llama3-8b,S5,7240,economics,I,B,False
llama3-8b,S5,7241,economics,I,I,True
llama3-8b,S5,7243,economics,I,D,False
llama3-8b,S5,7245,economics,I,B,False
llama3-8b,S5,7246,economics,I,B,False
llama3-8b,S5,7248,economics,I,A,False
llama3-8b,S5,7249,economics,I,J,False
llama3-8b,S5,7250,economics,I,G,False
llama3-8b,S5,7251,economics,I,E,False
llama3-8b,S5,7253,economics,I,A,False
llama3-8b,S5,7256,economics,I,D,False
llama3-8b,S5,7258,economics,I,J,False
llama3-8b,S5,7259,economics,I,C,False
llama3-8b,S5,7260,economics,I,G,False
llama3-8b,S5,7262,economics,I,B,False
llama3-8b,S5,7263,economics,I,F,False
llama3-8b,S5,7264,economics,I,J,False
llama3-8b,S5,7265,economics,I,E,False
llama3-8b,S5,7266,economics,I,I,True
llama3-8b,S5,7267,economics,I,I,True
llama3-8b,S5,7268,economics,I,H,False
llama3-8b,S5,7269,economics,I,C,False
llama3-8b,S5,7270,economics,I,E,False
llama3-8b,S5,7271,economics,I,H,False
llama3-8b,S5,7273,economics,I,B,False
llama3-8b,S5,7275,economics,I,E,False
llama3-8b,S5,7277,economics,I,B,False
llama3-8b,S5,7278,economics,I,J,False
llama3-8b,S5,7279,economics,I,E,False
llama3-8b,S5,7280,economics,I,F,False
llama3-8b,S5,7282,economics,I,F,False
llama3-8b,S5,7283,economics,I,E,False
llama3-8b,S5,7284,economics,I,C,False
llama3-8b,S5,7285,economics,I,E,False
llama3-8b,S5,7286,economics,I,H,False
llama3-8b,S5,7287,economics,I,I,True
llama3-8b,S5,7290,economics,I,J,False
llama3-8b,S5,7291,economics,I,G,False
llama3-8b,S5,7295,economics,I,A,False
llama3-8b,S5,7296,economics,I,D,False
llama3-8b,S5,7297,economics,I,I,True
llama3-8b,S5,7298,economics,I,D,False
llama3-8b,S5,7299,economics,I,H,False
llama3-8b,S5,7300,economics,I,G,False
llama3-8b,S5,7302,economics,I,G,False
llama3-8b,S5,7304,economics,I,C,False
llama3-8b,S5,7309,economics,I,J,False
llama3-8b,S5,7310,economics,I,I,True
llama3-8b,S5,7313,economics,I,E,False
llama3-8b,S5,7314,economics,I,J,False
llama3-8b,S5,7315,economics,I,H,False
llama3-8b,S5,7317,economics,I,F,False
llama3-8b,S5,7318,economics,I,F,False
llama3-8b,S5,7325,economics,I,C,False
llama3-8b,S5,7326,economics,I,E,False
llama3-8b,S5,7327,economics,I,C,False
llama3-8b,S5,7328,economics,I,A,False
llama3-8b,S5,7329,economics,I,B,False
llama3-8b,S5,7331,economics,I,F,False
llama3-8b,S5,7339,economics,I,F,False
llama3-8b,S5,7341,economics,I,F,False
llama3-8b,S5,7342,economics,I,F,False
llama3-8b,S5,7344,economics,I,J,False
llama3-8b,S5,7345,economics,I,G,False
llama3-8b,S5,7346,economics,I,C,False
llama3-8b,S5,7348,economics,I,I,True
llama3-8b,S5,7351,economics,I,F,False
llama3-8b,S5,7352,economics,I,F,False
llama3-8b,S5,7358,economics,I,A,False
llama3-8b,S5,7359,economics,I,B,False
llama3-8b,S5,7360,economics,I,H,False
llama3-8b,S5,7361,economics,I,I,True
llama3-8b,S5,7363,economics,I,G,False
llama3-8b,S5,7365,economics,I,F,False
llama3-8b,S5,7366,economics,I,D,False
llama3-8b,S5,7370,economics,I,E,False
llama3-8b,S5,7371,economics,I,C,False
llama3-8b,S5,7372,economics,I,F,False
llama3-8b,S5,7374,economics,I,J,False
llama3-8b,S5,7375,economics,I,I,True
llama3-8b,S5,7376,economics,I,H,False
llama3-8b,S5,7377,economics,I,F,False
llama3-8b,S5,7380,economics,I,F,False
llama3-8b,S5,7383,economics,I,G,False
llama3-8b,S5,7384,economics,I,B,False
llama3-8b,S5,7385,economics,I,H,False
llama3-8b,S5,7386,economics,I,G,False
llama3-8b,S5,7388,economics,I,A,False
llama3-8b,S5,7391,economics,I,A,False
llama3-8b,S5,7392,economics,I,B,False
llama3-8b,S5,7393,economics,I,J,False
llama3-8b,S5,7394,economics,I,C,False
llama3-8b,S5,7396,economics,I,G,False
llama3-8b,S5,7398,economics,I,F,False
llama3-8b,S5,7399,economics,I,I,True
llama3-8b,S5,7400,economics,I,C,False
llama3-8b,S5,7402,economics,I,B,False
llama3-8b,S5,7403,economics,I,B,False
llama3-8b,S5,7404,economics,I,J,False
llama3-8b,S5,7405,economics,I,C,False
llama3-8b,S5,7406,economics,I,J,False
llama3-8b,S5,7407,economics,I,G,False
llama3-8b,S5,7408,economics,I,A,False
llama3-8b,S5,7409,economics,I,C,False
llama3-8b,S5,7410,economics,I,D,False
llama3-8b,S5,7411,economics,I,D,False
llama3-8b,S5,7412,economics,I,J,False
llama3-8b,S5,7415,economics,I,H,False
llama3-8b,S5,7417,economics,I,I,True
llama3-8b,S5,7418,economics,I,D,False
llama3-8b,S5,7419,economics,I,J,False
llama3-8b,S5,7428,economics,I,F,False
llama3-8b,S5,7429,economics,I,E,False
llama3-8b,S5,7430,economics,I,H,False
llama3-8b,S5,7431,economics,I,E,False
llama3-8b,S5,7433,economics,I,H,False
llama3-8b,S5,7434,economics,I,G,False
llama3-8b,S5,7436,economics,I,D,False
llama3-8b,S5,7437,economics,I,A,False
llama3-8b,S5,7439,economics,I,G,False
llama3-8b,S5,7442,economics,I,I,True
llama3-8b,S5,7443,economics,I,F,False
llama3-8b,S5,7444,economics,I,A,False
llama3-8b,S5,7445,economics,I,I,True
llama3-8b,S5,7447,economics,I,J,False
llama3-8b,S5,7449,economics,I,G,False
llama3-8b,S5,7450,economics,I,H,False
llama3-8b,S5,7452,economics,I,C,False
llama3-8b,S5,7453,economics,I,I,True
llama3-8b,S5,7456,economics,I,F,False
llama3-8b,S5,7459,economics,I,C,False
llama3-8b,S5,7460,economics,I,G,False
llama3-8b,S5,7461,economics,I,G,False
llama3-8b,S5,7464,economics,I,H,False
llama3-8b,S5,7466,economics,I,H,False
llama3-8b,S5,7469,economics,I,G,False
llama3-8b,S5,7470,economics,I,E,False
llama3-8b,S5,7471,economics,I,C,False
llama3-8b,S5,7473,economics,I,H,False
llama3-8b,S5,7474,economics,I,A,False
llama3-8b,S5,7477,economics,I,I,True
llama3-8b,S5,7479,economics,I,J,False
llama3-8b,S5,7483,economics,I,I,True
llama3-8b,S5,7484,economics,I,B,False
llama3-8b,S5,7485,economics,I,F,False
llama3-8b,S5,7492,economics,I,I,True
llama3-8b,S5,7493,economics,I,G,False
llama3-8b,S5,7494,economics,I,J,False
llama3-8b,S5,7496,economics,I,G,False
llama3-8b,S5,7500,economics,I,H,False
llama3-8b,S5,7501,economics,I,G,False
llama3-8b,S5,7502,economics,I,F,False
llama3-8b,S5,7504,economics,I,C,False
llama3-8b,S5,7505,economics,I,J,False
llama3-8b,S5,7508,economics,I,C,False
llama3-8b,S5,7509,economics,I,E,False
llama3-8b,S5,7510,economics,I,I,True
llama3-8b,S5,7512,economics,I,J,False
llama3-8b,S5,7514,economics,I,C,False
llama3-8b,S5,7516,economics,I,A,False
llama3-8b,S5,7521,economics,I,H,False
llama3-8b,S5,7522,economics,I,F,False
llama3-8b,S5,7523,economics,I,C,False
llama3-8b,S5,7524,economics,I,I,True
llama3-8b,S5,7525,economics,I,C,False
llama3-8b,S5,7526,economics,I,B,False
llama3-8b,S5,7529,economics,I,G,False
llama3-8b,S5,7530,economics,I,I,True
llama3-8b,S5,7532,economics,I,A,False
llama3-8b,S5,7533,economics,I,E,False
llama3-8b,S5,7534,economics,I,H,False
llama3-8b,S5,7536,economics,I,F,False
llama3-8b,S5,7537,economics,I,B,False
llama3-8b,S5,7538,economics,I,B,False
llama3-8b,S5,7539,economics,I,C,False
llama3-8b,S5,7540,economics,I,G,False
llama3-8b,S5,7542,economics,I,A,False
llama3-8b,S5,7543,economics,I,H,False
llama3-8b,S5,7544,economics,I,I,True
llama3-8b,S5,7545,economics,I,A,False
llama3-8b,S5,7546,economics,I,A,False
llama3-8b,S5,7547,economics,I,G,False
llama3-8b,S5,7548,economics,I,B,False
llama3-8b,S5,7549,economics,I,D,False
llama3-8b,S5,7550,economics,I,I,True
llama3-8b,S5,7551,economics,I,D,False
llama3-8b,S5,7552,economics,I,C,False
llama3-8b,S5,7554,economics,I,E,False
llama3-8b,S5,7556,economics,I,D,False
llama3-8b,S5,7560,economics,I,J,False
llama3-8b,S5,7561,economics,I,G,False
llama3-8b,S5,7562,economics,I,E,False
llama3-8b,S5,7564,economics,I,D,False
llama3-8b,S5,7565,economics,I,D,False
llama3-8b,S5,7566,economics,I,C,False
llama3-8b,S5,7567,economics,I,E,False
llama3-8b,S5,7568,economics,I,D,False
llama3-8b,S5,7572,economics,I,E,False
llama3-8b,S5,7573,economics,I,F,False
llama3-8b,S5,7575,economics,I,D,False
llama3-8b,S5,7580,economics,I,J,False
llama3-8b,S5,7582,economics,I,E,False
llama3-8b,S5,7583,economics,I,E,False
llama3-8b,S5,7584,economics,I,J,False
llama3-8b,S5,7586,economics,I,G,False
llama3-8b,S5,7590,economics,I,A,False
llama3-8b,S5,7592,economics,I,G,False
llama3-8b,S5,7593,economics,I,B,False
llama3-8b,S5,7594,economics,I,C,False
llama3-8b,S5,7596,economics,I,G,False
llama3-8b,S5,7599,economics,I,J,False
llama3-8b,S5,7600,economics,I,C,False
llama3-8b,S5,7602,economics,I,B,False
llama3-8b,S5,7603,economics,I,B,False
llama3-8b,S5,7604,economics,I,A,False
llama3-8b,S5,7606,economics,I,H,False
llama3-8b,S5,7607,economics,I,J,False
llama3-8b,S5,7608,economics,I,D,False
llama3-8b,S5,7610,economics,I,A,False
llama3-8b,S5,7611,economics,I,E,False
llama3-8b,S5,7613,economics,I,G,False
llama3-8b,S5,7614,economics,I,J,False
llama3-8b,S5,7617,economics,I,D,False
llama3-8b,S5,7618,economics,I,A,False
llama3-8b,S5,7619,economics,I,B,False
llama3-8b,S5,7620,economics,I,G,False
llama3-8b,S5,7621,economics,I,A,False
llama3-8b,S5,7622,economics,I,B,False
llama3-8b,S5,7623,economics,I,D,False
llama3-8b,S5,7626,economics,I,G,False
llama3-8b,S5,7629,economics,I,A,False
llama3-8b,S5,7630,economics,I,I,True
llama3-8b,S5,7632,economics,I,D,False
llama3-8b,S5,7634,economics,I,H,False
llama3-8b,S5,7638,economics,I,E,False
llama3-8b,S5,7639,economics,I,D,False
llama3-8b,S5,7640,economics,I,G,False
llama3-8b,S5,7641,economics,I,A,False
llama3-8b,S5,7644,economics,I,D,False
llama3-8b,S5,7645,economics,I,D,False
llama3-8b,S5,7646,economics,I,J,False
llama3-8b,S5,7648,economics,I,I,True
llama3-8b,S5,7649,economics,I,G,False
llama3-8b,S5,7650,economics,I,H,False
llama3-8b,S5,7651,economics,I,B,False
llama3-8b,S5,7655,economics,I,F,False
llama3-8b,S5,7656,economics,I,J,False
llama3-8b,S5,7657,economics,I,D,False
llama3-8b,S5,7658,economics,I,I,True
llama3-8b,S5,7662,economics,I,F,False
llama3-8b,S5,7664,economics,I,B,False
llama3-8b,S5,7665,economics,I,E,False
llama3-8b,S5,7667,economics,I,B,False
llama3-8b,S5,7669,economics,I,E,False
llama3-8b,S5,7670,economics,I,H,False
llama3-8b,S5,7671,economics,I,J,False
llama3-8b,S5,7672,economics,I,H,False
llama3-8b,S5,7673,economics,I,E,False
llama3-8b,S5,7674,economics,I,A,False
llama3-8b,S5,7675,economics,I,H,False
llama3-8b,S5,7676,economics,I,B,False
llama3-8b,S5,7677,economics,I,E,False
llama3-8b,S5,7678,economics,I,B,False
llama3-8b,S5,7679,economics,I,B,False
llama3-8b,S5,7681,economics,I,F,False
llama3-8b,S5,7684,economics,I,I,True
llama3-8b,S5,7686,economics,I,J,False
llama3-8b,H,9047,physics,C,B,False
llama3-8b,H,9048,physics,A,J,False
llama3-8b,H,9049,physics,F,F,True
llama3-8b,H,9052,physics,G,C,False
llama3-8b,H,9054,physics,D,H,False
llama3-8b,H,9055,physics,F,F,True
llama3-8b,H,9059,physics,B,B,True
llama3-8b,H,9060,physics,F,A,False
llama3-8b,H,9061,physics,A,C,False
llama3-8b,H,9069,physics,D,G,False
llama3-8b,H,9070,physics,C,D,False
llama3-8b,H,9071,physics,B,D,False
llama3-8b,H,9074,physics,B,H,False
llama3-8b,H,9082,physics,G,E,False
llama3-8b,H,9085,physics,A,I,False
llama3-8b,H,9086,physics,F,G,False
llama3-8b,H,9088,physics,C,G,False
llama3-8b,H,9089,physics,D,D,True
llama3-8b,H,9091,physics,D,A,False
llama3-8b,H,9097,physics,B,A,False
llama3-8b,H,9098,physics,F,A,False
llama3-8b,H,9100,physics,G,B,False
llama3-8b,H,9104,physics,C,J,False
llama3-8b,H,9105,physics,D,B,False
llama3-8b,H,9106,physics,F,E,False
llama3-8b,H,9107,physics,D,A,False
llama3-8b,H,9108,physics,E,G,False
llama3-8b,H,9110,physics,F,B,False
llama3-8b,H,9111,physics,B,B,True
llama3-8b,H,9115,physics,J,J,True
llama3-8b,H,9116,physics,D,A,False
llama3-8b,H,9117,physics,C,F,False
llama3-8b,H,9120,physics,A,D,False
llama3-8b,H,9121,physics,D,H,False
llama3-8b,H,9123,physics,A,A,True
llama3-8b,H,9129,physics,G,F,False
llama3-8b,H,9130,physics,C,J,False
llama3-8b,H,9135,physics,E,E,True
llama3-8b,H,9140,physics,D,D,True
llama3-8b,H,9141,physics,D,A,False
llama3-8b,H,9142,physics,E,G,False
llama3-8b,H,9143,physics,D,H,False
llama3-8b,H,9147,physics,H,J,False
llama3-8b,H,9149,physics,C,I,False
llama3-8b,H,9152,physics,A,D,False
llama3-8b,H,9153,physics,E,H,False
llama3-8b,H,9156,physics,G,A,False
llama3-8b,H,9157,physics,C,C,True
llama3-8b,H,9158,physics,C,E,False
llama3-8b,H,9161,physics,B,A,False
llama3-8b,H,9165,physics,B,B,True
llama3-8b,H,9167,physics,F,C,False
llama3-8b,H,9169,physics,E,F,False
llama3-8b,H,9171,physics,C,F,False
llama3-8b,H,9178,physics,E,D,False
llama3-8b,H,9179,physics,E,G,False
llama3-8b,H,9181,physics,J,A,False
llama3-8b,H,9182,physics,B,F,False
llama3-8b,H,9183,physics,E,H,False
llama3-8b,H,9185,physics,D,J,False
llama3-8b,H,9186,physics,E,B,False
llama3-8b,H,9189,physics,H,J,False
llama3-8b,H,9190,physics,B,F,False
llama3-8b,H,9193,physics,A,D,False
llama3-8b,H,9194,physics,C,C,True
llama3-8b,H,9199,physics,E,E,True
llama3-8b,H,9200,physics,F,E,False
llama3-8b,H,9206,physics,D,E,False
llama3-8b,H,9207,physics,A,A,True
llama3-8b,H,9209,physics,C,G,False
llama3-8b,H,9211,physics,B,B,True
llama3-8b,H,9213,physics,A,H,False
llama3-8b,H,9214,physics,H,J,False
llama3-8b,H,9216,physics,D,D,True
llama3-8b,H,9218,physics,A,C,False
llama3-8b,H,9223,physics,D,J,False
llama3-8b,H,9226,physics,C,C,True
llama3-8b,H,9229,physics,B,A,False
llama3-8b,H,9230,physics,E,G,False
llama3-8b,H,9231,physics,B,D,False
llama3-8b,H,9234,physics,E,D,False
llama3-8b,H,9237,physics,C,A,False
llama3-8b,H,9238,physics,B,B,True
llama3-8b,H,9239,physics,B,B,True
llama3-8b,H,9241,physics,G,C,False
llama3-8b,H,9242,physics,D,A,False
llama3-8b,H,9245,physics,E,J,False
llama3-8b,H,9246,physics,B,J,False
llama3-8b,H,9249,physics,J,J,True
llama3-8b,H,9252,physics,E,D,False
llama3-8b,H,9255,physics,D,D,True
llama3-8b,H,9257,physics,D,D,True
llama3-8b,H,9258,physics,D,C,False
llama3-8b,H,9265,physics,C,D,False
llama3-8b,H,9267,physics,C,F,False
llama3-8b,H,9268,physics,B,F,False
llama3-8b,H,9272,physics,A,J,False
llama3-8b,H,9273,physics,A,A,True
llama3-8b,H,9274,physics,B,B,True
llama3-8b,H,9277,physics,D,A,False
llama3-8b,H,9278,physics,E,E,True
llama3-8b,H,9279,physics,E,E,True
llama3-8b,H,9283,physics,G,G,True
llama3-8b,H,9284,physics,B,I,False
llama3-8b,H,9290,physics,H,I,False
llama3-8b,H,9292,physics,E,E,True
llama3-8b,H,9294,physics,B,B,True
llama3-8b,H,9297,physics,B,J,False
llama3-8b,H,9300,physics,B,H,False
llama3-8b,H,9302,physics,A,D,False
llama3-8b,H,9305,physics,H,H,True
llama3-8b,H,9306,physics,F,F,True
llama3-8b,H,9309,physics,C,F,False
llama3-8b,H,9313,physics,E,D,False
llama3-8b,H,9315,physics,E,E,True
llama3-8b,H,9321,physics,D,I,False
llama3-8b,H,9322,physics,C,E,False
llama3-8b,H,9325,physics,B,B,True
llama3-8b,H,9326,physics,D,B,False
llama3-8b,H,9328,physics,B,I,False
llama3-8b,H,9333,physics,A,A,True
llama3-8b,H,9338,physics,A,J,False
llama3-8b,H,9340,physics,I,I,True
llama3-8b,H,9342,physics,B,J,False
llama3-8b,H,9343,physics,B,H,False
llama3-8b,H,9346,physics,C,A,False
llama3-8b,H,9347,physics,F,C,False
llama3-8b,H,9362,physics,D,D,True
llama3-8b,H,9365,physics,A,A,True
llama3-8b,H,9367,physics,D,J,False
llama3-8b,H,9369,physics,J,C,False
llama3-8b,H,9373,physics,E,G,False
llama3-8b,H,9374,physics,F,D,False
llama3-8b,H,9376,physics,C,H,False
llama3-8b,H,9380,physics,B,A,False
llama3-8b,H,9383,physics,E,I,False
llama3-8b,H,9385,physics,G,A,False
llama3-8b,H,9388,physics,B,I,False
llama3-8b,H,9389,physics,E,F,False
llama3-8b,H,9392,physics,C,E,False
llama3-8b,H,9395,physics,E,F,False
llama3-8b,H,9396,physics,C,D,False
llama3-8b,H,9398,physics,G,G,True
llama3-8b,H,9400,physics,E,H,False
llama3-8b,H,9401,physics,C,J,False
llama3-8b,H,9402,physics,A,F,False
llama3-8b,H,9403,physics,B,G,False
llama3-8b,H,9412,physics,J,G,False
llama3-8b,H,9414,physics,C,G,False
llama3-8b,H,9416,physics,C,D,False
llama3-8b,H,9422,physics,G,B,False
llama3-8b,H,9423,physics,G,J,False
llama3-8b,H,9424,physics,A,J,False
llama3-8b,H,9427,physics,B,B,True
llama3-8b,H,9430,physics,E,E,True
llama3-8b,H,9431,physics,G,G,True
llama3-8b,H,9438,physics,B,B,True
llama3-8b,H,9440,physics,E,I,False
llama3-8b,H,9443,physics,F,B,False
llama3-8b,H,9453,physics,C,C,True
llama3-8b,H,9454,physics,C,I,False
llama3-8b,H,9456,physics,B,I,False
llama3-8b,H,9457,physics,G,J,False
llama3-8b,H,9459,physics,A,G,False
llama3-8b,H,9460,physics,C,F,False
llama3-8b,H,9465,physics,B,B,True
llama3-8b,H,9471,physics,A,G,False
llama3-8b,H,9473,physics,A,F,False
llama3-8b,H,9474,physics,B,G,False
llama3-8b,H,9475,physics,C,C,True
llama3-8b,H,9476,physics,A,A,True
llama3-8b,H,9477,physics,D,D,True
llama3-8b,H,9479,physics,D,D,True
llama3-8b,H,9482,physics,B,H,False
llama3-8b,H,9487,physics,E,H,False
llama3-8b,H,9488,physics,G,G,True
llama3-8b,H,9495,physics,G,J,False
llama3-8b,H,9498,physics,E,C,False
llama3-8b,H,9499,physics,D,A,False
llama3-8b,H,9501,physics,G,G,True
llama3-8b,H,9503,physics,D,D,True
llama3-8b,H,9504,physics,F,G,False
llama3-8b,H,9506,physics,C,G,False
llama3-8b,H,9510,physics,D,D,True
llama3-8b,H,9512,physics,E,C,False
llama3-8b,H,9513,physics,B,I,False
llama3-8b,H,9514,physics,C,D,False
llama3-8b,H,9515,physics,A,A,True
llama3-8b,H,9517,physics,A,A,True
llama3-8b,H,9518,physics,B,H,False
llama3-8b,H,9519,physics,B,E,False
llama3-8b,H,9523,physics,C,F,False
llama3-8b,H,9526,physics,C,C,True
llama3-8b,H,9531,physics,E,F,False
llama3-8b,H,9532,physics,F,E,False
llama3-8b,H,9535,physics,A,H,False
llama3-8b,H,9536,physics,B,B,True
llama3-8b,H,9540,physics,H,G,False
llama3-8b,H,9545,physics,J,C,False
llama3-8b,H,9551,physics,B,B,True
llama3-8b,H,9557,physics,B,E,False
llama3-8b,H,9559,physics,B,H,False
llama3-8b,H,9561,physics,B,F,False
llama3-8b,H,9563,physics,B,J,False
llama3-8b,H,9564,physics,B,I,False
llama3-8b,H,9568,physics,G,G,True
llama3-8b,H,9569,physics,C,C,True
llama3-8b,H,9571,physics,F,G,False
llama3-8b,H,9572,physics,F,C,False
llama3-8b,H,9576,physics,A,B,False
llama3-8b,H,9578,physics,D,A,False
llama3-8b,H,9580,physics,C,E,False
llama3-8b,H,9582,physics,E,B,False
llama3-8b,H,9585,physics,D,D,True
llama3-8b,H,9588,physics,C,B,False
llama3-8b,H,9589,physics,J,A,False
llama3-8b,H,9591,physics,G,H,False
llama3-8b,H,9592,physics,F,J,False
llama3-8b,H,9594,physics,B,E,False
llama3-8b,H,9607,physics,E,A,False
llama3-8b,H,9610,physics,F,A,False
llama3-8b,H,9611,physics,B,E,False
llama3-8b,H,9613,physics,H,C,False
llama3-8b,H,9614,physics,E,E,True
llama3-8b,H,9615,physics,E,J,False
llama3-8b,H,9618,physics,B,B,True
llama3-8b,H,9620,physics,C,D,False
llama3-8b,H,9621,physics,B,B,True
llama3-8b,H,9622,physics,D,F,False
llama3-8b,H,9624,physics,C,I,False
llama3-8b,H,9625,physics,D,I,False
llama3-8b,H,9627,physics,G,C,False
llama3-8b,H,9628,physics,E,B,False
llama3-8b,H,9630,physics,F,F,True
llama3-8b,H,9636,physics,G,C,False
llama3-8b,H,9637,physics,F,F,True
llama3-8b,H,9639,physics,H,A,False
llama3-8b,H,9640,physics,D,F,False
llama3-8b,H,9642,physics,F,J,False
llama3-8b,H,9644,physics,E,I,False
llama3-8b,H,9645,physics,E,I,False
llama3-8b,H,9648,physics,A,E,False
llama3-8b,H,9649,physics,G,A,False
llama3-8b,H,9651,physics,E,A,False
llama3-8b,H,9653,physics,C,A,False
llama3-8b,H,9659,physics,C,J,False
llama3-8b,H,9666,physics,E,E,True
llama3-8b,H,9668,physics,F,F,True
llama3-8b,H,9669,physics,D,G,False
llama3-8b,H,9670,physics,A,E,False
llama3-8b,H,9672,physics,D,I,False
llama3-8b,H,9673,physics,F,F,True
llama3-8b,H,9674,physics,C,C,True
llama3-8b,H,9676,physics,B,G,False
llama3-8b,H,9677,physics,C,C,True
llama3-8b,H,9685,physics,E,G,False
llama3-8b,H,9686,physics,B,H,False
llama3-8b,H,9687,physics,E,G,False
llama3-8b,H,9688,physics,A,H,False
llama3-8b,H,9696,physics,E,E,True
llama3-8b,H,9697,physics,B,H,False
llama3-8b,H,9703,physics,B,B,True
llama3-8b,H,9706,physics,D,E,False
llama3-8b,H,9711,physics,D,D,True
llama3-8b,H,9712,physics,C,C,True
llama3-8b,H,9713,physics,C,D,False
llama3-8b,H,9715,physics,E,E,True
llama3-8b,H,9721,physics,A,J,False
llama3-8b,H,9723,physics,B,H,False
llama3-8b,H,9726,physics,C,I,False
llama3-8b,H,9731,physics,J,D,False
llama3-8b,H,9736,physics,E,E,True
llama3-8b,H,9740,physics,C,F,False
llama3-8b,H,9743,physics,F,H,False
llama3-8b,H,9744,physics,E,I,False
llama3-8b,H,9749,physics,D,A,False
llama3-8b,H,9751,physics,E,G,False
llama3-8b,H,9755,physics,C,D,False
llama3-8b,H,9757,physics,C,A,False
llama3-8b,H,9758,physics,B,J,False
llama3-8b,H,9759,physics,H,H,True
llama3-8b,H,9761,physics,B,B,True
llama3-8b,H,9764,physics,C,D,False
llama3-8b,H,9765,physics,B,I,False
llama3-8b,H,9767,physics,A,A,True
llama3-8b,H,9769,physics,F,E,False
llama3-8b,H,9771,physics,C,F,False
llama3-8b,H,9773,physics,E,E,True
llama3-8b,H,9774,physics,C,D,False
llama3-8b,H,9776,physics,F,D,False
llama3-8b,H,9777,physics,E,A,False
llama3-8b,H,9778,physics,E,E,True
llama3-8b,H,9780,physics,F,B,False
llama3-8b,H,9785,physics,F,H,False
llama3-8b,H,9786,physics,A,A,True
llama3-8b,H,9789,physics,B,D,False
llama3-8b,H,9795,physics,G,C,False
llama3-8b,H,9800,physics,B,C,False
llama3-8b,H,9802,physics,D,I,False
llama3-8b,H,9804,physics,D,H,False
llama3-8b,H,9807,physics,I,I,True
llama3-8b,H,9809,physics,C,F,False
llama3-8b,H,9817,physics,C,B,False
llama3-8b,H,9818,physics,F,D,False
llama3-8b,H,9819,physics,A,I,False
llama3-8b,H,9824,physics,C,I,False
llama3-8b,H,9825,physics,F,F,True
llama3-8b,H,9827,physics,F,C,False
llama3-8b,H,9831,physics,B,I,False
llama3-8b,H,9832,physics,C,I,False
llama3-8b,H,9833,physics,C,H,False
llama3-8b,H,9837,physics,C,C,True
llama3-8b,H,9838,physics,B,G,False
llama3-8b,H,9839,physics,A,I,False
llama3-8b,H,9843,physics,A,A,True
llama3-8b,H,9844,physics,D,B,False
llama3-8b,H,9845,physics,C,G,False
llama3-8b,H,9849,physics,D,H,False
llama3-8b,H,9850,physics,C,F,False
llama3-8b,H,9852,physics,G,G,True
llama3-8b,H,9854,physics,G,D,False
llama3-8b,H,9856,physics,A,D,False
llama3-8b,H,9861,physics,E,A,False
llama3-8b,H,9862,physics,C,I,False
llama3-8b,H,9863,physics,D,A,False
llama3-8b,H,9864,physics,A,H,False
llama3-8b,H,9867,physics,C,B,False
llama3-8b,H,9874,physics,I,A,False
llama3-8b,H,9875,physics,G,H,False
llama3-8b,H,9876,physics,C,C,True
llama3-8b,H,9885,physics,C,C,True
llama3-8b,H,9889,physics,C,A,False
llama3-8b,H,9890,physics,E,J,False
llama3-8b,H,9897,physics,B,B,True
llama3-8b,H,9902,physics,J,J,True
llama3-8b,H,9904,physics,B,B,True
llama3-8b,H,9908,physics,B,I,False
llama3-8b,H,9911,physics,J,G,False
llama3-8b,H,9913,physics,J,J,True
llama3-8b,H,9914,physics,A,A,True
llama3-8b,H,9920,physics,D,E,False
llama3-8b,H,9923,physics,C,J,False
llama3-8b,H,9930,physics,A,J,False
llama3-8b,H,9939,physics,B,I,False
llama3-8b,H,9942,physics,G,F,False
llama3-8b,H,9943,physics,G,I,False
llama3-8b,H,9946,physics,D,B,False
llama3-8b,H,9949,physics,A,H,False
llama3-8b,H,9953,physics,E,F,False
llama3-8b,H,9954,physics,A,F,False
llama3-8b,H,9955,physics,G,F,False
llama3-8b,H,9957,physics,D,C,False
llama3-8b,H,9958,physics,E,E,True
llama3-8b,H,9959,physics,C,I,False
llama3-8b,H,9960,physics,F,D,False
llama3-8b,H,9962,physics,C,E,False
llama3-8b,H,9964,physics,B,B,True
llama3-8b,H,9967,physics,B,A,False
llama3-8b,H,9968,physics,D,C,False
llama3-8b,H,9973,physics,B,G,False
llama3-8b,H,9976,physics,B,E,False
llama3-8b,H,9981,physics,A,A,True
llama3-8b,H,9986,physics,C,B,False
llama3-8b,H,9988,physics,G,G,True
llama3-8b,H,9994,physics,B,H,False
llama3-8b,H,10004,physics,B,C,False
llama3-8b,H,10011,physics,I,I,True
llama3-8b,H,10012,physics,I,I,True
llama3-8b,H,10014,physics,E,H,False
llama3-8b,H,10016,physics,F,C,False
llama3-8b,H,10017,physics,E,E,True
llama3-8b,H,10018,physics,D,D,True
llama3-8b,H,10020,physics,A,H,False
llama3-8b,H,10021,physics,B,I,False
llama3-8b,H,10022,physics,B,D,False
llama3-8b,H,10029,physics,F,F,True
llama3-8b,H,10032,physics,B,B,True
llama3-8b,H,10033,physics,B,B,True
llama3-8b,H,10034,physics,B,E,False
llama3-8b,H,10038,physics,B,B,True
llama3-8b,H,10040,physics,C,H,False
llama3-8b,H,10041,physics,G,E,False
llama3-8b,H,10042,physics,E,A,False
llama3-8b,H,10043,physics,A,A,True
llama3-8b,H,10049,physics,I,I,True
llama3-8b,H,10050,physics,E,H,False
llama3-8b,H,10052,physics,E,C,False
llama3-8b,H,10058,physics,I,J,False
llama3-8b,H,10059,physics,F,A,False
llama3-8b,H,10060,physics,B,C,False
llama3-8b,H,10063,physics,J,A,False
llama3-8b,H,10069,physics,E,C,False
llama3-8b,H,10070,physics,B,G,False
llama3-8b,H,10076,physics,C,A,False
llama3-8b,H,10079,physics,B,I,False
llama3-8b,H,10083,physics,F,F,True
llama3-8b,H,10086,physics,B,A,False
llama3-8b,H,10089,physics,A,I,False
llama3-8b,H,10091,physics,C,H,False
llama3-8b,H,10092,physics,E,B,False
llama3-8b,H,10095,physics,F,F,True
llama3-8b,H,10099,physics,G,J,False
llama3-8b,H,10100,physics,J,J,True
llama3-8b,H,10102,physics,B,J,False
llama3-8b,H,10105,physics,B,E,False
llama3-8b,H,10110,physics,B,J,False
llama3-8b,H,10113,physics,C,G,False
llama3-8b,H,10116,physics,C,A,False
llama3-8b,H,10118,physics,F,F,True
llama3-8b,H,10121,physics,G,J,False
llama3-8b,H,10123,physics,C,H,False
llama3-8b,H,10126,physics,G,G,True
llama3-8b,H,10135,physics,F,J,False
llama3-8b,H,10139,physics,A,I,False
llama3-8b,H,10140,physics,F,H,False
llama3-8b,H,10143,physics,J,A,False
llama3-8b,H,10144,physics,E,E,True
llama3-8b,H,10147,physics,F,E,False
llama3-8b,H,10149,physics,F,C,False
llama3-8b,H,10150,physics,D,D,True
llama3-8b,H,10151,physics,F,D,False
llama3-8b,H,10152,physics,D,E,False
llama3-8b,H,10153,physics,C,F,False
llama3-8b,H,10155,physics,B,H,False
llama3-8b,H,10162,physics,E,E,True
llama3-8b,H,10165,physics,H,H,True
llama3-8b,H,10168,physics,B,B,True
llama3-8b,H,10173,physics,B,F,False
llama3-8b,H,10180,physics,E,J,False
llama3-8b,H,10182,physics,E,E,True
llama3-8b,H,10188,physics,E,I,False
llama3-8b,H,10190,physics,B,B,True
llama3-8b,H,10191,physics,H,H,True
llama3-8b,H,10193,physics,D,H,False
llama3-8b,H,10194,physics,A,A,True
llama3-8b,H,10195,physics,H,H,True
llama3-8b,H,10199,physics,D,D,True
llama3-8b,H,10201,physics,D,D,True
llama3-8b,H,10206,physics,D,A,False
llama3-8b,H,10207,physics,I,I,True
llama3-8b,H,10209,physics,D,B,False
llama3-8b,H,10211,physics,I,I,True
llama3-8b,H,10213,physics,J,A,False
llama3-8b,H,10220,physics,C,J,False
llama3-8b,H,10226,physics,E,D,False
llama3-8b,H,10229,physics,F,I,False
llama3-8b,H,10235,physics,A,A,True
llama3-8b,H,10237,physics,C,J,False
llama3-8b,H,10240,physics,E,G,False
llama3-8b,H,10241,physics,C,G,False
llama3-8b,H,10243,physics,B,J,False
llama3-8b,H,10249,physics,C,J,False
llama3-8b,H,10250,physics,F,B,False
llama3-8b,H,10251,physics,F,E,False
llama3-8b,H,10253,physics,B,A,False
llama3-8b,H,10255,physics,F,J,False
llama3-8b,H,10259,physics,D,J,False
llama3-8b,H,10260,physics,D,H,False
llama3-8b,H,10261,physics,F,F,True
llama3-8b,H,10268,physics,G,A,False
llama3-8b,H,10273,physics,J,A,False
llama3-8b,H,10274,physics,C,I,False
llama3-8b,H,10276,physics,B,B,True
llama3-8b,H,10283,physics,A,I,False
llama3-8b,H,10286,physics,E,D,False
llama3-8b,H,10287,physics,D,A,False
llama3-8b,H,10292,physics,C,G,False
llama3-8b,H,10293,physics,D,I,False
llama3-8b,H,10295,physics,E,G,False
llama3-8b,H,10298,physics,C,C,True
llama3-8b,H,10299,physics,E,E,True
llama3-8b,H,10307,physics,A,C,False
llama3-8b,H,10308,physics,B,E,False
llama3-8b,H,10310,physics,E,C,False
llama3-8b,H,10311,physics,G,F,False
llama3-8b,H,10314,physics,F,F,True
llama3-8b,H,10316,physics,B,J,False
llama3-8b,H,10317,physics,I,F,False
llama3-8b,H,10318,physics,G,G,True
llama3-8b,H,10319,physics,F,B,False
llama3-8b,H,10320,physics,D,J,False
llama3-8b,H,10322,physics,G,A,False
llama3-8b,H,10324,physics,E,D,False
llama3-8b,H,10326,physics,F,B,False
llama3-8b,H,10330,physics,C,C,True
llama3-8b,H,10333,physics,A,C,False
llama3-8b,H,10335,physics,H,H,True
llama3-8b,H,10336,physics,F,E,False
llama3-8b,H,10337,physics,G,G,True
llama3-8b,H,10340,physics,A,D,False
llama3-8b,H,10344,physics,B,A,False
llama3-8b,H,10345,physics,J,G,False
llama3-8b,H,10346,physics,D,I,False
llama3-8b,H,10348,physics,C,J,False
llama3-8b,H,10349,physics,A,A,True
llama3-8b,H,10350,physics,B,B,True
llama3-8b,H,10352,physics,D,D,True
llama3-8b,H,10353,physics,C,H,False
llama3-8b,H,10354,physics,J,H,False
llama3-8b,H,10355,physics,C,E,False
llama3-8b,H,866,law,E,D,False
llama3-8b,H,867,law,E,B,False
llama3-8b,H,871,law,F,C,False
llama3-8b,H,872,law,F,G,False
llama3-8b,H,873,law,E,E,True
llama3-8b,H,874,law,E,A,False
llama3-8b,H,876,law,B,I,False
llama3-8b,H,879,law,I,A,False
llama3-8b,H,885,law,G,C,False
llama3-8b,H,889,law,D,C,False
llama3-8b,H,890,law,C,G,False
llama3-8b,H,894,law,D,H,False
llama3-8b,H,895,law,E,H,False
llama3-8b,H,896,law,B,G,False
llama3-8b,H,899,law,F,G,False
llama3-8b,H,902,law,I,I,True
llama3-8b,H,903,law,B,B,True
llama3-8b,H,905,law,D,A,False
llama3-8b,H,907,law,I,J,False
llama3-8b,H,908,law,I,B,False
llama3-8b,H,909,law,A,B,False
llama3-8b,H,913,law,A,E,False
llama3-8b,H,915,law,E,G,False
llama3-8b,H,917,law,F,I,False
llama3-8b,H,918,law,A,J,False
llama3-8b,H,919,law,D,E,False
llama3-8b,H,922,law,D,D,True
llama3-8b,H,923,law,D,F,False
llama3-8b,H,924,law,J,J,True
llama3-8b,H,925,law,A,J,False
llama3-8b,H,933,law,I,H,False
llama3-8b,H,937,law,B,D,False
llama3-8b,H,939,law,G,G,True
llama3-8b,H,942,law,F,F,True
llama3-8b,H,943,law,H,F,False
llama3-8b,H,944,law,D,D,True
llama3-8b,H,946,law,E,B,False
llama3-8b,H,952,law,D,D,True
llama3-8b,H,954,law,G,E,False
llama3-8b,H,955,law,G,A,False
llama3-8b,H,958,law,J,J,True
llama3-8b,H,959,law,A,A,True
llama3-8b,H,965,law,G,F,False
llama3-8b,H,969,law,I,I,True
llama3-8b,H,971,law,H,C,False
llama3-8b,H,973,law,H,H,True
llama3-8b,H,974,law,F,G,False
llama3-8b,H,975,law,C,D,False
llama3-8b,H,976,law,G,E,False
llama3-8b,H,981,law,C,I,False
llama3-8b,H,983,law,D,G,False
llama3-8b,H,984,law,F,B,False
llama3-8b,H,985,law,D,G,False
llama3-8b,H,986,law,J,B,False
llama3-8b,H,988,law,G,B,False
llama3-8b,H,990,law,F,G,False
llama3-8b,H,991,law,A,E,False
llama3-8b,H,994,law,F,H,False
llama3-8b,H,995,law,E,F,False
llama3-8b,H,1000,law,G,A,False
llama3-8b,H,1004,law,H,F,False
llama3-8b,H,1005,law,E,D,False
llama3-8b,H,1007,law,C,A,False
llama3-8b,H,1008,law,G,J,False
llama3-8b,H,1010,law,A,E,False
llama3-8b,H,1015,law,C,F,False
llama3-8b,H,1016,law,G,H,False
llama3-8b,H,1017,law,B,B,True
llama3-8b,H,1019,law,F,A,False
llama3-8b,H,1032,law,B,D,False
llama3-8b,H,1036,law,D,B,False
llama3-8b,H,1038,law,E,B,False
llama3-8b,H,1040,law,F,I,False
llama3-8b,H,1041,law,B,I,False
llama3-8b,H,1042,law,I,E,False
llama3-8b,H,1044,law,A,B,False
llama3-8b,H,1045,law,G,E,False
llama3-8b,H,1050,law,A,A,True
llama3-8b,H,1051,law,F,D,False
llama3-8b,H,1052,law,D,A,False
llama3-8b,H,1053,law,J,B,False
llama3-8b,H,1055,law,C,C,True
llama3-8b,H,1061,law,F,F,True
llama3-8b,H,1063,law,C,A,False
llama3-8b,H,1064,law,J,A,False
llama3-8b,H,1065,law,F,F,True
llama3-8b,H,1067,law,J,J,True
llama3-8b,H,1068,law,E,B,False
llama3-8b,H,1069,law,F,F,True
llama3-8b,H,1070,law,D,E,False
llama3-8b,H,1071,law,C,A,False
llama3-8b,H,1072,law,F,F,True
llama3-8b,H,1073,law,F,F,True
llama3-8b,H,1076,law,D,D,True
llama3-8b,H,1077,law,A,I,False
llama3-8b,H,1078,law,C,B,False
llama3-8b,H,1079,law,G,I,False
llama3-8b,H,1083,law,I,A,False
llama3-8b,H,1084,law,D,J,False
llama3-8b,H,1085,law,C,I,False
llama3-8b,H,1086,law,A,C,False
llama3-8b,H,1090,law,F,A,False
llama3-8b,H,1091,law,C,A,False
llama3-8b,H,1094,law,J,A,False
llama3-8b,H,1096,law,A,A,True
llama3-8b,H,1099,law,C,I,False
llama3-8b,H,1100,law,E,D,False
llama3-8b,H,1101,law,E,E,True
llama3-8b,H,1103,law,J,G,False
llama3-8b,H,1106,law,B,C,False
llama3-8b,H,1108,law,D,G,False
llama3-8b,H,1110,law,I,I,True
llama3-8b,H,1114,law,C,B,False
llama3-8b,H,1116,law,B,A,False
llama3-8b,H,1117,law,G,D,False
llama3-8b,H,1123,law,D,D,True
llama3-8b,H,1124,law,C,C,True
llama3-8b,H,1132,law,G,F,False
llama3-8b,H,1136,law,I,H,False
llama3-8b,H,1137,law,E,C,False
llama3-8b,H,1139,law,C,I,False
llama3-8b,H,1142,law,G,I,False
llama3-8b,H,1143,law,B,A,False
llama3-8b,H,1144,law,E,E,True
llama3-8b,H,1145,law,J,J,True
llama3-8b,H,1146,law,A,E,False
llama3-8b,H,1147,law,G,C,False
llama3-8b,H,1154,law,C,D,False
llama3-8b,H,1155,law,G,G,True
llama3-8b,H,1156,law,C,C,True
llama3-8b,H,1158,law,I,C,False
llama3-8b,H,1159,law,D,D,True
llama3-8b,H,1161,law,I,I,True
llama3-8b,H,1162,law,F,F,True
llama3-8b,H,1163,law,G,D,False
llama3-8b,H,1165,law,C,C,True
llama3-8b,H,1168,law,G,H,False
llama3-8b,H,1169,law,D,F,False
llama3-8b,H,1172,law,A,A,True
llama3-8b,H,1174,law,I,B,False
llama3-8b,H,1179,law,A,F,False
llama3-8b,H,1183,law,F,A,False
llama3-8b,H,1184,law,F,I,False
llama3-8b,H,1185,law,F,I,False
llama3-8b,H,1187,law,J,F,False
llama3-8b,H,1189,law,D,E,False
llama3-8b,H,1190,law,I,E,False
llama3-8b,H,1191,law,H,J,False
llama3-8b,H,1193,law,C,A,False
llama3-8b,H,1195,law,B,J,False
llama3-8b,H,1199,law,E,J,False
llama3-8b,H,1203,law,B,I,False
llama3-8b,H,1204,law,F,F,True
llama3-8b,H,1205,law,C,H,False
llama3-8b,H,1206,law,A,D,False
llama3-8b,H,1207,law,C,H,False
llama3-8b,H,1208,law,A,A,True
llama3-8b,H,1209,law,C,I,False
llama3-8b,H,1211,law,G,C,False
llama3-8b,H,1212,law,A,A,True
llama3-8b,H,1214,law,C,H,False
llama3-8b,H,1215,law,D,J,False
llama3-8b,H,1216,law,I,H,False
llama3-8b,H,1218,law,E,E,True
llama3-8b,H,1220,law,E,A,False
llama3-8b,H,1221,law,J,G,False
llama3-8b,H,1223,law,B,G,False
llama3-8b,H,1227,law,B,I,False
llama3-8b,H,1228,law,G,G,True
llama3-8b,H,1229,law,D,H,False
llama3-8b,H,1231,law,B,B,True
llama3-8b,H,1237,law,D,G,False
llama3-8b,H,1241,law,A,I,False
llama3-8b,H,1243,law,E,B,False
llama3-8b,H,1244,law,A,G,False
llama3-8b,H,1245,law,I,I,True
llama3-8b,H,1248,law,F,D,False
llama3-8b,H,1252,law,C,A,False
llama3-8b,H,1255,law,A,A,True
llama3-8b,H,1259,law,J,H,False
llama3-8b,H,1261,law,C,G,False
llama3-8b,H,1263,law,B,B,True
llama3-8b,H,1266,law,C,C,True
llama3-8b,H,1267,law,D,E,False
llama3-8b,H,1268,law,D,D,True
llama3-8b,H,1276,law,A,A,True
llama3-8b,H,1278,law,B,I,False
llama3-8b,H,1279,law,E,F,False
llama3-8b,H,1281,law,E,G,False
llama3-8b,H,1283,law,I,I,True
llama3-8b,H,1288,law,G,G,True
llama3-8b,H,1291,law,F,E,False
llama3-8b,H,1292,law,D,H,False
llama3-8b,H,1294,law,H,H,True
llama3-8b,H,1295,law,E,E,True
llama3-8b,H,1302,law,G,G,True
llama3-8b,H,1303,law,G,A,False
llama3-8b,H,1304,law,G,A,False
llama3-8b,H,1305,law,G,G,True
llama3-8b,H,1307,law,C,A,False
llama3-8b,H,1308,law,C,I,False
llama3-8b,H,1309,law,E,E,True
llama3-8b,H,1311,law,J,I,False
llama3-8b,H,1317,law,I,I,True
llama3-8b,H,1318,law,C,E,False
llama3-8b,H,1319,law,F,A,False
llama3-8b,H,1320,law,D,A,False
llama3-8b,H,1322,law,I,I,True
llama3-8b,H,1323,law,E,A,False
llama3-8b,H,1324,law,D,B,False
llama3-8b,H,1325,law,G,G,True
llama3-8b,H,1326,law,J,J,True
llama3-8b,H,1328,law,G,A,False
llama3-8b,H,1336,law,E,J,False
llama3-8b,H,1339,law,E,A,False
llama3-8b,H,1344,law,F,F,True
llama3-8b,H,1348,law,F,I,False
llama3-8b,H,1350,law,H,H,True
llama3-8b,H,1353,law,D,D,True
llama3-8b,H,1356,law,C,B,False
llama3-8b,H,1357,law,H,I,False
llama3-8b,H,1359,law,A,A,True
llama3-8b,H,1362,law,F,D,False
llama3-8b,H,1363,law,F,F,True
llama3-8b,H,1364,law,G,G,True
llama3-8b,H,1365,law,B,H,False
llama3-8b,H,1366,law,F,J,False
llama3-8b,H,1368,law,G,G,True
llama3-8b,H,1371,law,B,F,False
llama3-8b,H,1372,law,H,J,False
llama3-8b,H,1373,law,C,C,True
llama3-8b,H,1375,law,D,G,False
llama3-8b,H,1376,law,I,I,True
llama3-8b,H,1380,law,A,C,False
llama3-8b,H,1386,law,E,I,False
llama3-8b,H,1388,law,C,I,False
llama3-8b,H,1391,law,A,A,True
llama3-8b,H,1393,law,A,B,False
llama3-8b,H,1395,law,B,B,True
llama3-8b,H,1398,law,C,B,False
llama3-8b,H,1399,law,J,D,False
llama3-8b,H,1401,law,E,G,False
llama3-8b,H,1403,law,A,F,False
llama3-8b,H,1404,law,A,I,False
llama3-8b,H,1406,law,E,B,False
llama3-8b,H,1410,law,G,H,False
llama3-8b,H,1411,law,E,E,True
llama3-8b,H,1413,law,B,F,False
llama3-8b,H,1415,law,B,E,False
llama3-8b,H,1418,law,J,B,False
llama3-8b,H,1419,law,D,F,False
llama3-8b,H,1420,law,C,H,False
llama3-8b,H,1422,law,G,G,True
llama3-8b,H,1423,law,D,G,False
llama3-8b,H,1424,law,F,H,False
llama3-8b,H,1425,law,A,A,True
llama3-8b,H,1426,law,C,B,False
llama3-8b,H,1427,law,D,J,False
llama3-8b,H,1429,law,A,A,True
llama3-8b,H,1431,law,D,D,True
llama3-8b,H,1433,law,H,D,False
llama3-8b,H,1437,law,B,J,False
llama3-8b,H,1440,law,B,B,True
llama3-8b,H,1441,law,F,H,False
llama3-8b,H,1445,law,H,D,False
llama3-8b,H,1446,law,I,G,False
llama3-8b,H,1447,law,B,F,False
llama3-8b,H,1449,law,G,G,True
llama3-8b,H,1450,law,E,I,False
llama3-8b,H,1452,law,E,D,False
llama3-8b,H,1463,law,G,J,False
llama3-8b,H,1464,law,B,H,False
llama3-8b,H,1465,law,E,F,False
llama3-8b,H,1468,law,A,E,False
llama3-8b,H,1472,law,A,J,False
llama3-8b,H,1473,law,A,I,False
llama3-8b,H,1474,law,F,I,False
llama3-8b,H,1475,law,B,B,True
llama3-8b,H,1476,law,F,D,False
llama3-8b,H,1479,law,A,A,True
llama3-8b,H,1482,law,D,E,False
llama3-8b,H,1483,law,C,G,False
llama3-8b,H,1484,law,G,J,False
llama3-8b,H,1486,law,F,F,True
llama3-8b,H,1488,law,I,G,False
llama3-8b,H,1491,law,H,H,True
llama3-8b,H,1492,law,E,E,True
llama3-8b,H,1496,law,C,C,True
llama3-8b,H,1500,law,E,D,False
llama3-8b,H,1503,law,B,F,False
llama3-8b,H,1504,law,E,H,False
llama3-8b,H,1505,law,E,I,False
llama3-8b,H,1506,law,E,H,False
llama3-8b,H,1507,law,F,H,False
llama3-8b,H,1508,law,D,F,False
llama3-8b,H,1510,law,F,F,True
llama3-8b,H,1513,law,D,D,True
llama3-8b,H,1514,law,G,H,False
llama3-8b,H,1515,law,J,I,False
llama3-8b,H,1516,law,G,D,False
llama3-8b,H,1521,law,G,I,False
llama3-8b,H,1523,law,C,D,False
llama3-8b,H,1524,law,B,F,False
llama3-8b,H,1526,law,A,I,False
llama3-8b,H,1527,law,C,C,True
llama3-8b,H,1530,law,J,I,False
llama3-8b,H,1531,law,A,A,True
llama3-8b,H,1533,law,E,J,False
llama3-8b,H,1534,law,A,A,True
llama3-8b,H,1536,law,H,F,False
llama3-8b,H,1537,law,C,G,False
llama3-8b,H,1539,law,C,H,False
llama3-8b,H,1540,law,G,I,False
llama3-8b,H,1547,law,J,G,False
llama3-8b,H,1548,law,B,E,False
llama3-8b,H,1550,law,C,G,False
llama3-8b,H,1551,law,J,I,False
llama3-8b,H,1555,law,C,F,False
llama3-8b,H,1559,law,C,C,True
llama3-8b,H,1560,law,D,A,False
llama3-8b,H,1562,law,H,A,False
llama3-8b,H,1563,law,A,A,True
llama3-8b,H,1564,law,C,C,True
llama3-8b,H,1565,law,A,A,True
llama3-8b,H,1567,law,E,H,False
llama3-8b,H,1574,law,B,F,False
llama3-8b,H,1577,law,I,E,False
llama3-8b,H,1580,law,C,A,False
llama3-8b,H,1585,law,E,C,False
llama3-8b,H,1586,law,B,E,False
llama3-8b,H,1588,law,A,I,False
llama3-8b,H,1590,law,D,F,False
llama3-8b,H,1592,law,G,C,False
llama3-8b,H,1595,law,J,J,True
llama3-8b,H,1598,law,F,A,False
llama3-8b,H,1599,law,E,I,False
llama3-8b,H,1601,law,E,G,False
llama3-8b,H,1602,law,I,E,False
llama3-8b,H,1605,law,B,D,False
llama3-8b,H,1606,law,A,E,False
llama3-8b,H,1607,law,F,H,False
llama3-8b,H,1608,law,B,C,False
llama3-8b,H,1609,law,E,E,True
llama3-8b,H,1612,law,F,E,False
llama3-8b,H,1613,law,I,I,True
llama3-8b,H,1614,law,E,E,True
llama3-8b,H,1615,law,A,H,False
llama3-8b,H,1619,law,F,G,False
llama3-8b,H,1620,law,C,D,False
llama3-8b,H,1621,law,G,G,True
llama3-8b,H,1624,law,I,E,False
llama3-8b,H,1634,law,B,B,True
llama3-8b,H,1638,law,B,J,False
llama3-8b,H,1639,law,D,C,False
llama3-8b,H,1641,law,H,E,False
llama3-8b,H,1642,law,D,C,False
llama3-8b,H,1643,law,A,G,False
llama3-8b,H,1644,law,I,I,True
llama3-8b,H,1646,law,A,I,False
llama3-8b,H,1647,law,F,A,False
llama3-8b,H,1648,law,H,C,False
llama3-8b,H,1652,law,C,I,False
llama3-8b,H,1659,law,C,H,False
llama3-8b,H,1660,law,I,G,False
llama3-8b,H,1663,law,B,J,False
llama3-8b,H,1664,law,H,C,False
llama3-8b,H,1668,law,F,G,False
llama3-8b,H,1669,law,I,E,False
llama3-8b,H,1674,law,F,E,False
llama3-8b,H,1675,law,B,G,False
llama3-8b,H,1677,law,J,J,True
llama3-8b,H,1678,law,F,C,False
llama3-8b,H,1679,law,C,I,False
llama3-8b,H,1681,law,E,A,False
llama3-8b,H,1683,law,B,G,False
llama3-8b,H,1688,law,H,J,False
llama3-8b,H,1689,law,G,A,False
llama3-8b,H,1691,law,B,J,False
llama3-8b,H,1693,law,E,E,True
llama3-8b,H,1695,law,D,I,False
llama3-8b,H,1696,law,J,B,False
llama3-8b,H,1697,law,F,C,False
llama3-8b,H,1702,law,B,C,False
llama3-8b,H,1704,law,E,G,False
llama3-8b,H,1706,law,C,C,True
llama3-8b,H,1707,law,B,H,False
llama3-8b,H,1708,law,B,G,False
llama3-8b,H,1709,law,H,B,False
llama3-8b,H,1710,law,F,E,False
llama3-8b,H,1711,law,D,E,False
llama3-8b,H,1713,law,G,H,False
llama3-8b,H,1714,law,H,B,False
llama3-8b,H,1720,law,C,G,False
llama3-8b,H,1721,law,D,A,False
llama3-8b,H,1723,law,F,J,False
llama3-8b,H,1725,law,C,B,False
llama3-8b,H,1726,law,C,C,True
llama3-8b,H,1735,law,G,F,False
llama3-8b,H,1737,law,J,B,False
llama3-8b,H,1740,law,J,D,False
llama3-8b,H,1741,law,E,E,True
llama3-8b,H,1745,law,A,A,True
llama3-8b,H,1747,law,I,B,False
llama3-8b,H,1748,law,D,D,True
llama3-8b,H,1749,law,E,B,False
llama3-8b,H,1751,law,A,J,False
llama3-8b,H,1752,law,I,A,False
llama3-8b,H,1754,law,E,E,True
llama3-8b,H,1760,law,A,A,True
llama3-8b,H,1764,law,G,A,False
llama3-8b,H,1765,law,J,J,True
llama3-8b,H,1769,law,E,H,False
llama3-8b,H,1770,law,D,D,True
llama3-8b,H,1771,law,G,G,True
llama3-8b,H,1772,law,C,J,False
llama3-8b,H,1773,law,B,I,False
llama3-8b,H,1775,law,J,E,False
llama3-8b,H,1776,law,H,J,False
llama3-8b,H,1778,law,D,J,False
llama3-8b,H,1779,law,J,H,False
llama3-8b,H,1782,law,E,C,False
llama3-8b,H,1785,law,A,A,True
llama3-8b,H,1787,law,C,C,True
llama3-8b,H,1788,law,G,J,False
llama3-8b,H,1793,law,A,G,False
llama3-8b,H,1796,law,E,E,True
llama3-8b,H,1797,law,E,J,False
llama3-8b,H,1798,law,F,F,True
llama3-8b,H,1802,law,C,C,True
llama3-8b,H,1803,law,D,J,False
llama3-8b,H,1804,law,E,H,False
llama3-8b,H,1810,law,F,I,False
llama3-8b,H,1813,law,J,C,False
llama3-8b,H,1817,law,F,F,True
llama3-8b,H,1820,law,D,D,True
llama3-8b,H,1826,law,G,A,False
llama3-8b,H,1827,law,A,B,False
llama3-8b,H,1829,law,D,C,False
llama3-8b,H,1831,law,F,J,False
llama3-8b,H,1832,law,A,G,False
llama3-8b,H,1834,law,I,E,False
llama3-8b,H,1835,law,C,B,False
llama3-8b,H,1836,law,E,E,True
llama3-8b,H,1837,law,B,B,True
llama3-8b,H,1838,law,E,G,False
llama3-8b,H,1839,law,B,B,True
llama3-8b,H,1842,law,C,D,False
llama3-8b,H,1848,law,C,B,False
llama3-8b,H,1849,law,D,E,False
llama3-8b,H,1851,law,C,G,False
llama3-8b,H,1852,law,G,H,False
llama3-8b,H,1853,law,I,J,False
llama3-8b,H,1854,law,E,F,False
llama3-8b,H,1855,law,A,H,False
llama3-8b,H,1857,law,B,J,False
llama3-8b,H,1860,law,A,F,False
llama3-8b,H,1864,law,B,J,False
llama3-8b,H,1868,law,F,C,False
llama3-8b,H,1869,law,B,E,False
llama3-8b,H,1871,law,A,H,False
llama3-8b,H,1873,law,A,A,True
llama3-8b,H,1876,law,G,E,False
llama3-8b,H,1878,law,E,E,True
llama3-8b,H,1879,law,I,I,True
llama3-8b,H,1886,law,F,I,False
llama3-8b,H,1891,law,G,H,False
llama3-8b,H,1892,law,A,A,True
llama3-8b,H,1895,law,G,C,False
llama3-8b,H,1898,law,D,G,False
llama3-8b,H,1914,law,F,C,False
llama3-8b,H,1915,law,J,C,False
llama3-8b,H,1917,law,E,A,False
llama3-8b,H,1918,law,F,H,False
llama3-8b,H,1919,law,G,I,False
llama3-8b,H,1928,law,J,E,False
llama3-8b,H,1931,law,A,C,False
llama3-8b,H,1932,law,I,D,False
llama3-8b,H,1935,law,C,H,False
llama3-8b,H,1936,law,A,I,False
llama3-8b,H,1940,law,G,G,True
llama3-8b,H,1942,law,E,I,False
llama3-8b,H,1943,law,A,G,False
llama3-8b,H,1944,law,D,E,False
llama3-8b,H,1947,law,C,F,False
llama3-8b,H,1949,law,D,D,True
llama3-8b,H,1953,law,G,A,False
llama3-8b,H,1954,law,B,B,True
llama3-8b,H,1956,law,D,H,False
llama3-8b,H,1962,law,D,D,True
llama3-8b,H,1964,law,G,G,True
llama3-8b,H,1965,law,F,J,False
llama3-8b,H,1966,law,I,G,False
llama3-8b,H,1967,law,G,E,False
llama3-8b,H,1968,law,G,G,True
llama3-8b,H,1970,law,C,F,False
llama3-8b,H,1971,law,F,D,False
llama3-8b,H,1977,law,B,H,False
llama3-8b,H,1982,law,G,G,True
llama3-8b,H,1983,law,A,I,False
llama3-8b,H,1984,law,F,A,False
llama3-8b,H,1990,psychology,C,B,False
llama3-8b,H,1993,psychology,G,J,False
llama3-8b,H,1995,psychology,G,G,True
llama3-8b,H,1998,psychology,H,B,False
llama3-8b,H,2003,psychology,C,C,True
llama3-8b,H,2004,psychology,E,E,True
llama3-8b,H,2005,psychology,D,D,True
llama3-8b,H,2006,psychology,H,A,False
llama3-8b,H,2008,psychology,A,A,True
llama3-8b,H,2009,psychology,D,H,False
llama3-8b,H,2010,psychology,H,A,False
llama3-8b,H,2011,psychology,C,C,True
llama3-8b,H,2013,psychology,E,A,False
llama3-8b,H,2014,psychology,B,B,True
llama3-8b,H,2015,psychology,J,J,True
llama3-8b,H,2016,psychology,F,C,False
llama3-8b,H,2018,psychology,C,J,False
llama3-8b,H,2019,psychology,B,I,False
llama3-8b,H,2020,psychology,B,B,True
llama3-8b,H,2021,psychology,I,I,True
llama3-8b,H,2022,psychology,D,I,False
llama3-8b,H,2023,psychology,B,E,False
llama3-8b,H,2024,psychology,A,G,False
llama3-8b,H,2027,psychology,G,G,True
llama3-8b,H,2028,psychology,J,G,False
llama3-8b,H,2030,psychology,F,F,True
llama3-8b,H,2032,psychology,E,I,False
llama3-8b,H,2034,psychology,G,H,False
llama3-8b,H,2035,psychology,F,F,True
llama3-8b,H,2036,psychology,F,F,True
llama3-8b,H,2037,psychology,F,F,True
llama3-8b,H,2042,psychology,I,I,True
llama3-8b,H,2045,psychology,I,A,False
llama3-8b,H,2048,psychology,F,F,True
llama3-8b,H,2049,psychology,B,B,True
llama3-8b,H,2050,psychology,I,D,False
llama3-8b,H,2051,psychology,F,F,True
llama3-8b,H,2053,psychology,F,F,True
llama3-8b,H,2054,psychology,B,B,True
llama3-8b,H,2055,psychology,G,G,True
llama3-8b,H,2058,psychology,C,C,True
llama3-8b,H,2059,psychology,C,C,True
llama3-8b,H,2063,psychology,G,G,True
llama3-8b,H,2064,psychology,E,E,True
llama3-8b,H,2065,psychology,C,H,False
llama3-8b,H,2066,psychology,A,E,False
llama3-8b,H,2067,psychology,A,B,False
llama3-8b,H,2068,psychology,E,I,False
llama3-8b,H,2071,psychology,D,D,True
llama3-8b,H,2072,psychology,C,B,False
llama3-8b,H,2073,psychology,C,C,True
llama3-8b,H,2074,psychology,H,C,False
llama3-8b,H,2077,psychology,F,F,True
llama3-8b,H,2078,psychology,H,J,False
llama3-8b,H,2080,psychology,J,D,False
llama3-8b,H,2081,psychology,G,G,True
llama3-8b,H,2082,psychology,F,F,True
llama3-8b,H,2084,psychology,G,G,True
llama3-8b,H,2085,psychology,A,B,False
llama3-8b,H,2087,psychology,G,G,True
llama3-8b,H,2088,psychology,B,J,False
llama3-8b,H,2089,psychology,E,E,True
llama3-8b,H,2090,psychology,F,J,False
llama3-8b,H,2091,psychology,I,J,False
llama3-8b,H,2092,psychology,F,E,False
llama3-8b,H,2096,psychology,A,A,True
llama3-8b,H,2097,psychology,B,B,True
llama3-8b,H,2101,psychology,A,A,True
llama3-8b,H,2102,psychology,B,B,True
llama3-8b,H,2104,psychology,D,J,False
llama3-8b,H,2106,psychology,G,G,True
llama3-8b,H,2110,psychology,J,J,True
llama3-8b,H,2111,psychology,A,A,True
llama3-8b,H,2114,psychology,D,J,False
llama3-8b,H,2115,psychology,I,I,True
llama3-8b,H,2116,psychology,B,B,True
llama3-8b,H,2118,psychology,J,J,True
llama3-8b,H,2119,psychology,B,E,False
llama3-8b,H,2120,psychology,F,F,True
llama3-8b,H,2121,psychology,F,F,True
llama3-8b,H,2122,psychology,A,A,True
llama3-8b,H,2123,psychology,B,B,True
llama3-8b,H,2124,psychology,G,G,True
llama3-8b,H,2125,psychology,E,E,True
llama3-8b,H,2126,psychology,A,A,True
llama3-8b,H,2127,psychology,B,B,True
llama3-8b,H,2128,psychology,I,I,True
llama3-8b,H,2130,psychology,E,E,True
llama3-8b,H,2132,psychology,C,C,True
llama3-8b,H,2133,psychology,A,H,False
llama3-8b,H,2134,psychology,F,J,False
llama3-8b,H,2137,psychology,B,A,False
llama3-8b,H,2138,psychology,D,D,True
llama3-8b,H,2139,psychology,B,A,False
llama3-8b,H,2143,psychology,I,G,False
llama3-8b,H,2144,psychology,B,D,False
llama3-8b,H,2147,psychology,D,J,False
llama3-8b,H,2148,psychology,F,F,True
llama3-8b,H,2150,psychology,D,F,False
llama3-8b,H,2152,psychology,F,B,False
llama3-8b,H,2153,psychology,E,D,False
llama3-8b,H,2159,psychology,B,H,False
llama3-8b,H,2160,psychology,E,E,True
llama3-8b,H,2161,psychology,J,B,False
llama3-8b,H,2162,psychology,C,D,False
llama3-8b,H,2163,psychology,F,H,False
llama3-8b,H,2166,psychology,D,G,False
llama3-8b,H,2167,psychology,D,I,False
llama3-8b,H,2168,psychology,G,G,True
llama3-8b,H,2170,psychology,J,H,False
llama3-8b,H,2171,psychology,F,E,False
llama3-8b,H,2172,psychology,D,E,False
llama3-8b,H,2173,psychology,B,D,False
llama3-8b,H,2174,psychology,A,A,True
llama3-8b,H,2175,psychology,D,G,False
llama3-8b,H,2176,psychology,G,A,False
llama3-8b,H,2178,psychology,D,F,False
llama3-8b,H,2179,psychology,B,F,False
llama3-8b,H,2180,psychology,A,H,False
llama3-8b,H,2183,psychology,B,B,True
llama3-8b,H,2185,psychology,D,D,True
llama3-8b,H,2187,psychology,D,D,True
llama3-8b,H,2188,psychology,J,J,True
llama3-8b,H,2189,psychology,J,J,True
llama3-8b,H,2191,psychology,E,E,True
llama3-8b,H,2193,psychology,B,B,True
llama3-8b,H,2194,psychology,A,C,False
llama3-8b,H,2196,psychology,D,I,False
llama3-8b,H,2198,psychology,E,E,True
llama3-8b,H,2201,psychology,F,F,True
llama3-8b,H,2202,psychology,H,G,False
llama3-8b,H,2203,psychology,F,J,False
llama3-8b,H,2207,psychology,F,J,False
llama3-8b,H,2208,psychology,C,C,True
llama3-8b,H,2209,psychology,G,G,True
llama3-8b,H,2212,psychology,J,H,False
llama3-8b,H,2214,psychology,B,H,False
llama3-8b,H,2215,psychology,E,E,True
llama3-8b,H,2217,psychology,B,B,True
llama3-8b,H,2218,psychology,E,C,False
llama3-8b,H,2219,psychology,I,I,True
llama3-8b,H,2220,psychology,E,G,False
llama3-8b,H,2221,psychology,G,C,False
llama3-8b,H,2222,psychology,B,B,True
llama3-8b,H,2225,psychology,J,J,True
llama3-8b,H,2226,psychology,E,D,False
llama3-8b,H,2228,psychology,J,J,True
llama3-8b,H,2229,psychology,F,C,False
llama3-8b,H,2230,psychology,E,E,True
llama3-8b,H,2232,psychology,G,G,True
llama3-8b,H,2234,psychology,C,C,True
llama3-8b,H,2240,psychology,D,H,False
llama3-8b,H,2241,psychology,C,J,False
llama3-8b,H,2242,psychology,F,F,True
llama3-8b,H,2245,psychology,A,A,True
llama3-8b,H,2247,psychology,I,I,True
llama3-8b,H,2251,psychology,A,A,True
llama3-8b,H,2252,psychology,G,G,True
llama3-8b,H,2254,psychology,E,E,True
llama3-8b,H,2257,psychology,D,D,True
llama3-8b,H,2260,psychology,F,F,True
llama3-8b,H,2261,psychology,C,E,False
llama3-8b,H,2264,psychology,C,G,False
llama3-8b,H,2265,psychology,G,G,True
llama3-8b,H,2267,psychology,H,C,False
llama3-8b,H,2269,psychology,C,G,False
llama3-8b,H,2273,psychology,A,G,False
llama3-8b,H,2276,psychology,F,H,False
llama3-8b,H,2277,psychology,B,B,True
llama3-8b,H,2278,psychology,I,I,True
llama3-8b,H,2279,psychology,A,A,True
llama3-8b,H,2280,psychology,A,F,False
llama3-8b,H,2281,psychology,G,C,False
llama3-8b,H,2282,psychology,F,H,False
llama3-8b,H,2283,psychology,E,H,False
llama3-8b,H,2285,psychology,B,G,False
llama3-8b,H,2288,psychology,A,A,True
llama3-8b,H,2289,psychology,G,G,True
llama3-8b,H,2291,psychology,H,C,False
llama3-8b,H,2292,psychology,E,E,True
llama3-8b,H,2294,psychology,D,F,False
llama3-8b,H,2295,psychology,G,J,False
llama3-8b,H,2297,psychology,F,B,False
llama3-8b,H,2298,psychology,B,G,False
llama3-8b,H,2300,psychology,A,A,True
llama3-8b,H,2302,psychology,E,E,True
llama3-8b,H,2303,psychology,I,I,True
llama3-8b,H,2304,psychology,C,C,True
llama3-8b,H,2305,psychology,F,J,False
llama3-8b,H,2306,psychology,F,F,True
llama3-8b,H,2308,psychology,H,H,True
llama3-8b,H,2309,psychology,B,H,False
llama3-8b,H,2310,psychology,C,C,True
llama3-8b,H,2312,psychology,E,E,True
llama3-8b,H,2316,psychology,B,B,True
llama3-8b,H,2319,psychology,B,B,True
llama3-8b,H,2321,psychology,B,J,False
llama3-8b,H,2324,psychology,A,G,False
llama3-8b,H,2326,psychology,J,J,True
llama3-8b,H,2327,psychology,E,E,True
llama3-8b,H,2329,psychology,E,C,False
llama3-8b,H,2330,psychology,E,E,True
llama3-8b,H,2331,psychology,I,I,True
llama3-8b,H,2333,psychology,A,E,False
llama3-8b,H,2335,psychology,C,F,False
llama3-8b,H,2339,psychology,G,H,False
llama3-8b,H,2340,psychology,G,J,False
llama3-8b,H,2343,psychology,C,A,False
llama3-8b,H,2344,psychology,A,C,False
llama3-8b,H,2345,psychology,F,F,True
llama3-8b,H,2346,psychology,J,G,False
llama3-8b,H,2347,psychology,F,F,True
llama3-8b,H,2349,psychology,B,A,False
llama3-8b,H,2351,psychology,B,B,True
llama3-8b,H,2355,psychology,B,B,True
llama3-8b,H,2357,psychology,I,I,True
llama3-8b,H,2358,psychology,F,B,False
llama3-8b,H,2359,psychology,I,I,True
llama3-8b,H,2360,psychology,D,D,True
llama3-8b,H,2361,psychology,A,A,True
llama3-8b,H,2362,psychology,D,D,True
llama3-8b,H,2363,psychology,A,A,True
llama3-8b,H,2364,psychology,B,B,True
llama3-8b,H,2365,psychology,J,J,True
llama3-8b,H,2366,psychology,F,F,True
llama3-8b,H,2368,psychology,C,C,True
llama3-8b,H,2371,psychology,D,D,True
llama3-8b,H,2372,psychology,D,D,True
llama3-8b,H,2374,psychology,E,E,True
llama3-8b,H,2377,psychology,J,J,True
llama3-8b,H,2381,psychology,D,D,True
llama3-8b,H,2382,psychology,J,D,False
llama3-8b,H,2383,psychology,B,H,False
llama3-8b,H,2387,psychology,A,A,True
llama3-8b,H,2390,psychology,C,H,False
llama3-8b,H,2392,psychology,A,I,False
llama3-8b,H,2393,psychology,C,F,False
llama3-8b,H,2394,psychology,A,A,True
llama3-8b,H,2397,psychology,F,G,False
llama3-8b,H,2398,psychology,A,H,False
llama3-8b,H,2399,psychology,F,F,True
llama3-8b,H,2400,psychology,A,B,False
llama3-8b,H,2401,psychology,C,I,False
llama3-8b,H,2403,psychology,D,J,False
llama3-8b,H,2404,psychology,F,D,False
llama3-8b,H,2405,psychology,E,E,True
llama3-8b,H,2406,psychology,B,B,True
llama3-8b,H,2407,psychology,A,A,True
llama3-8b,H,2408,psychology,C,I,False
llama3-8b,H,2409,psychology,I,E,False
llama3-8b,H,2410,psychology,C,C,True
llama3-8b,H,2411,psychology,E,E,True
llama3-8b,H,2412,psychology,C,C,True
llama3-8b,H,2413,psychology,I,I,True
llama3-8b,H,2414,psychology,C,C,True
llama3-8b,H,2416,psychology,I,J,False
llama3-8b,H,2417,psychology,E,J,False
llama3-8b,H,2418,psychology,H,H,True
llama3-8b,H,2419,psychology,F,F,True
llama3-8b,H,2420,psychology,C,A,False
llama3-8b,H,2421,psychology,B,D,False
llama3-8b,H,2422,psychology,B,B,True
llama3-8b,H,2423,psychology,C,C,True
llama3-8b,H,2424,psychology,I,I,True
llama3-8b,H,2425,psychology,B,B,True
llama3-8b,H,2426,psychology,H,H,True
llama3-8b,H,2429,psychology,B,B,True
llama3-8b,H,2430,psychology,G,G,True
llama3-8b,H,2432,psychology,D,E,False
llama3-8b,H,2434,psychology,F,F,True
llama3-8b,H,2437,psychology,I,B,False
llama3-8b,H,2438,psychology,D,B,False
llama3-8b,H,2441,psychology,I,E,False
llama3-8b,H,2442,psychology,E,G,False
llama3-8b,H,2443,psychology,F,H,False
llama3-8b,H,2448,psychology,J,I,False
llama3-8b,H,2449,psychology,G,E,False
llama3-8b,H,2450,psychology,C,G,False
llama3-8b,H,2451,psychology,D,D,True
llama3-8b,H,2452,psychology,C,J,False
llama3-8b,H,2455,psychology,C,C,True
llama3-8b,H,2458,psychology,A,F,False
llama3-8b,H,2459,psychology,F,J,False
llama3-8b,H,2460,psychology,J,D,False
llama3-8b,H,2461,psychology,H,H,True
llama3-8b,H,2463,psychology,C,C,True
llama3-8b,H,2464,psychology,G,G,True
llama3-8b,H,2467,psychology,G,G,True
llama3-8b,H,2468,psychology,G,G,True
llama3-8b,H,2470,psychology,C,C,True
llama3-8b,H,2471,psychology,C,C,True
llama3-8b,H,2472,psychology,C,I,False
llama3-8b,H,2474,psychology,B,B,True
llama3-8b,H,2475,psychology,C,C,True
llama3-8b,H,2476,psychology,C,C,True
llama3-8b,H,2479,psychology,B,I,False
llama3-8b,H,2480,psychology,B,B,True
llama3-8b,H,2481,psychology,A,D,False
llama3-8b,H,2482,psychology,I,I,True
llama3-8b,H,2484,psychology,G,G,True
llama3-8b,H,2485,psychology,A,A,True
llama3-8b,H,2486,psychology,F,F,True
llama3-8b,H,2489,psychology,H,H,True
llama3-8b,H,2490,psychology,C,C,True
llama3-8b,H,2491,psychology,H,H,True
llama3-8b,H,2492,psychology,C,A,False
llama3-8b,H,2493,psychology,I,I,True
llama3-8b,H,2494,psychology,G,G,True
llama3-8b,H,2495,psychology,D,D,True
llama3-8b,H,2497,psychology,G,A,False
llama3-8b,H,2499,psychology,D,D,True
llama3-8b,H,2500,psychology,C,F,False
llama3-8b,H,2501,psychology,C,C,True
llama3-8b,H,2502,psychology,A,C,False
llama3-8b,H,2503,psychology,J,J,True
llama3-8b,H,2504,psychology,H,H,True
llama3-8b,H,2507,psychology,E,E,True
llama3-8b,H,2508,psychology,H,E,False
llama3-8b,H,2512,psychology,A,E,False
llama3-8b,H,2513,psychology,E,F,False
llama3-8b,H,2514,psychology,A,I,False
llama3-8b,H,2515,psychology,H,B,False
llama3-8b,H,2516,psychology,D,H,False
llama3-8b,H,2519,psychology,B,J,False
llama3-8b,H,2520,psychology,G,G,True
llama3-8b,H,2522,psychology,H,H,True
llama3-8b,H,2524,psychology,F,G,False
llama3-8b,H,2527,psychology,H,H,True
llama3-8b,H,2528,psychology,E,J,False
llama3-8b,H,2530,psychology,B,C,False
llama3-8b,H,2532,psychology,H,B,False
llama3-8b,H,2533,psychology,E,E,True
llama3-8b,H,2534,psychology,A,A,True
llama3-8b,H,2535,psychology,D,D,True
llama3-8b,H,2536,psychology,G,J,False
llama3-8b,H,2540,psychology,A,G,False
llama3-8b,H,2541,psychology,E,B,False
llama3-8b,H,2542,psychology,H,H,True
llama3-8b,H,2543,psychology,D,H,False
llama3-8b,H,2545,psychology,H,H,True
llama3-8b,H,2546,psychology,I,I,True
llama3-8b,H,2548,psychology,G,G,True
llama3-8b,H,2549,psychology,I,D,False
llama3-8b,H,2551,psychology,D,D,True
llama3-8b,H,2552,psychology,B,B,True
llama3-8b,H,2554,psychology,A,A,True
llama3-8b,H,2556,psychology,A,A,True
llama3-8b,H,2557,psychology,H,H,True
llama3-8b,H,2558,psychology,B,J,False
llama3-8b,H,2560,psychology,G,A,False
llama3-8b,H,2562,psychology,J,D,False
llama3-8b,H,2564,psychology,D,D,True
llama3-8b,H,2566,psychology,H,B,False
llama3-8b,H,2568,psychology,B,E,False
llama3-8b,H,2569,psychology,B,A,False
llama3-8b,H,2571,psychology,E,E,True
llama3-8b,H,2572,psychology,C,G,False
llama3-8b,H,2573,psychology,A,B,False
llama3-8b,H,2577,psychology,C,H,False
llama3-8b,H,2578,psychology,A,A,True
llama3-8b,H,2579,psychology,C,B,False
llama3-8b,H,2581,psychology,B,B,True
llama3-8b,H,2584,psychology,G,I,False
llama3-8b,H,2586,psychology,C,C,True
llama3-8b,H,2587,psychology,C,C,True
llama3-8b,H,2588,psychology,B,C,False
llama3-8b,H,2589,psychology,C,C,True
llama3-8b,H,2590,psychology,C,B,False
llama3-8b,H,2591,psychology,G,G,True
llama3-8b,H,2593,psychology,D,F,False
llama3-8b,H,2596,psychology,G,G,True
llama3-8b,H,2597,psychology,A,A,True
llama3-8b,H,2598,psychology,F,F,True
llama3-8b,H,2599,psychology,F,A,False
llama3-8b,H,2600,psychology,B,B,True
llama3-8b,H,2601,psychology,J,J,True
llama3-8b,H,2603,psychology,D,D,True
llama3-8b,H,2604,psychology,E,D,False
llama3-8b,H,2605,psychology,H,H,True
llama3-8b,H,2606,psychology,F,F,True
llama3-8b,H,2609,psychology,B,B,True
llama3-8b,H,2610,psychology,J,J,True
llama3-8b,H,2611,psychology,G,G,True
llama3-8b,H,2612,psychology,E,E,True
llama3-8b,H,2613,psychology,E,E,True
llama3-8b,H,2614,psychology,G,G,True
llama3-8b,H,2616,psychology,H,B,False
llama3-8b,H,2617,psychology,C,C,True
llama3-8b,H,2618,psychology,G,F,False
llama3-8b,H,2619,psychology,F,F,True
llama3-8b,H,2620,psychology,H,H,True
llama3-8b,H,2621,psychology,B,F,False
llama3-8b,H,2622,psychology,I,A,False
llama3-8b,H,2625,psychology,G,G,True
llama3-8b,H,2626,psychology,E,J,False
llama3-8b,H,2632,psychology,E,E,True
llama3-8b,H,2635,psychology,D,J,False
llama3-8b,H,2639,psychology,A,H,False
llama3-8b,H,2642,psychology,A,A,True
llama3-8b,H,2644,psychology,H,J,False
llama3-8b,H,2645,psychology,C,J,False
llama3-8b,H,2646,psychology,D,I,False
llama3-8b,H,2647,psychology,A,J,False
llama3-8b,H,2649,psychology,E,I,False
llama3-8b,H,2650,psychology,B,H,False
llama3-8b,H,2651,psychology,D,D,True
llama3-8b,H,2652,psychology,H,B,False
llama3-8b,H,2653,psychology,G,G,True
llama3-8b,H,2654,psychology,H,H,True
llama3-8b,H,2655,psychology,B,A,False
llama3-8b,H,2657,psychology,C,C,True
llama3-8b,H,2658,psychology,C,G,False
llama3-8b,H,2659,psychology,C,I,False
llama3-8b,H,2661,psychology,B,B,True
llama3-8b,H,2663,psychology,C,C,True
llama3-8b,H,2666,psychology,B,B,True
llama3-8b,H,2667,psychology,D,J,False
llama3-8b,H,2668,psychology,E,E,True
llama3-8b,H,2671,psychology,A,A,True
llama3-8b,H,2672,psychology,E,E,True
llama3-8b,H,2673,psychology,A,A,True
llama3-8b,H,2674,psychology,F,F,True
llama3-8b,H,2675,psychology,B,B,True
llama3-8b,H,2677,psychology,B,H,False
llama3-8b,H,2678,psychology,A,F,False
llama3-8b,H,2679,psychology,G,G,True
llama3-8b,H,2681,psychology,I,I,True
llama3-8b,H,2682,psychology,E,H,False
llama3-8b,H,2684,psychology,A,F,False
llama3-8b,H,2687,psychology,A,D,False
llama3-8b,H,2688,psychology,D,D,True
llama3-8b,H,2692,psychology,C,G,False
llama3-8b,H,2694,psychology,G,F,False
llama3-8b,H,2695,psychology,C,E,False
llama3-8b,H,2696,psychology,E,E,True
llama3-8b,H,2699,psychology,B,C,False
llama3-8b,H,2702,psychology,A,C,False
llama3-8b,H,2703,psychology,F,H,False
llama3-8b,H,2704,psychology,B,H,False
llama3-8b,H,2709,psychology,G,J,False
llama3-8b,H,2711,psychology,E,E,True
llama3-8b,H,2712,psychology,F,H,False
llama3-8b,H,2713,psychology,C,C,True
llama3-8b,H,2714,psychology,B,B,True
llama3-8b,H,2716,psychology,C,C,True
llama3-8b,H,2718,psychology,H,H,True
llama3-8b,H,2719,psychology,D,D,True
llama3-8b,H,2724,psychology,D,D,True
llama3-8b,H,2725,psychology,F,F,True
llama3-8b,H,2727,psychology,D,D,True
llama3-8b,H,2728,psychology,D,J,False
llama3-8b,H,2731,psychology,J,I,False
llama3-8b,H,2732,psychology,E,E,True
llama3-8b,H,2733,psychology,A,B,False
llama3-8b,H,2735,psychology,A,B,False
llama3-8b,H,2736,psychology,D,D,True
llama3-8b,H,2737,psychology,F,F,True
llama3-8b,H,2739,psychology,C,H,False
llama3-8b,H,2741,psychology,F,F,True
llama3-8b,H,2742,psychology,J,H,False
llama3-8b,H,2743,psychology,D,D,True
llama3-8b,H,2744,psychology,F,F,True
llama3-8b,H,2745,psychology,F,F,True
llama3-8b,H,2746,psychology,I,I,True
llama3-8b,H,2747,psychology,E,E,True
llama3-8b,H,2748,psychology,F,F,True
llama3-8b,H,2749,psychology,E,C,False
llama3-8b,H,2750,psychology,B,B,True
llama3-8b,H,2751,psychology,G,G,True
llama3-8b,H,2752,psychology,D,D,True
llama3-8b,H,2753,psychology,I,I,True
llama3-8b,H,2754,psychology,D,H,False
llama3-8b,H,2756,psychology,E,E,True
llama3-8b,H,2758,psychology,J,I,False
llama3-8b,H,2762,psychology,B,B,True
llama3-8b,H,2763,psychology,C,D,False
llama3-8b,H,2765,psychology,C,E,False
llama3-8b,H,2766,psychology,I,I,True
llama3-8b,H,2768,psychology,E,H,False
llama3-8b,H,2769,psychology,F,E,False
llama3-8b,H,2770,psychology,D,G,False
llama3-8b,H,2775,psychology,G,G,True
llama3-8b,H,2778,psychology,F,A,False
llama3-8b,H,2781,psychology,D,D,True
llama3-8b,H,2782,psychology,D,D,True
llama3-8b,H,2783,psychology,F,I,False
llama3-8b,H,2784,psychology,A,A,True
llama3-8b,H,2785,psychology,I,E,False
llama3-8b,H,2786,psychology,B,B,True
llama3-8b,H,2787,psychology,G,G,True
llama3-8b,H,2788,psychology,B,B,True
llama3-8b,H,2789,psychology,G,G,True
llama3-8b,H,2790,psychology,G,F,False
llama3-8b,H,2792,psychology,D,E,False
llama3-8b,H,2794,psychology,C,B,False
llama3-8b,H,2797,psychology,H,H,True
llama3-8b,H,2798,psychology,B,B,True
llama3-8b,H,2799,psychology,I,I,True
llama3-8b,H,2800,psychology,C,C,True
llama3-8b,H,2802,psychology,G,G,True
llama3-8b,H,6827,economics,C,A,False
llama3-8b,H,6829,economics,D,I,False
llama3-8b,H,6833,economics,F,B,False
llama3-8b,H,6834,economics,H,I,False
llama3-8b,H,6836,economics,A,E,False
llama3-8b,H,6837,economics,A,A,True
llama3-8b,H,6839,economics,A,D,False
llama3-8b,H,6840,economics,J,G,False
llama3-8b,H,6842,economics,J,A,False
llama3-8b,H,6843,economics,A,E,False
llama3-8b,H,6844,economics,B,H,False
llama3-8b,H,6846,economics,A,A,True
llama3-8b,H,6853,economics,B,F,False
llama3-8b,H,6854,economics,C,I,False
llama3-8b,H,6857,economics,A,A,True
llama3-8b,H,6858,economics,C,C,True
llama3-8b,H,6859,economics,C,G,False
llama3-8b,H,6860,economics,B,J,False
llama3-8b,H,6864,economics,D,D,True
llama3-8b,H,6865,economics,H,H,True
llama3-8b,H,6866,economics,F,G,False
llama3-8b,H,6867,economics,C,C,True
llama3-8b,H,6869,economics,E,C,False
llama3-8b,H,6872,economics,C,C,True
llama3-8b,H,6873,economics,I,I,True
llama3-8b,H,6875,economics,A,A,True
llama3-8b,H,6876,economics,H,A,False
llama3-8b,H,6877,economics,E,E,True
llama3-8b,H,6878,economics,E,C,False
llama3-8b,H,6879,economics,G,G,True
llama3-8b,H,6880,economics,D,D,True
llama3-8b,H,6881,economics,F,G,False
llama3-8b,H,6882,economics,J,J,True
llama3-8b,H,6883,economics,F,C,False
llama3-8b,H,6887,economics,I,I,True
llama3-8b,H,6888,economics,A,G,False
llama3-8b,H,6889,economics,H,H,True
llama3-8b,H,6894,economics,B,F,False
llama3-8b,H,6895,economics,B,J,False
llama3-8b,H,6896,economics,C,F,False
llama3-8b,H,6897,economics,A,B,False
llama3-8b,H,6900,economics,C,C,True
llama3-8b,H,6905,economics,I,I,True
llama3-8b,H,6906,economics,F,E,False
llama3-8b,H,6908,economics,G,C,False
llama3-8b,H,6909,economics,J,C,False
llama3-8b,H,6910,economics,E,J,False
llama3-8b,H,6912,economics,F,B,False
llama3-8b,H,6913,economics,D,C,False
llama3-8b,H,6917,economics,A,J,False
llama3-8b,H,6918,economics,A,A,True
llama3-8b,H,6919,economics,A,A,True
llama3-8b,H,6921,economics,A,A,True
llama3-8b,H,6923,economics,D,B,False
llama3-8b,H,6929,economics,B,B,True
llama3-8b,H,6930,economics,G,G,True
llama3-8b,H,6931,economics,J,C,False
llama3-8b,H,6932,economics,D,I,False
llama3-8b,H,6933,economics,C,C,True
llama3-8b,H,6934,economics,E,E,True
llama3-8b,H,6935,economics,G,G,True
llama3-8b,H,6936,economics,A,E,False
llama3-8b,H,6937,economics,G,E,False
llama3-8b,H,6938,economics,D,D,True
llama3-8b,H,6939,economics,H,H,True
llama3-8b,H,6940,economics,C,B,False
llama3-8b,H,6941,economics,J,J,True
llama3-8b,H,6944,economics,A,A,True
llama3-8b,H,6946,economics,B,H,False
llama3-8b,H,6947,economics,I,I,True
llama3-8b,H,6948,economics,D,D,True
llama3-8b,H,6950,economics,E,J,False
llama3-8b,H,6951,economics,D,J,False
llama3-8b,H,6952,economics,F,F,True
llama3-8b,H,6953,economics,I,I,True
llama3-8b,H,6955,economics,E,G,False
llama3-8b,H,6956,economics,A,H,False
llama3-8b,H,6958,economics,F,B,False
llama3-8b,H,6959,economics,G,G,True
llama3-8b,H,6965,economics,E,B,False
llama3-8b,H,6966,economics,G,A,False
llama3-8b,H,6970,economics,I,B,False
llama3-8b,H,6971,economics,G,J,False
llama3-8b,H,6973,economics,D,F,False
llama3-8b,H,6974,economics,A,A,True
llama3-8b,H,6975,economics,A,E,False
llama3-8b,H,6976,economics,A,B,False
llama3-8b,H,6977,economics,A,I,False
llama3-8b,H,6978,economics,F,G,False
llama3-8b,H,6979,economics,E,E,True
llama3-8b,H,6980,economics,G,G,True
llama3-8b,H,6981,economics,B,J,False
llama3-8b,H,6982,economics,D,H,False
llama3-8b,H,6984,economics,B,F,False
llama3-8b,H,6986,economics,A,A,True
llama3-8b,H,6987,economics,F,H,False
llama3-8b,H,6988,economics,E,E,True
llama3-8b,H,6996,economics,A,A,True
llama3-8b,H,6998,economics,D,H,False
llama3-8b,H,6999,economics,A,A,True
llama3-8b,H,7000,economics,D,H,False
llama3-8b,H,7002,economics,C,C,True
llama3-8b,H,7003,economics,C,A,False
llama3-8b,H,7005,economics,I,I,True
llama3-8b,H,7009,economics,D,D,True
llama3-8b,H,7012,economics,B,B,True
llama3-8b,H,7014,economics,B,B,True
llama3-8b,H,7015,economics,E,E,True
llama3-8b,H,7018,economics,E,E,True
llama3-8b,H,7019,economics,F,F,True
llama3-8b,H,7020,economics,D,J,False
llama3-8b,H,7021,economics,C,C,True
llama3-8b,H,7022,economics,J,J,True
llama3-8b,H,7023,economics,B,C,False
llama3-8b,H,7026,economics,E,E,True
llama3-8b,H,7027,economics,A,B,False
llama3-8b,H,7032,economics,C,C,True
llama3-8b,H,7033,economics,F,I,False
llama3-8b,H,7034,economics,F,D,False
llama3-8b,H,7035,economics,E,H,False
llama3-8b,H,7037,economics,B,F,False
llama3-8b,H,7038,economics,E,E,True
llama3-8b,H,7040,economics,F,I,False
llama3-8b,H,7041,economics,G,A,False
llama3-8b,H,7042,economics,H,H,True
llama3-8b,H,7043,economics,A,C,False
llama3-8b,H,7044,economics,C,C,True
llama3-8b,H,7050,economics,B,B,True
llama3-8b,H,7051,economics,F,J,False
llama3-8b,H,7052,economics,B,D,False
llama3-8b,H,7053,economics,G,G,True
llama3-8b,H,7054,economics,B,C,False
llama3-8b,H,7056,economics,C,C,True
llama3-8b,H,7057,economics,D,G,False
llama3-8b,H,7059,economics,F,I,False
llama3-8b,H,7064,economics,H,A,False
llama3-8b,H,7065,economics,J,J,True
llama3-8b,H,7066,economics,D,C,False
llama3-8b,H,7068,economics,E,D,False
llama3-8b,H,7073,economics,C,E,False
llama3-8b,H,7075,economics,J,F,False
llama3-8b,H,7076,economics,J,J,True
llama3-8b,H,7077,economics,F,J,False
llama3-8b,H,7078,economics,J,F,False
llama3-8b,H,7079,economics,F,F,True
llama3-8b,H,7081,economics,D,D,True
llama3-8b,H,7082,economics,J,J,True
llama3-8b,H,7083,economics,B,A,False
llama3-8b,H,7086,economics,H,F,False
llama3-8b,H,7087,economics,B,B,True
llama3-8b,H,7088,economics,I,I,True
llama3-8b,H,7089,economics,H,H,True
llama3-8b,H,7090,economics,J,J,True
llama3-8b,H,7091,economics,E,E,True
llama3-8b,H,7092,economics,G,G,True
llama3-8b,H,7093,economics,B,B,True
llama3-8b,H,7094,economics,I,I,True
llama3-8b,H,7097,economics,F,B,False
llama3-8b,H,7107,economics,G,B,False
llama3-8b,H,7108,economics,H,H,True
llama3-8b,H,7109,economics,C,F,False
llama3-8b,H,7110,economics,D,I,False
llama3-8b,H,7111,economics,F,F,True
llama3-8b,H,7112,economics,A,G,False
llama3-8b,H,7114,economics,A,G,False
llama3-8b,H,7115,economics,A,A,True
llama3-8b,H,7116,economics,G,J,False
llama3-8b,H,7119,economics,J,J,True
llama3-8b,H,7123,economics,G,F,False
llama3-8b,H,7124,economics,D,B,False
llama3-8b,H,7126,economics,E,J,False
llama3-8b,H,7127,economics,F,F,True
llama3-8b,H,7128,economics,D,J,False
llama3-8b,H,7129,economics,I,I,True
llama3-8b,H,7133,economics,H,C,False
llama3-8b,H,7134,economics,B,B,True
llama3-8b,H,7135,economics,D,D,True
llama3-8b,H,7136,economics,H,H,True
llama3-8b,H,7137,economics,F,H,False
llama3-8b,H,7138,economics,D,D,True
llama3-8b,H,7139,economics,I,I,True
llama3-8b,H,7140,economics,A,A,True
llama3-8b,H,7142,economics,C,C,True
llama3-8b,H,7146,economics,D,D,True
llama3-8b,H,7147,economics,D,D,True
llama3-8b,H,7148,economics,D,G,False
llama3-8b,H,7149,economics,D,D,True
llama3-8b,H,7150,economics,E,H,False
llama3-8b,H,7153,economics,C,C,True
llama3-8b,H,7158,economics,C,G,False
llama3-8b,H,7159,economics,A,H,False
llama3-8b,H,7160,economics,A,D,False
llama3-8b,H,7165,economics,E,F,False
llama3-8b,H,7167,economics,E,J,False
llama3-8b,H,7169,economics,B,C,False
llama3-8b,H,7170,economics,D,H,False
llama3-8b,H,7172,economics,C,B,False
llama3-8b,H,7174,economics,J,D,False
llama3-8b,H,7175,economics,D,B,False
llama3-8b,H,7176,economics,B,D,False
llama3-8b,H,7177,economics,E,C,False
llama3-8b,H,7181,economics,F,D,False
llama3-8b,H,7182,economics,F,F,True
llama3-8b,H,7183,economics,H,A,False
llama3-8b,H,7186,economics,G,D,False
llama3-8b,H,7188,economics,A,A,True
llama3-8b,H,7191,economics,B,A,False
llama3-8b,H,7194,economics,E,B,False
llama3-8b,H,7196,economics,E,B,False
llama3-8b,H,7198,economics,C,G,False
llama3-8b,H,7200,economics,F,B,False
llama3-8b,H,7201,economics,H,H,True
llama3-8b,H,7203,economics,G,G,True
llama3-8b,H,7204,economics,C,C,True
llama3-8b,H,7208,economics,E,E,True
llama3-8b,H,7210,economics,C,F,False
llama3-8b,H,7211,economics,C,F,False
llama3-8b,H,7213,economics,J,J,True
llama3-8b,H,7215,economics,A,A,True
llama3-8b,H,7216,economics,A,A,True
llama3-8b,H,7217,economics,B,B,True
llama3-8b,H,7218,economics,B,E,False
llama3-8b,H,7219,economics,G,G,True
llama3-8b,H,7223,economics,E,A,False
llama3-8b,H,7225,economics,B,H,False
llama3-8b,H,7228,economics,C,C,True
llama3-8b,H,7233,economics,A,A,True
llama3-8b,H,7234,economics,C,A,False
llama3-8b,H,7235,economics,I,I,True
llama3-8b,H,7236,economics,D,D,True
llama3-8b,H,7237,economics,C,I,False
llama3-8b,H,7238,economics,F,E,False
llama3-8b,H,7239,economics,C,F,False
llama3-8b,H,7240,economics,H,B,False
llama3-8b,H,7241,economics,I,I,True
llama3-8b,H,7243,economics,D,D,True
llama3-8b,H,7245,economics,G,B,False
llama3-8b,H,7246,economics,B,B,True
llama3-8b,H,7248,economics,C,A,False
llama3-8b,H,7249,economics,A,J,False
llama3-8b,H,7250,economics,C,G,False
llama3-8b,H,7251,economics,E,E,True
llama3-8b,H,7253,economics,A,A,True
llama3-8b,H,7256,economics,D,D,True
llama3-8b,H,7258,economics,J,J,True
llama3-8b,H,7259,economics,C,C,True
llama3-8b,H,7260,economics,A,G,False
llama3-8b,H,7262,economics,D,B,False
llama3-8b,H,7263,economics,F,F,True
llama3-8b,H,7264,economics,C,J,False
llama3-8b,H,7265,economics,E,E,True
llama3-8b,H,7266,economics,B,I,False
llama3-8b,H,7267,economics,B,I,False
llama3-8b,H,7268,economics,B,H,False
llama3-8b,H,7269,economics,C,C,True
llama3-8b,H,7270,economics,H,E,False
llama3-8b,H,7271,economics,H,H,True
llama3-8b,H,7273,economics,G,B,False
llama3-8b,H,7275,economics,E,E,True
llama3-8b,H,7277,economics,B,B,True
llama3-8b,H,7278,economics,J,J,True
llama3-8b,H,7279,economics,E,E,True
llama3-8b,H,7280,economics,F,F,True
llama3-8b,H,7282,economics,F,F,True
llama3-8b,H,7283,economics,E,E,True
llama3-8b,H,7284,economics,E,C,False
llama3-8b,H,7285,economics,E,E,True
llama3-8b,H,7286,economics,H,H,True
llama3-8b,H,7287,economics,D,I,False
llama3-8b,H,7290,economics,E,J,False
llama3-8b,H,7291,economics,E,G,False
llama3-8b,H,7295,economics,A,A,True
llama3-8b,H,7296,economics,B,D,False
llama3-8b,H,7297,economics,I,I,True
llama3-8b,H,7298,economics,C,D,False
llama3-8b,H,7299,economics,H,H,True
llama3-8b,H,7300,economics,B,G,False
llama3-8b,H,7302,economics,B,G,False
llama3-8b,H,7304,economics,B,C,False
llama3-8b,H,7309,economics,C,J,False
llama3-8b,H,7310,economics,D,I,False
llama3-8b,H,7313,economics,C,E,False
llama3-8b,H,7314,economics,A,J,False
llama3-8b,H,7315,economics,A,H,False
llama3-8b,H,7317,economics,B,F,False
llama3-8b,H,7318,economics,D,F,False
llama3-8b,H,7325,economics,C,C,True
llama3-8b,H,7326,economics,E,E,True
llama3-8b,H,7327,economics,C,C,True
llama3-8b,H,7328,economics,A,A,True
llama3-8b,H,7329,economics,B,B,True
llama3-8b,H,7331,economics,D,F,False
llama3-8b,H,7339,economics,F,F,True
llama3-8b,H,7341,economics,B,F,False
llama3-8b,H,7342,economics,C,F,False
llama3-8b,H,7344,economics,J,J,True
llama3-8b,H,7345,economics,F,G,False
llama3-8b,H,7346,economics,E,C,False
llama3-8b,H,7348,economics,E,I,False
llama3-8b,H,7351,economics,C,F,False
llama3-8b,H,7352,economics,J,F,False
llama3-8b,H,7358,economics,G,A,False
llama3-8b,H,7359,economics,F,B,False
llama3-8b,H,7360,economics,H,H,True
llama3-8b,H,7361,economics,F,I,False
llama3-8b,H,7363,economics,G,G,True
llama3-8b,H,7365,economics,A,F,False
llama3-8b,H,7366,economics,I,D,False
llama3-8b,H,7370,economics,B,E,False
llama3-8b,H,7371,economics,B,C,False
llama3-8b,H,7372,economics,B,F,False
llama3-8b,H,7374,economics,A,J,False
llama3-8b,H,7375,economics,C,I,False
llama3-8b,H,7376,economics,G,H,False
llama3-8b,H,7377,economics,B,F,False
llama3-8b,H,7380,economics,F,F,True
llama3-8b,H,7383,economics,E,G,False
llama3-8b,H,7384,economics,B,B,True
llama3-8b,H,7385,economics,A,H,False
llama3-8b,H,7386,economics,G,G,True
llama3-8b,H,7388,economics,A,A,True
llama3-8b,H,7391,economics,A,A,True
llama3-8b,H,7392,economics,B,B,True
llama3-8b,H,7393,economics,E,J,False
llama3-8b,H,7394,economics,D,C,False
llama3-8b,H,7396,economics,G,G,True
llama3-8b,H,7398,economics,F,F,True
llama3-8b,H,7399,economics,B,I,False
llama3-8b,H,7400,economics,C,C,True
llama3-8b,H,7402,economics,D,B,False
llama3-8b,H,7403,economics,A,B,False
llama3-8b,H,7404,economics,F,J,False
llama3-8b,H,7405,economics,C,C,True
llama3-8b,H,7406,economics,B,J,False
llama3-8b,H,7407,economics,G,G,True
llama3-8b,H,7408,economics,A,A,True
llama3-8b,H,7409,economics,C,C,True
llama3-8b,H,7410,economics,C,D,False
llama3-8b,H,7411,economics,D,D,True
llama3-8b,H,7412,economics,I,J,False
llama3-8b,H,7415,economics,H,H,True
llama3-8b,H,7417,economics,J,I,False
llama3-8b,H,7418,economics,D,D,True
llama3-8b,H,7419,economics,J,J,True
llama3-8b,H,7428,economics,G,F,False
llama3-8b,H,7429,economics,E,E,True
llama3-8b,H,7430,economics,B,H,False
llama3-8b,H,7431,economics,F,E,False
llama3-8b,H,7433,economics,J,H,False
llama3-8b,H,7434,economics,G,G,True
llama3-8b,H,7436,economics,D,D,True
llama3-8b,H,7437,economics,A,A,True
llama3-8b,H,7439,economics,G,G,True
llama3-8b,H,7442,economics,F,I,False
llama3-8b,H,7443,economics,E,F,False
llama3-8b,H,7444,economics,C,A,False
llama3-8b,H,7445,economics,A,I,False
llama3-8b,H,7447,economics,E,J,False
llama3-8b,H,7449,economics,A,G,False
llama3-8b,H,7450,economics,I,H,False
llama3-8b,H,7452,economics,C,C,True
llama3-8b,H,7453,economics,D,I,False
llama3-8b,H,7456,economics,A,F,False
llama3-8b,H,7459,economics,C,C,True
llama3-8b,H,7460,economics,G,G,True
llama3-8b,H,7461,economics,G,G,True
llama3-8b,H,7464,economics,B,H,False
llama3-8b,H,7466,economics,I,H,False
llama3-8b,H,7469,economics,G,G,True
llama3-8b,H,7470,economics,E,E,True
llama3-8b,H,7471,economics,D,C,False
llama3-8b,H,7473,economics,C,H,False
llama3-8b,H,7474,economics,E,A,False
llama3-8b,H,7477,economics,B,I,False
llama3-8b,H,7479,economics,J,J,True
llama3-8b,H,7483,economics,D,I,False
llama3-8b,H,7484,economics,E,B,False
llama3-8b,H,7485,economics,C,F,False
llama3-8b,H,7492,economics,F,I,False
llama3-8b,H,7493,economics,F,G,False
llama3-8b,H,7494,economics,E,J,False
llama3-8b,H,7496,economics,C,G,False
llama3-8b,H,7500,economics,F,H,False
llama3-8b,H,7501,economics,B,G,False
llama3-8b,H,7502,economics,F,F,True
llama3-8b,H,7504,economics,C,C,True
llama3-8b,H,7505,economics,B,J,False
llama3-8b,H,7508,economics,E,C,False
llama3-8b,H,7509,economics,E,E,True
llama3-8b,H,7510,economics,D,I,False
llama3-8b,H,7512,economics,C,J,False
llama3-8b,H,7514,economics,J,C,False
llama3-8b,H,7516,economics,A,A,True
llama3-8b,H,7521,economics,H,H,True
llama3-8b,H,7522,economics,J,F,False
llama3-8b,H,7523,economics,C,C,True
llama3-8b,H,7524,economics,I,I,True
llama3-8b,H,7525,economics,C,C,True
llama3-8b,H,7526,economics,B,B,True
llama3-8b,H,7529,economics,G,G,True
llama3-8b,H,7530,economics,B,I,False
llama3-8b,H,7532,economics,A,A,True
llama3-8b,H,7533,economics,E,E,True
llama3-8b,H,7534,economics,A,H,False
llama3-8b,H,7536,economics,A,F,False
llama3-8b,H,7537,economics,J,B,False
llama3-8b,H,7538,economics,B,B,True
llama3-8b,H,7539,economics,C,C,True
llama3-8b,H,7540,economics,B,G,False
llama3-8b,H,7542,economics,I,A,False
llama3-8b,H,7543,economics,D,H,False
llama3-8b,H,7544,economics,E,I,False
llama3-8b,H,7545,economics,A,A,True
llama3-8b,H,7546,economics,A,A,True
llama3-8b,H,7547,economics,G,G,True
llama3-8b,H,7548,economics,B,B,True
llama3-8b,H,7549,economics,D,D,True
llama3-8b,H,7550,economics,I,I,True
llama3-8b,H,7551,economics,D,D,True
llama3-8b,H,7552,economics,E,C,False
llama3-8b,H,7554,economics,E,E,True
llama3-8b,H,7556,economics,C,D,False
llama3-8b,H,7560,economics,I,J,False
llama3-8b,H,7561,economics,A,G,False
llama3-8b,H,7562,economics,I,E,False
llama3-8b,H,7564,economics,C,D,False
llama3-8b,H,7565,economics,A,D,False
llama3-8b,H,7566,economics,B,C,False
llama3-8b,H,7567,economics,D,E,False
llama3-8b,H,7568,economics,G,D,False
llama3-8b,H,7572,economics,I,E,False
llama3-8b,H,7573,economics,C,F,False
llama3-8b,H,7575,economics,G,D,False
llama3-8b,H,7580,economics,E,J,False
llama3-8b,H,7582,economics,B,E,False
llama3-8b,H,7583,economics,F,E,False
llama3-8b,H,7584,economics,B,J,False
llama3-8b,H,7586,economics,G,G,True
llama3-8b,H,7590,economics,A,A,True
llama3-8b,H,7592,economics,J,G,False
llama3-8b,H,7593,economics,J,B,False
llama3-8b,H,7594,economics,C,C,True
llama3-8b,H,7596,economics,G,G,True
llama3-8b,H,7599,economics,F,J,False
llama3-8b,H,7600,economics,C,C,True
llama3-8b,H,7602,economics,B,B,True
llama3-8b,H,7603,economics,B,B,True
llama3-8b,H,7604,economics,D,A,False
llama3-8b,H,7606,economics,H,H,True
llama3-8b,H,7607,economics,J,J,True
llama3-8b,H,7608,economics,B,D,False
llama3-8b,H,7610,economics,E,A,False
llama3-8b,H,7611,economics,E,E,True
llama3-8b,H,7613,economics,G,G,True
llama3-8b,H,7614,economics,D,J,False
llama3-8b,H,7617,economics,I,D,False
llama3-8b,H,7618,economics,A,A,True
llama3-8b,H,7619,economics,B,B,True
llama3-8b,H,7620,economics,G,G,True
llama3-8b,H,7621,economics,J,A,False
llama3-8b,H,7622,economics,J,B,False
llama3-8b,H,7623,economics,B,D,False
llama3-8b,H,7626,economics,C,G,False
llama3-8b,H,7629,economics,G,A,False
llama3-8b,H,7630,economics,B,I,False
llama3-8b,H,7632,economics,C,D,False
llama3-8b,H,7634,economics,C,H,False
llama3-8b,H,7638,economics,H,E,False
llama3-8b,H,7639,economics,D,D,True
llama3-8b,H,7640,economics,A,G,False
llama3-8b,H,7641,economics,B,A,False
llama3-8b,H,7644,economics,D,D,True
llama3-8b,H,7645,economics,D,D,True
llama3-8b,H,7646,economics,J,J,True
llama3-8b,H,7648,economics,C,I,False
llama3-8b,H,7649,economics,C,G,False
llama3-8b,H,7650,economics,A,H,False
llama3-8b,H,7651,economics,E,B,False
llama3-8b,H,7655,economics,D,F,False
llama3-8b,H,7656,economics,J,J,True
llama3-8b,H,7657,economics,B,D,False
llama3-8b,H,7658,economics,C,I,False
llama3-8b,H,7662,economics,B,F,False
llama3-8b,H,7664,economics,B,B,True
llama3-8b,H,7665,economics,E,E,True
llama3-8b,H,7667,economics,B,B,True
llama3-8b,H,7669,economics,E,E,True
llama3-8b,H,7670,economics,B,H,False
llama3-8b,H,7671,economics,J,J,True
llama3-8b,H,7672,economics,D,H,False
llama3-8b,H,7673,economics,E,E,True
llama3-8b,H,7674,economics,A,A,True
llama3-8b,H,7675,economics,D,H,False
llama3-8b,H,7676,economics,B,B,True
llama3-8b,H,7677,economics,E,E,True
llama3-8b,H,7678,economics,B,B,True
llama3-8b,H,7679,economics,H,B,False
llama3-8b,H,7681,economics,A,F,False
llama3-8b,H,7684,economics,B,I,False
llama3-8b,H,7686,economics,B,J,False
llama3.1-8b,T1,9047,physics,C,B,False
llama3.1-8b,T1,9048,physics,B,J,False
llama3.1-8b,T1,9049,physics,F,F,True
llama3.1-8b,T1,9052,physics,G,C,False
llama3.1-8b,T1,9054,physics,A,H,False
llama3.1-8b,T1,9055,physics,F,F,True
llama3.1-8b,T1,9059,physics,F,B,False
llama3.1-8b,T1,9060,physics,E,A,False
llama3.1-8b,T1,9061,physics,E,C,False
llama3.1-8b,T1,9069,physics,C,G,False
llama3.1-8b,T1,9070,physics,J,D,False
llama3.1-8b,T1,9071,physics,J,D,False
llama3.1-8b,T1,9074,physics,B,H,False
llama3.1-8b,T1,9082,physics,J,E,False
llama3.1-8b,T1,9085,physics,J,I,False
llama3.1-8b,T1,9086,physics,F,G,False
llama3.1-8b,T1,9088,physics,J,G,False
llama3.1-8b,T1,9089,physics,B,D,False
llama3.1-8b,T1,9091,physics,D,A,False
llama3.1-8b,T1,9097,physics,H,A,False
llama3.1-8b,T1,9098,physics,F,A,False
llama3.1-8b,T1,9100,physics,J,B,False
llama3.1-8b,T1,9104,physics,C,J,False
llama3.1-8b,T1,9105,physics,G,B,False
llama3.1-8b,T1,9106,physics,J,E,False
llama3.1-8b,T1,9107,physics,J,A,False
llama3.1-8b,T1,9108,physics,B,G,False
llama3.1-8b,T1,9110,physics,B,B,True
llama3.1-8b,T1,9111,physics,B,B,True
llama3.1-8b,T1,9115,physics,J,J,True
llama3.1-8b,T1,9116,physics,J,A,False
llama3.1-8b,T1,9117,physics,F,F,True
llama3.1-8b,T1,9120,physics,A,D,False
llama3.1-8b,T1,9121,physics,D,H,False
llama3.1-8b,T1,9123,physics,D,A,False
llama3.1-8b,T1,9129,physics,F,F,True
llama3.1-8b,T1,9130,physics,J,J,True
llama3.1-8b,T1,9135,physics,F,E,False
llama3.1-8b,T1,9140,physics,F,D,False
llama3.1-8b,T1,9141,physics,J,A,False
llama3.1-8b,T1,9147,physics,E,J,False
llama3.1-8b,T1,9149,physics,I,I,True
llama3.1-8b,T1,9152,physics,J,D,False
llama3.1-8b,T1,9153,physics,J,H,False
llama3.1-8b,T1,9156,physics,J,A,False
llama3.1-8b,T1,9157,physics,J,C,False
llama3.1-8b,T1,9158,physics,E,E,True
llama3.1-8b,T1,9161,physics,B,A,False
llama3.1-8b,T1,9165,physics,J,B,False
llama3.1-8b,T1,9167,physics,C,C,True
llama3.1-8b,T1,9169,physics,H,F,False
llama3.1-8b,T1,9171,physics,J,F,False
llama3.1-8b,T1,9178,physics,G,D,False
llama3.1-8b,T1,9179,physics,H,G,False
llama3.1-8b,T1,9181,physics,C,A,False
llama3.1-8b,T1,9182,physics,E,F,False
llama3.1-8b,T1,9183,physics,B,H,False
llama3.1-8b,T1,9185,physics,H,J,False
llama3.1-8b,T1,9186,physics,B,B,True
llama3.1-8b,T1,9189,physics,J,J,True
llama3.1-8b,T1,9190,physics,F,F,True
llama3.1-8b,T1,9193,physics,J,D,False
llama3.1-8b,T1,9194,physics,B,C,False
llama3.1-8b,T1,9199,physics,J,E,False
llama3.1-8b,T1,9200,physics,F,E,False
llama3.1-8b,T1,9206,physics,D,E,False
llama3.1-8b,T1,9207,physics,G,A,False
llama3.1-8b,T1,9209,physics,C,G,False
llama3.1-8b,T1,9211,physics,J,B,False
llama3.1-8b,T1,9213,physics,A,H,False
llama3.1-8b,T1,9214,physics,J,J,True
llama3.1-8b,T1,9216,physics,D,D,True
llama3.1-8b,T1,9218,physics,A,C,False
llama3.1-8b,T1,9223,physics,D,J,False
llama3.1-8b,T1,9226,physics,J,C,False
llama3.1-8b,T1,9229,physics,F,A,False
llama3.1-8b,T1,9230,physics,J,G,False
llama3.1-8b,T1,9231,physics,J,D,False
llama3.1-8b,T1,9237,physics,J,A,False
llama3.1-8b,T1,9238,physics,D,B,False
llama3.1-8b,T1,9239,physics,I,B,False
llama3.1-8b,T1,9241,physics,D,C,False
llama3.1-8b,T1,9242,physics,J,A,False
llama3.1-8b,T1,9245,physics,J,J,True
llama3.1-8b,T1,9246,physics,B,J,False
llama3.1-8b,T1,9249,physics,J,J,True
llama3.1-8b,T1,9252,physics,J,D,False
llama3.1-8b,T1,9255,physics,D,D,True
llama3.1-8b,T1,9257,physics,C,D,False
llama3.1-8b,T1,9258,physics,B,C,False
llama3.1-8b,T1,9265,physics,G,D,False
llama3.1-8b,T1,9267,physics,E,F,False
llama3.1-8b,T1,9272,physics,B,J,False
llama3.1-8b,T1,9273,physics,J,A,False
llama3.1-8b,T1,9274,physics,B,B,True
llama3.1-8b,T1,9277,physics,J,A,False
llama3.1-8b,T1,9278,physics,E,E,True
llama3.1-8b,T1,9279,physics,H,E,False
llama3.1-8b,T1,9283,physics,E,G,False
llama3.1-8b,T1,9284,physics,J,I,False
llama3.1-8b,T1,9290,physics,H,I,False
llama3.1-8b,T1,9292,physics,E,E,True
llama3.1-8b,T1,9294,physics,B,B,True
llama3.1-8b,T1,9297,physics,H,J,False
llama3.1-8b,T1,9300,physics,G,H,False
llama3.1-8b,T1,9302,physics,F,D,False
llama3.1-8b,T1,9305,physics,H,H,True
llama3.1-8b,T1,9306,physics,F,F,True
llama3.1-8b,T1,9309,physics,E,F,False
llama3.1-8b,T1,9313,physics,B,D,False
llama3.1-8b,T1,9315,physics,E,E,True
llama3.1-8b,T1,9321,physics,D,I,False
llama3.1-8b,T1,9322,physics,C,E,False
llama3.1-8b,T1,9325,physics,J,B,False
llama3.1-8b,T1,9326,physics,J,B,False
llama3.1-8b,T1,9328,physics,B,I,False
llama3.1-8b,T1,9333,physics,A,A,True
llama3.1-8b,T1,9338,physics,H,J,False
llama3.1-8b,T1,9340,physics,I,I,True
llama3.1-8b,T1,9342,physics,H,J,False
llama3.1-8b,T1,9343,physics,J,H,False
llama3.1-8b,T1,9346,physics,J,A,False
llama3.1-8b,T1,9347,physics,C,C,True
llama3.1-8b,T1,9362,physics,D,D,True
llama3.1-8b,T1,9365,physics,A,A,True
llama3.1-8b,T1,9367,physics,J,J,True
llama3.1-8b,T1,9369,physics,J,C,False
llama3.1-8b,T1,9373,physics,E,G,False
llama3.1-8b,T1,9374,physics,C,D,False
llama3.1-8b,T1,9376,physics,G,H,False
llama3.1-8b,T1,9380,physics,H,A,False
llama3.1-8b,T1,9383,physics,E,I,False
llama3.1-8b,T1,9385,physics,G,A,False
llama3.1-8b,T1,9388,physics,J,I,False
llama3.1-8b,T1,9389,physics,F,F,True
llama3.1-8b,T1,9392,physics,E,E,True
llama3.1-8b,T1,9395,physics,C,F,False
llama3.1-8b,T1,9396,physics,C,D,False
llama3.1-8b,T1,9398,physics,J,G,False
llama3.1-8b,T1,9400,physics,A,H,False
llama3.1-8b,T1,9401,physics,J,J,True
llama3.1-8b,T1,9402,physics,J,F,False
llama3.1-8b,T1,9403,physics,E,G,False
llama3.1-8b,T1,9412,physics,J,G,False
llama3.1-8b,T1,9414,physics,H,G,False
llama3.1-8b,T1,9416,physics,B,D,False
llama3.1-8b,T1,9422,physics,G,B,False
llama3.1-8b,T1,9423,physics,J,J,True
llama3.1-8b,T1,9424,physics,E,J,False
llama3.1-8b,T1,9427,physics,B,B,True
llama3.1-8b,T1,9430,physics,E,E,True
llama3.1-8b,T1,9431,physics,G,G,True
llama3.1-8b,T1,9438,physics,B,B,True
llama3.1-8b,T1,9440,physics,J,I,False
llama3.1-8b,T1,9443,physics,J,B,False
llama3.1-8b,T1,9453,physics,C,C,True
llama3.1-8b,T1,9459,physics,E,G,False
llama3.1-8b,T1,9460,physics,E,F,False
llama3.1-8b,T1,9465,physics,B,B,True
llama3.1-8b,T1,9471,physics,B,G,False
llama3.1-8b,T1,9473,physics,G,F,False
llama3.1-8b,T1,9474,physics,B,G,False
llama3.1-8b,T1,9475,physics,C,C,True
llama3.1-8b,T1,9476,physics,A,A,True
llama3.1-8b,T1,9477,physics,D,D,True
llama3.1-8b,T1,9479,physics,D,D,True
llama3.1-8b,T1,9482,physics,B,H,False
llama3.1-8b,T1,9487,physics,F,H,False
llama3.1-8b,T1,9488,physics,C,G,False
llama3.1-8b,T1,9495,physics,J,J,True
llama3.1-8b,T1,9498,physics,D,C,False
llama3.1-8b,T1,9499,physics,H,A,False
llama3.1-8b,T1,9501,physics,J,G,False
llama3.1-8b,T1,9503,physics,D,D,True
llama3.1-8b,T1,9504,physics,J,G,False
llama3.1-8b,T1,9506,physics,J,G,False
llama3.1-8b,T1,9510,physics,D,D,True
llama3.1-8b,T1,9512,physics,B,C,False
llama3.1-8b,T1,9513,physics,B,I,False
llama3.1-8b,T1,9514,physics,J,D,False
llama3.1-8b,T1,9515,physics,J,A,False
llama3.1-8b,T1,9517,physics,J,A,False
llama3.1-8b,T1,9518,physics,H,H,True
llama3.1-8b,T1,9519,physics,E,E,True
llama3.1-8b,T1,9523,physics,J,F,False
llama3.1-8b,T1,9526,physics,C,C,True
llama3.1-8b,T1,9531,physics,J,F,False
llama3.1-8b,T1,9532,physics,J,E,False
llama3.1-8b,T1,9535,physics,H,H,True
llama3.1-8b,T1,9536,physics,J,B,False
llama3.1-8b,T1,9540,physics,G,G,True
llama3.1-8b,T1,9545,physics,J,C,False
llama3.1-8b,T1,9551,physics,B,B,True
llama3.1-8b,T1,9559,physics,I,H,False
llama3.1-8b,T1,9563,physics,B,J,False
llama3.1-8b,T1,9564,physics,J,I,False
llama3.1-8b,T1,9568,physics,G,G,True
llama3.1-8b,T1,9569,physics,C,C,True
llama3.1-8b,T1,9571,physics,F,G,False
llama3.1-8b,T1,9572,physics,F,C,False
llama3.1-8b,T1,9576,physics,B,B,True
llama3.1-8b,T1,9578,physics,D,A,False
llama3.1-8b,T1,9580,physics,F,E,False
llama3.1-8b,T1,9582,physics,J,B,False
llama3.1-8b,T1,9585,physics,D,D,True
llama3.1-8b,T1,9588,physics,C,B,False
llama3.1-8b,T1,9589,physics,H,A,False
llama3.1-8b,T1,9591,physics,F,H,False
llama3.1-8b,T1,9594,physics,D,E,False
llama3.1-8b,T1,9607,physics,J,A,False
llama3.1-8b,T1,9610,physics,F,A,False
llama3.1-8b,T1,9611,physics,J,E,False
llama3.1-8b,T1,9613,physics,H,C,False
llama3.1-8b,T1,9614,physics,H,E,False
llama3.1-8b,T1,9615,physics,J,J,True
llama3.1-8b,T1,9618,physics,B,B,True
llama3.1-8b,T1,9620,physics,C,D,False
llama3.1-8b,T1,9621,physics,B,B,True
llama3.1-8b,T1,9622,physics,F,F,True
llama3.1-8b,T1,9624,physics,J,I,False
llama3.1-8b,T1,9625,physics,D,I,False
llama3.1-8b,T1,9627,physics,J,C,False
llama3.1-8b,T1,9628,physics,J,B,False
llama3.1-8b,T1,9630,physics,G,F,False
llama3.1-8b,T1,9636,physics,C,C,True
llama3.1-8b,T1,9637,physics,F,F,True
llama3.1-8b,T1,9639,physics,H,A,False
llama3.1-8b,T1,9640,physics,B,F,False
llama3.1-8b,T1,9642,physics,H,J,False
llama3.1-8b,T1,9644,physics,E,I,False
llama3.1-8b,T1,9645,physics,J,I,False
llama3.1-8b,T1,9649,physics,A,A,True
llama3.1-8b,T1,9659,physics,C,J,False
llama3.1-8b,T1,9666,physics,E,E,True
llama3.1-8b,T1,9668,physics,J,F,False
llama3.1-8b,T1,9669,physics,E,G,False
llama3.1-8b,T1,9670,physics,J,E,False
llama3.1-8b,T1,9672,physics,J,I,False
llama3.1-8b,T1,9673,physics,J,F,False
llama3.1-8b,T1,9674,physics,C,C,True
llama3.1-8b,T1,9676,physics,B,G,False
llama3.1-8b,T1,9677,physics,J,C,False
llama3.1-8b,T1,9685,physics,B,G,False
llama3.1-8b,T1,9686,physics,B,H,False
llama3.1-8b,T1,9688,physics,J,H,False
llama3.1-8b,T1,9696,physics,E,E,True
llama3.1-8b,T1,9697,physics,F,H,False
llama3.1-8b,T1,9703,physics,B,B,True
llama3.1-8b,T1,9706,physics,J,E,False
llama3.1-8b,T1,9711,physics,D,D,True
llama3.1-8b,T1,9712,physics,J,C,False
llama3.1-8b,T1,9713,physics,C,D,False
llama3.1-8b,T1,9715,physics,J,E,False
llama3.1-8b,T1,9721,physics,J,J,True
llama3.1-8b,T1,9723,physics,B,H,False
llama3.1-8b,T1,9726,physics,J,I,False
llama3.1-8b,T1,9731,physics,J,D,False
llama3.1-8b,T1,9736,physics,I,E,False
llama3.1-8b,T1,9740,physics,B,F,False
llama3.1-8b,T1,9743,physics,G,H,False
llama3.1-8b,T1,9744,physics,J,I,False
llama3.1-8b,T1,9749,physics,E,A,False
llama3.1-8b,T1,9755,physics,B,D,False
llama3.1-8b,T1,9757,physics,C,A,False
llama3.1-8b,T1,9758,physics,J,J,True
llama3.1-8b,T1,9759,physics,H,H,True
llama3.1-8b,T1,9761,physics,B,B,True
llama3.1-8b,T1,9764,physics,C,D,False
llama3.1-8b,T1,9765,physics,J,I,False
llama3.1-8b,T1,9767,physics,A,A,True
llama3.1-8b,T1,9769,physics,F,E,False
llama3.1-8b,T1,9771,physics,I,F,False
llama3.1-8b,T1,9773,physics,D,E,False
llama3.1-8b,T1,9774,physics,B,D,False
llama3.1-8b,T1,9776,physics,C,D,False
llama3.1-8b,T1,9777,physics,D,A,False
llama3.1-8b,T1,9778,physics,J,E,False
llama3.1-8b,T1,9780,physics,F,B,False
llama3.1-8b,T1,9785,physics,F,H,False
llama3.1-8b,T1,9786,physics,C,A,False
llama3.1-8b,T1,9789,physics,A,D,False
llama3.1-8b,T1,9795,physics,C,C,True
llama3.1-8b,T1,9800,physics,D,C,False
llama3.1-8b,T1,9802,physics,J,I,False
llama3.1-8b,T1,9804,physics,J,H,False
llama3.1-8b,T1,9807,physics,I,I,True
llama3.1-8b,T1,9809,physics,G,F,False
llama3.1-8b,T1,9817,physics,E,B,False
llama3.1-8b,T1,9818,physics,G,D,False
llama3.1-8b,T1,9819,physics,I,I,True
llama3.1-8b,T1,9824,physics,C,I,False
llama3.1-8b,T1,9825,physics,F,F,True
llama3.1-8b,T1,9827,physics,G,C,False
llama3.1-8b,T1,9831,physics,C,I,False
llama3.1-8b,T1,9832,physics,J,I,False
llama3.1-8b,T1,9833,physics,J,H,False
llama3.1-8b,T1,9837,physics,C,C,True
llama3.1-8b,T1,9838,physics,J,G,False
llama3.1-8b,T1,9839,physics,B,I,False
llama3.1-8b,T1,9843,physics,J,A,False
llama3.1-8b,T1,9844,physics,J,B,False
llama3.1-8b,T1,9845,physics,J,G,False
llama3.1-8b,T1,9849,physics,F,H,False
llama3.1-8b,T1,9854,physics,F,D,False
llama3.1-8b,T1,9856,physics,I,D,False
llama3.1-8b,T1,9861,physics,G,A,False
llama3.1-8b,T1,9862,physics,J,I,False
llama3.1-8b,T1,9863,physics,C,A,False
llama3.1-8b,T1,9864,physics,D,H,False
llama3.1-8b,T1,9867,physics,B,B,True
llama3.1-8b,T1,9874,physics,I,A,False
llama3.1-8b,T1,9875,physics,J,H,False
llama3.1-8b,T1,9876,physics,C,C,True
llama3.1-8b,T1,9885,physics,C,C,True
llama3.1-8b,T1,9889,physics,C,A,False
llama3.1-8b,T1,9890,physics,J,J,True
llama3.1-8b,T1,9897,physics,B,B,True
llama3.1-8b,T1,9902,physics,J,J,True
llama3.1-8b,T1,9904,physics,G,B,False
llama3.1-8b,T1,9908,physics,B,I,False
llama3.1-8b,T1,9911,physics,J,G,False
llama3.1-8b,T1,9913,physics,J,J,True
llama3.1-8b,T1,9914,physics,D,A,False
llama3.1-8b,T1,9920,physics,D,E,False
llama3.1-8b,T1,9923,physics,C,J,False
llama3.1-8b,T1,9930,physics,B,J,False
llama3.1-8b,T1,9939,physics,D,I,False
llama3.1-8b,T1,9942,physics,G,F,False
llama3.1-8b,T1,9943,physics,G,I,False
llama3.1-8b,T1,9946,physics,D,B,False
llama3.1-8b,T1,9949,physics,E,H,False
llama3.1-8b,T1,9953,physics,B,F,False
llama3.1-8b,T1,9954,physics,B,F,False
llama3.1-8b,T1,9955,physics,G,F,False
llama3.1-8b,T1,9957,physics,J,C,False
llama3.1-8b,T1,9958,physics,J,E,False
llama3.1-8b,T1,9960,physics,H,D,False
llama3.1-8b,T1,9962,physics,J,E,False
llama3.1-8b,T1,9964,physics,J,B,False
llama3.1-8b,T1,9967,physics,J,A,False
llama3.1-8b,T1,9968,physics,J,C,False
llama3.1-8b,T1,9973,physics,J,G,False
llama3.1-8b,T1,9976,physics,J,E,False
llama3.1-8b,T1,9981,physics,A,A,True
llama3.1-8b,T1,9986,physics,E,B,False
llama3.1-8b,T1,9988,physics,C,G,False
llama3.1-8b,T1,9994,physics,J,H,False
llama3.1-8b,T1,10004,physics,E,C,False
llama3.1-8b,T1,10011,physics,G,I,False
llama3.1-8b,T1,10012,physics,I,I,True
llama3.1-8b,T1,10014,physics,H,H,True
llama3.1-8b,T1,10016,physics,F,C,False
llama3.1-8b,T1,10017,physics,J,E,False
llama3.1-8b,T1,10018,physics,G,D,False
llama3.1-8b,T1,10020,physics,J,H,False
llama3.1-8b,T1,10021,physics,B,I,False
llama3.1-8b,T1,10022,physics,H,D,False
llama3.1-8b,T1,10029,physics,H,F,False
llama3.1-8b,T1,10032,physics,B,B,True
llama3.1-8b,T1,10033,physics,B,B,True
llama3.1-8b,T1,10034,physics,B,E,False
llama3.1-8b,T1,10038,physics,B,B,True
llama3.1-8b,T1,10040,physics,E,H,False
llama3.1-8b,T1,10041,physics,B,E,False
llama3.1-8b,T1,10042,physics,I,A,False
llama3.1-8b,T1,10043,physics,C,A,False
llama3.1-8b,T1,10049,physics,I,I,True
llama3.1-8b,T1,10050,physics,B,H,False
llama3.1-8b,T1,10052,physics,J,C,False
llama3.1-8b,T1,10058,physics,I,J,False
llama3.1-8b,T1,10059,physics,F,A,False
llama3.1-8b,T1,10060,physics,B,C,False
llama3.1-8b,T1,10063,physics,A,A,True
llama3.1-8b,T1,10069,physics,C,C,True
llama3.1-8b,T1,10070,physics,H,G,False
llama3.1-8b,T1,10076,physics,J,A,False
llama3.1-8b,T1,10079,physics,H,I,False
llama3.1-8b,T1,10083,physics,B,F,False
llama3.1-8b,T1,10086,physics,H,A,False
llama3.1-8b,T1,10089,physics,E,I,False
llama3.1-8b,T1,10091,physics,E,H,False
llama3.1-8b,T1,10092,physics,C,B,False
llama3.1-8b,T1,10095,physics,E,F,False
llama3.1-8b,T1,10099,physics,G,J,False
llama3.1-8b,T1,10100,physics,J,J,True
llama3.1-8b,T1,10102,physics,E,J,False
llama3.1-8b,T1,10105,physics,B,E,False
llama3.1-8b,T1,10110,physics,J,J,True
llama3.1-8b,T1,10113,physics,I,G,False
llama3.1-8b,T1,10116,physics,G,A,False
llama3.1-8b,T1,10118,physics,B,F,False
llama3.1-8b,T1,10121,physics,C,J,False
llama3.1-8b,T1,10123,physics,I,H,False
llama3.1-8b,T1,10126,physics,G,G,True
llama3.1-8b,T1,10135,physics,F,J,False
llama3.1-8b,T1,10139,physics,F,I,False
llama3.1-8b,T1,10140,physics,F,H,False
llama3.1-8b,T1,10143,physics,J,A,False
llama3.1-8b,T1,10144,physics,E,E,True
llama3.1-8b,T1,10147,physics,C,E,False
llama3.1-8b,T1,10149,physics,F,C,False
llama3.1-8b,T1,10150,physics,D,D,True
llama3.1-8b,T1,10151,physics,J,D,False
llama3.1-8b,T1,10152,physics,E,E,True
llama3.1-8b,T1,10153,physics,J,F,False
llama3.1-8b,T1,10155,physics,H,H,True
llama3.1-8b,T1,10162,physics,G,E,False
llama3.1-8b,T1,10165,physics,F,H,False
llama3.1-8b,T1,10168,physics,J,B,False
llama3.1-8b,T1,10173,physics,B,F,False
llama3.1-8b,T1,10180,physics,J,J,True
llama3.1-8b,T1,10182,physics,E,E,True
llama3.1-8b,T1,10188,physics,H,I,False
llama3.1-8b,T1,10190,physics,H,B,False
llama3.1-8b,T1,10191,physics,H,H,True
llama3.1-8b,T1,10193,physics,H,H,True
llama3.1-8b,T1,10194,physics,E,A,False
llama3.1-8b,T1,10195,physics,J,H,False
llama3.1-8b,T1,10199,physics,D,D,True
llama3.1-8b,T1,10201,physics,J,D,False
llama3.1-8b,T1,10206,physics,J,A,False
llama3.1-8b,T1,10207,physics,I,I,True
llama3.1-8b,T1,10209,physics,C,B,False
llama3.1-8b,T1,10211,physics,I,I,True
llama3.1-8b,T1,10213,physics,J,A,False
llama3.1-8b,T1,10220,physics,C,J,False
llama3.1-8b,T1,10226,physics,D,D,True
llama3.1-8b,T1,10229,physics,B,I,False
llama3.1-8b,T1,10235,physics,E,A,False
llama3.1-8b,T1,10237,physics,B,J,False
llama3.1-8b,T1,10240,physics,G,G,True
llama3.1-8b,T1,10241,physics,B,G,False
llama3.1-8b,T1,10243,physics,B,J,False
llama3.1-8b,T1,10249,physics,H,J,False
llama3.1-8b,T1,10250,physics,F,B,False
llama3.1-8b,T1,10251,physics,D,E,False
llama3.1-8b,T1,10253,physics,B,A,False
llama3.1-8b,T1,10255,physics,F,J,False
llama3.1-8b,T1,10259,physics,J,J,True
llama3.1-8b,T1,10260,physics,D,H,False
llama3.1-8b,T1,10261,physics,I,F,False
llama3.1-8b,T1,10268,physics,E,A,False
llama3.1-8b,T1,10276,physics,B,B,True
llama3.1-8b,T1,10283,physics,H,I,False
llama3.1-8b,T1,10286,physics,J,D,False
llama3.1-8b,T1,10287,physics,H,A,False
llama3.1-8b,T1,10292,physics,G,G,True
llama3.1-8b,T1,10293,physics,J,I,False
llama3.1-8b,T1,10295,physics,E,G,False
llama3.1-8b,T1,10298,physics,C,C,True
llama3.1-8b,T1,10299,physics,E,E,True
llama3.1-8b,T1,10307,physics,H,C,False
llama3.1-8b,T1,10308,physics,E,E,True
llama3.1-8b,T1,10310,physics,E,C,False
llama3.1-8b,T1,10311,physics,G,F,False
llama3.1-8b,T1,10314,physics,F,F,True
llama3.1-8b,T1,10316,physics,J,J,True
llama3.1-8b,T1,10317,physics,J,F,False
llama3.1-8b,T1,10318,physics,G,G,True
llama3.1-8b,T1,10319,physics,F,B,False
llama3.1-8b,T1,10320,physics,J,J,True
llama3.1-8b,T1,10322,physics,J,A,False
llama3.1-8b,T1,10324,physics,E,D,False
llama3.1-8b,T1,10326,physics,H,B,False
llama3.1-8b,T1,10330,physics,C,C,True
llama3.1-8b,T1,10333,physics,C,C,True
llama3.1-8b,T1,10335,physics,H,H,True
llama3.1-8b,T1,10336,physics,J,E,False
llama3.1-8b,T1,10337,physics,G,G,True
llama3.1-8b,T1,10340,physics,J,D,False
llama3.1-8b,T1,10344,physics,I,A,False
llama3.1-8b,T1,10345,physics,J,G,False
llama3.1-8b,T1,10346,physics,J,I,False
llama3.1-8b,T1,10348,physics,B,J,False
llama3.1-8b,T1,10349,physics,J,A,False
llama3.1-8b,T1,10350,physics,B,B,True
llama3.1-8b,T1,10352,physics,J,D,False
llama3.1-8b,T1,10353,physics,H,H,True
llama3.1-8b,T1,10354,physics,J,H,False
llama3.1-8b,T1,10355,physics,E,E,True
llama3.1-8b,T1,866,law,E,D,False
llama3.1-8b,T1,867,law,E,B,False
llama3.1-8b,T1,871,law,J,C,False
llama3.1-8b,T1,872,law,F,G,False
llama3.1-8b,T1,873,law,B,E,False
llama3.1-8b,T1,874,law,J,A,False
llama3.1-8b,T1,876,law,B,I,False
llama3.1-8b,T1,879,law,I,A,False
llama3.1-8b,T1,885,law,G,C,False
llama3.1-8b,T1,889,law,F,C,False
llama3.1-8b,T1,890,law,C,G,False
llama3.1-8b,T1,894,law,D,H,False
llama3.1-8b,T1,895,law,E,H,False
llama3.1-8b,T1,896,law,B,G,False
llama3.1-8b,T1,899,law,D,G,False
llama3.1-8b,T1,902,law,I,I,True
llama3.1-8b,T1,903,law,B,B,True
llama3.1-8b,T1,905,law,J,A,False
llama3.1-8b,T1,907,law,I,J,False
llama3.1-8b,T1,908,law,I,B,False
llama3.1-8b,T1,909,law,A,B,False
llama3.1-8b,T1,913,law,A,E,False
llama3.1-8b,T1,915,law,I,G,False
llama3.1-8b,T1,917,law,I,I,True
llama3.1-8b,T1,918,law,D,J,False
llama3.1-8b,T1,919,law,B,E,False
llama3.1-8b,T1,922,law,E,D,False
llama3.1-8b,T1,923,law,D,F,False
llama3.1-8b,T1,924,law,J,J,True
llama3.1-8b,T1,925,law,J,J,True
llama3.1-8b,T1,933,law,H,H,True
llama3.1-8b,T1,937,law,B,D,False
llama3.1-8b,T1,939,law,G,G,True
llama3.1-8b,T1,942,law,J,F,False
llama3.1-8b,T1,943,law,H,F,False
llama3.1-8b,T1,944,law,D,D,True
llama3.1-8b,T1,946,law,B,B,True
llama3.1-8b,T1,952,law,I,D,False
llama3.1-8b,T1,954,law,E,E,True
llama3.1-8b,T1,955,law,J,A,False
llama3.1-8b,T1,958,law,J,J,True
llama3.1-8b,T1,959,law,G,A,False
llama3.1-8b,T1,965,law,G,F,False
llama3.1-8b,T1,969,law,I,I,True
llama3.1-8b,T1,971,law,C,C,True
llama3.1-8b,T1,973,law,F,H,False
llama3.1-8b,T1,974,law,F,G,False
llama3.1-8b,T1,975,law,C,D,False
llama3.1-8b,T1,976,law,G,E,False
llama3.1-8b,T1,981,law,J,I,False
llama3.1-8b,T1,983,law,D,G,False
llama3.1-8b,T1,984,law,A,B,False
llama3.1-8b,T1,985,law,H,G,False
llama3.1-8b,T1,986,law,J,B,False
llama3.1-8b,T1,988,law,J,B,False
llama3.1-8b,T1,990,law,J,G,False
llama3.1-8b,T1,991,law,E,E,True
llama3.1-8b,T1,994,law,F,H,False
llama3.1-8b,T1,995,law,E,F,False
llama3.1-8b,T1,1000,law,G,A,False
llama3.1-8b,T1,1004,law,A,F,False
llama3.1-8b,T1,1005,law,D,D,True
llama3.1-8b,T1,1007,law,C,A,False
llama3.1-8b,T1,1008,law,D,J,False
llama3.1-8b,T1,1010,law,A,E,False
llama3.1-8b,T1,1015,law,J,F,False
llama3.1-8b,T1,1016,law,D,H,False
llama3.1-8b,T1,1017,law,B,B,True
llama3.1-8b,T1,1019,law,F,A,False
llama3.1-8b,T1,1032,law,B,D,False
llama3.1-8b,T1,1036,law,A,B,False
llama3.1-8b,T1,1038,law,B,B,True
llama3.1-8b,T1,1040,law,B,I,False
llama3.1-8b,T1,1041,law,B,I,False
llama3.1-8b,T1,1042,law,I,E,False
llama3.1-8b,T1,1044,law,E,B,False
llama3.1-8b,T1,1045,law,G,E,False
llama3.1-8b,T1,1050,law,J,A,False
llama3.1-8b,T1,1051,law,F,D,False
llama3.1-8b,T1,1052,law,D,A,False
llama3.1-8b,T1,1053,law,J,B,False
llama3.1-8b,T1,1055,law,J,C,False
llama3.1-8b,T1,1061,law,F,F,True
llama3.1-8b,T1,1063,law,G,A,False
llama3.1-8b,T1,1064,law,J,A,False
llama3.1-8b,T1,1065,law,F,F,True
llama3.1-8b,T1,1067,law,J,J,True
llama3.1-8b,T1,1068,law,J,B,False
llama3.1-8b,T1,1069,law,F,F,True
llama3.1-8b,T1,1070,law,E,E,True
llama3.1-8b,T1,1071,law,A,A,True
llama3.1-8b,T1,1072,law,F,F,True
llama3.1-8b,T1,1073,law,H,F,False
llama3.1-8b,T1,1076,law,D,D,True
llama3.1-8b,T1,1077,law,I,I,True
llama3.1-8b,T1,1078,law,I,B,False
llama3.1-8b,T1,1079,law,J,I,False
llama3.1-8b,T1,1083,law,I,A,False
llama3.1-8b,T1,1084,law,A,J,False
llama3.1-8b,T1,1085,law,B,I,False
llama3.1-8b,T1,1086,law,A,C,False
llama3.1-8b,T1,1090,law,A,A,True
llama3.1-8b,T1,1091,law,I,A,False
llama3.1-8b,T1,1094,law,J,A,False
llama3.1-8b,T1,1096,law,J,A,False
llama3.1-8b,T1,1099,law,J,I,False
llama3.1-8b,T1,1100,law,E,D,False
llama3.1-8b,T1,1101,law,E,E,True
llama3.1-8b,T1,1103,law,J,G,False
llama3.1-8b,T1,1106,law,E,C,False
llama3.1-8b,T1,1108,law,D,G,False
llama3.1-8b,T1,1110,law,C,I,False
llama3.1-8b,T1,1114,law,B,B,True
llama3.1-8b,T1,1116,law,B,A,False
llama3.1-8b,T1,1117,law,G,D,False
llama3.1-8b,T1,1123,law,D,D,True
llama3.1-8b,T1,1124,law,C,C,True
llama3.1-8b,T1,1132,law,B,F,False
llama3.1-8b,T1,1136,law,I,H,False
llama3.1-8b,T1,1137,law,F,C,False
llama3.1-8b,T1,1139,law,A,I,False
llama3.1-8b,T1,1142,law,F,I,False
llama3.1-8b,T1,1143,law,B,A,False
llama3.1-8b,T1,1144,law,E,E,True
llama3.1-8b,T1,1145,law,J,J,True
llama3.1-8b,T1,1146,law,F,E,False
llama3.1-8b,T1,1147,law,H,C,False
llama3.1-8b,T1,1154,law,C,D,False
llama3.1-8b,T1,1155,law,G,G,True
llama3.1-8b,T1,1156,law,C,C,True
llama3.1-8b,T1,1158,law,I,C,False
llama3.1-8b,T1,1159,law,D,D,True
llama3.1-8b,T1,1161,law,J,I,False
llama3.1-8b,T1,1162,law,F,F,True
llama3.1-8b,T1,1163,law,G,D,False
llama3.1-8b,T1,1165,law,A,C,False
llama3.1-8b,T1,1168,law,B,H,False
llama3.1-8b,T1,1169,law,B,F,False
llama3.1-8b,T1,1172,law,A,A,True
llama3.1-8b,T1,1174,law,I,B,False
llama3.1-8b,T1,1179,law,B,F,False
llama3.1-8b,T1,1183,law,A,A,True
llama3.1-8b,T1,1184,law,C,I,False
llama3.1-8b,T1,1185,law,A,I,False
llama3.1-8b,T1,1187,law,J,F,False
llama3.1-8b,T1,1189,law,C,E,False
llama3.1-8b,T1,1190,law,I,E,False
llama3.1-8b,T1,1191,law,J,J,True
llama3.1-8b,T1,1193,law,G,A,False
llama3.1-8b,T1,1195,law,A,J,False
llama3.1-8b,T1,1199,law,J,J,True
llama3.1-8b,T1,1203,law,B,I,False
llama3.1-8b,T1,1204,law,J,F,False
llama3.1-8b,T1,1205,law,C,H,False
llama3.1-8b,T1,1206,law,B,D,False
llama3.1-8b,T1,1207,law,J,H,False
llama3.1-8b,T1,1208,law,A,A,True
llama3.1-8b,T1,1209,law,I,I,True
llama3.1-8b,T1,1211,law,J,C,False
llama3.1-8b,T1,1212,law,A,A,True
llama3.1-8b,T1,1214,law,G,H,False
llama3.1-8b,T1,1215,law,J,J,True
llama3.1-8b,T1,1216,law,H,H,True
llama3.1-8b,T1,1218,law,E,E,True
llama3.1-8b,T1,1220,law,J,A,False
llama3.1-8b,T1,1221,law,J,G,False
llama3.1-8b,T1,1223,law,F,G,False
llama3.1-8b,T1,1227,law,I,I,True
llama3.1-8b,T1,1228,law,J,G,False
llama3.1-8b,T1,1229,law,D,H,False
llama3.1-8b,T1,1231,law,B,B,True
llama3.1-8b,T1,1237,law,J,G,False
llama3.1-8b,T1,1241,law,A,I,False
llama3.1-8b,T1,1243,law,A,B,False
llama3.1-8b,T1,1244,law,A,G,False
llama3.1-8b,T1,1245,law,I,I,True
llama3.1-8b,T1,1248,law,J,D,False
llama3.1-8b,T1,1252,law,F,A,False
llama3.1-8b,T1,1255,law,A,A,True
llama3.1-8b,T1,1259,law,J,H,False
llama3.1-8b,T1,1261,law,A,G,False
llama3.1-8b,T1,1263,law,I,B,False
llama3.1-8b,T1,1266,law,A,C,False
llama3.1-8b,T1,1267,law,D,E,False
llama3.1-8b,T1,1268,law,D,D,True
llama3.1-8b,T1,1276,law,A,A,True
llama3.1-8b,T1,1278,law,J,I,False
llama3.1-8b,T1,1279,law,J,F,False
llama3.1-8b,T1,1281,law,C,G,False
llama3.1-8b,T1,1283,law,I,I,True
llama3.1-8b,T1,1288,law,G,G,True
llama3.1-8b,T1,1291,law,F,E,False
llama3.1-8b,T1,1292,law,A,H,False
llama3.1-8b,T1,1294,law,H,H,True
llama3.1-8b,T1,1295,law,E,E,True
llama3.1-8b,T1,1302,law,G,G,True
llama3.1-8b,T1,1303,law,G,A,False
llama3.1-8b,T1,1304,law,A,A,True
llama3.1-8b,T1,1305,law,G,G,True
llama3.1-8b,T1,1307,law,J,A,False
llama3.1-8b,T1,1308,law,C,I,False
llama3.1-8b,T1,1309,law,E,E,True
llama3.1-8b,T1,1311,law,D,I,False
llama3.1-8b,T1,1317,law,A,I,False
llama3.1-8b,T1,1318,law,B,E,False
llama3.1-8b,T1,1319,law,I,A,False
llama3.1-8b,T1,1320,law,A,A,True
llama3.1-8b,T1,1322,law,I,I,True
llama3.1-8b,T1,1323,law,A,A,True
llama3.1-8b,T1,1324,law,D,B,False
llama3.1-8b,T1,1325,law,A,G,False
llama3.1-8b,T1,1326,law,J,J,True
llama3.1-8b,T1,1328,law,A,A,True
llama3.1-8b,T1,1336,law,G,J,False
llama3.1-8b,T1,1339,law,G,A,False
llama3.1-8b,T1,1344,law,J,F,False
llama3.1-8b,T1,1348,law,C,I,False
llama3.1-8b,T1,1350,law,H,H,True
llama3.1-8b,T1,1353,law,D,D,True
llama3.1-8b,T1,1356,law,A,B,False
llama3.1-8b,T1,1357,law,I,I,True
llama3.1-8b,T1,1359,law,A,A,True
llama3.1-8b,T1,1362,law,I,D,False
llama3.1-8b,T1,1363,law,F,F,True
llama3.1-8b,T1,1364,law,G,G,True
llama3.1-8b,T1,1365,law,B,H,False
llama3.1-8b,T1,1366,law,D,J,False
llama3.1-8b,T1,1368,law,J,G,False
llama3.1-8b,T1,1371,law,J,F,False
llama3.1-8b,T1,1372,law,J,J,True
llama3.1-8b,T1,1373,law,C,C,True
llama3.1-8b,T1,1375,law,D,G,False
llama3.1-8b,T1,1376,law,I,I,True
llama3.1-8b,T1,1380,law,A,C,False
llama3.1-8b,T1,1386,law,E,I,False
llama3.1-8b,T1,1388,law,I,I,True
llama3.1-8b,T1,1391,law,A,A,True
llama3.1-8b,T1,1393,law,J,B,False
llama3.1-8b,T1,1395,law,B,B,True
llama3.1-8b,T1,1398,law,J,B,False
llama3.1-8b,T1,1399,law,J,D,False
llama3.1-8b,T1,1401,law,A,G,False
llama3.1-8b,T1,1403,law,J,F,False
llama3.1-8b,T1,1404,law,J,I,False
llama3.1-8b,T1,1406,law,J,B,False
llama3.1-8b,T1,1410,law,J,H,False
llama3.1-8b,T1,1411,law,E,E,True
llama3.1-8b,T1,1413,law,G,F,False
llama3.1-8b,T1,1415,law,B,E,False
llama3.1-8b,T1,1418,law,C,B,False
llama3.1-8b,T1,1419,law,B,F,False
llama3.1-8b,T1,1420,law,J,H,False
llama3.1-8b,T1,1422,law,J,G,False
llama3.1-8b,T1,1423,law,D,G,False
llama3.1-8b,T1,1424,law,I,H,False
llama3.1-8b,T1,1425,law,A,A,True
llama3.1-8b,T1,1426,law,J,B,False
llama3.1-8b,T1,1427,law,C,J,False
llama3.1-8b,T1,1429,law,I,A,False
llama3.1-8b,T1,1431,law,D,D,True
llama3.1-8b,T1,1433,law,J,D,False
llama3.1-8b,T1,1437,law,J,J,True
llama3.1-8b,T1,1440,law,B,B,True
llama3.1-8b,T1,1441,law,I,H,False
llama3.1-8b,T1,1445,law,J,D,False
llama3.1-8b,T1,1446,law,H,G,False
llama3.1-8b,T1,1447,law,B,F,False
llama3.1-8b,T1,1449,law,G,G,True
llama3.1-8b,T1,1450,law,E,I,False
llama3.1-8b,T1,1452,law,F,D,False
llama3.1-8b,T1,1463,law,G,J,False
llama3.1-8b,T1,1464,law,B,H,False
llama3.1-8b,T1,1465,law,E,F,False
llama3.1-8b,T1,1468,law,E,E,True
llama3.1-8b,T1,1472,law,I,J,False
llama3.1-8b,T1,1473,law,A,I,False
llama3.1-8b,T1,1474,law,D,I,False
llama3.1-8b,T1,1475,law,J,B,False
llama3.1-8b,T1,1476,law,F,D,False
llama3.1-8b,T1,1479,law,A,A,True
llama3.1-8b,T1,1482,law,B,E,False
llama3.1-8b,T1,1483,law,E,G,False
llama3.1-8b,T1,1484,law,D,J,False
llama3.1-8b,T1,1486,law,F,F,True
llama3.1-8b,T1,1488,law,A,G,False
llama3.1-8b,T1,1491,law,H,H,True
llama3.1-8b,T1,1492,law,E,E,True
llama3.1-8b,T1,1496,law,C,C,True
llama3.1-8b,T1,1500,law,E,D,False
llama3.1-8b,T1,1503,law,B,F,False
llama3.1-8b,T1,1504,law,B,H,False
llama3.1-8b,T1,1505,law,E,I,False
llama3.1-8b,T1,1506,law,F,H,False
llama3.1-8b,T1,1507,law,G,H,False
llama3.1-8b,T1,1508,law,D,F,False
llama3.1-8b,T1,1510,law,I,F,False
llama3.1-8b,T1,1513,law,G,D,False
llama3.1-8b,T1,1514,law,J,H,False
llama3.1-8b,T1,1515,law,J,I,False
llama3.1-8b,T1,1516,law,D,D,True
llama3.1-8b,T1,1521,law,G,I,False
llama3.1-8b,T1,1523,law,A,D,False
llama3.1-8b,T1,1524,law,B,F,False
llama3.1-8b,T1,1526,law,E,I,False
llama3.1-8b,T1,1527,law,E,C,False
llama3.1-8b,T1,1530,law,J,I,False
llama3.1-8b,T1,1531,law,A,A,True
llama3.1-8b,T1,1533,law,J,J,True
llama3.1-8b,T1,1534,law,A,A,True
llama3.1-8b,T1,1536,law,H,F,False
llama3.1-8b,T1,1537,law,A,G,False
llama3.1-8b,T1,1539,law,H,H,True
llama3.1-8b,T1,1540,law,C,I,False
llama3.1-8b,T1,1547,law,J,G,False
llama3.1-8b,T1,1548,law,E,E,True
llama3.1-8b,T1,1550,law,C,G,False
llama3.1-8b,T1,1551,law,F,I,False
llama3.1-8b,T1,1555,law,E,F,False
llama3.1-8b,T1,1559,law,C,C,True
llama3.1-8b,T1,1560,law,D,A,False
llama3.1-8b,T1,1562,law,H,A,False
llama3.1-8b,T1,1563,law,J,A,False
llama3.1-8b,T1,1564,law,C,C,True
llama3.1-8b,T1,1565,law,A,A,True
llama3.1-8b,T1,1567,law,G,H,False
llama3.1-8b,T1,1574,law,B,F,False
llama3.1-8b,T1,1577,law,I,E,False
llama3.1-8b,T1,1580,law,C,A,False
llama3.1-8b,T1,1585,law,H,C,False
llama3.1-8b,T1,1586,law,B,E,False
llama3.1-8b,T1,1588,law,F,I,False
llama3.1-8b,T1,1590,law,J,F,False
llama3.1-8b,T1,1592,law,G,C,False
llama3.1-8b,T1,1595,law,J,J,True
llama3.1-8b,T1,1598,law,A,A,True
llama3.1-8b,T1,1599,law,A,I,False
llama3.1-8b,T1,1601,law,H,G,False
llama3.1-8b,T1,1602,law,E,E,True
llama3.1-8b,T1,1605,law,D,D,True
llama3.1-8b,T1,1606,law,D,E,False
llama3.1-8b,T1,1607,law,E,H,False
llama3.1-8b,T1,1608,law,H,C,False
llama3.1-8b,T1,1609,law,E,E,True
llama3.1-8b,T1,1612,law,J,E,False
llama3.1-8b,T1,1613,law,I,I,True
llama3.1-8b,T1,1614,law,E,E,True
llama3.1-8b,T1,1615,law,J,H,False
llama3.1-8b,T1,1619,law,F,G,False
llama3.1-8b,T1,1620,law,D,D,True
llama3.1-8b,T1,1621,law,G,G,True
llama3.1-8b,T1,1624,law,I,E,False
llama3.1-8b,T1,1634,law,B,B,True
llama3.1-8b,T1,1638,law,G,J,False
llama3.1-8b,T1,1639,law,J,C,False
llama3.1-8b,T1,1641,law,H,E,False
llama3.1-8b,T1,1642,law,B,C,False
llama3.1-8b,T1,1643,law,E,G,False
llama3.1-8b,T1,1644,law,I,I,True
llama3.1-8b,T1,1646,law,I,I,True
llama3.1-8b,T1,1647,law,J,A,False
llama3.1-8b,T1,1648,law,H,C,False
llama3.1-8b,T1,1652,law,F,I,False
llama3.1-8b,T1,1659,law,J,H,False
llama3.1-8b,T1,1660,law,A,G,False
llama3.1-8b,T1,1663,law,J,J,True
llama3.1-8b,T1,1664,law,H,C,False
llama3.1-8b,T1,1668,law,B,G,False
llama3.1-8b,T1,1669,law,E,E,True
llama3.1-8b,T1,1674,law,F,E,False
llama3.1-8b,T1,1675,law,B,G,False
llama3.1-8b,T1,1677,law,J,J,True
llama3.1-8b,T1,1678,law,J,C,False
llama3.1-8b,T1,1679,law,E,I,False
llama3.1-8b,T1,1681,law,E,A,False
llama3.1-8b,T1,1683,law,B,G,False
llama3.1-8b,T1,1688,law,H,J,False
llama3.1-8b,T1,1689,law,F,A,False
llama3.1-8b,T1,1691,law,E,J,False
llama3.1-8b,T1,1693,law,B,E,False
llama3.1-8b,T1,1695,law,J,I,False
llama3.1-8b,T1,1696,law,J,B,False
llama3.1-8b,T1,1697,law,F,C,False
llama3.1-8b,T1,1702,law,B,C,False
llama3.1-8b,T1,1704,law,E,G,False
llama3.1-8b,T1,1706,law,C,C,True
llama3.1-8b,T1,1707,law,B,H,False
llama3.1-8b,T1,1708,law,B,G,False
llama3.1-8b,T1,1709,law,E,B,False
llama3.1-8b,T1,1710,law,F,E,False
llama3.1-8b,T1,1711,law,A,E,False
llama3.1-8b,T1,1713,law,H,H,True
llama3.1-8b,T1,1714,law,H,B,False
llama3.1-8b,T1,1720,law,C,G,False
llama3.1-8b,T1,1721,law,D,A,False
llama3.1-8b,T1,1723,law,J,J,True
llama3.1-8b,T1,1725,law,B,B,True
llama3.1-8b,T1,1726,law,C,C,True
llama3.1-8b,T1,1735,law,G,F,False
llama3.1-8b,T1,1737,law,J,B,False
llama3.1-8b,T1,1740,law,J,D,False
llama3.1-8b,T1,1741,law,I,E,False
llama3.1-8b,T1,1745,law,A,A,True
llama3.1-8b,T1,1747,law,D,B,False
llama3.1-8b,T1,1748,law,J,D,False
llama3.1-8b,T1,1749,law,E,B,False
llama3.1-8b,T1,1751,law,J,J,True
llama3.1-8b,T1,1752,law,F,A,False
llama3.1-8b,T1,1754,law,C,E,False
llama3.1-8b,T1,1760,law,A,A,True
llama3.1-8b,T1,1764,law,J,A,False
llama3.1-8b,T1,1765,law,J,J,True
llama3.1-8b,T1,1769,law,E,H,False
llama3.1-8b,T1,1770,law,D,D,True
llama3.1-8b,T1,1771,law,G,G,True
llama3.1-8b,T1,1772,law,A,J,False
llama3.1-8b,T1,1773,law,A,I,False
llama3.1-8b,T1,1775,law,G,E,False
llama3.1-8b,T1,1776,law,J,J,True
llama3.1-8b,T1,1778,law,J,J,True
llama3.1-8b,T1,1779,law,J,H,False
llama3.1-8b,T1,1782,law,G,C,False
llama3.1-8b,T1,1785,law,F,A,False
llama3.1-8b,T1,1787,law,C,C,True
llama3.1-8b,T1,1788,law,B,J,False
llama3.1-8b,T1,1793,law,J,G,False
llama3.1-8b,T1,1796,law,E,E,True
llama3.1-8b,T1,1797,law,B,J,False
llama3.1-8b,T1,1798,law,F,F,True
llama3.1-8b,T1,1802,law,I,C,False
llama3.1-8b,T1,1803,law,J,J,True
llama3.1-8b,T1,1804,law,H,H,True
llama3.1-8b,T1,1810,law,F,I,False
llama3.1-8b,T1,1813,law,J,C,False
llama3.1-8b,T1,1817,law,F,F,True
llama3.1-8b,T1,1820,law,G,D,False
llama3.1-8b,T1,1826,law,I,A,False
llama3.1-8b,T1,1827,law,C,B,False
llama3.1-8b,T1,1829,law,D,C,False
llama3.1-8b,T1,1831,law,F,J,False
llama3.1-8b,T1,1832,law,I,G,False
llama3.1-8b,T1,1834,law,I,E,False
llama3.1-8b,T1,1835,law,B,B,True
llama3.1-8b,T1,1836,law,E,E,True
llama3.1-8b,T1,1837,law,B,B,True
llama3.1-8b,T1,1838,law,J,G,False
llama3.1-8b,T1,1839,law,B,B,True
llama3.1-8b,T1,1842,law,C,D,False
llama3.1-8b,T1,1848,law,C,B,False
llama3.1-8b,T1,1849,law,E,E,True
llama3.1-8b,T1,1851,law,C,G,False
llama3.1-8b,T1,1852,law,B,H,False
llama3.1-8b,T1,1853,law,I,J,False
llama3.1-8b,T1,1854,law,E,F,False
llama3.1-8b,T1,1855,law,I,H,False
llama3.1-8b,T1,1857,law,B,J,False
llama3.1-8b,T1,1860,law,I,F,False
llama3.1-8b,T1,1864,law,J,J,True
llama3.1-8b,T1,1868,law,B,C,False
llama3.1-8b,T1,1869,law,B,E,False
llama3.1-8b,T1,1871,law,A,H,False
llama3.1-8b,T1,1873,law,E,A,False
llama3.1-8b,T1,1876,law,E,E,True
llama3.1-8b,T1,1878,law,E,E,True
llama3.1-8b,T1,1879,law,I,I,True
llama3.1-8b,T1,1886,law,C,I,False
llama3.1-8b,T1,1891,law,G,H,False
llama3.1-8b,T1,1892,law,A,A,True
llama3.1-8b,T1,1895,law,B,C,False
llama3.1-8b,T1,1898,law,G,G,True
llama3.1-8b,T1,1914,law,C,C,True
llama3.1-8b,T1,1915,law,G,C,False
llama3.1-8b,T1,1917,law,E,A,False
llama3.1-8b,T1,1918,law,J,H,False
llama3.1-8b,T1,1919,law,E,I,False
llama3.1-8b,T1,1928,law,J,E,False
llama3.1-8b,T1,1931,law,H,C,False
llama3.1-8b,T1,1932,law,I,D,False
llama3.1-8b,T1,1935,law,C,H,False
llama3.1-8b,T1,1936,law,I,I,True
llama3.1-8b,T1,1940,law,G,G,True
llama3.1-8b,T1,1942,law,I,I,True
llama3.1-8b,T1,1943,law,D,G,False
llama3.1-8b,T1,1944,law,D,E,False
llama3.1-8b,T1,1947,law,D,F,False
llama3.1-8b,T1,1949,law,D,D,True
llama3.1-8b,T1,1953,law,J,A,False
llama3.1-8b,T1,1954,law,B,B,True
llama3.1-8b,T1,1956,law,D,H,False
llama3.1-8b,T1,1962,law,J,D,False
llama3.1-8b,T1,1964,law,G,G,True
llama3.1-8b,T1,1965,law,J,J,True
llama3.1-8b,T1,1966,law,D,G,False
llama3.1-8b,T1,1967,law,G,E,False
llama3.1-8b,T1,1968,law,B,G,False
llama3.1-8b,T1,1970,law,A,F,False
llama3.1-8b,T1,1971,law,F,D,False
llama3.1-8b,T1,1977,law,H,H,True
llama3.1-8b,T1,1982,law,G,G,True
llama3.1-8b,T1,1983,law,I,I,True
llama3.1-8b,T1,1984,law,F,A,False
llama3.1-8b,T1,1990,psychology,H,B,False
llama3.1-8b,T1,1993,psychology,J,J,True
llama3.1-8b,T1,1995,psychology,I,G,False
llama3.1-8b,T1,1998,psychology,H,B,False
llama3.1-8b,T1,2003,psychology,J,C,False
llama3.1-8b,T1,2004,psychology,G,E,False
llama3.1-8b,T1,2005,psychology,D,D,True
llama3.1-8b,T1,2006,psychology,J,A,False
llama3.1-8b,T1,2008,psychology,A,A,True
llama3.1-8b,T1,2009,psychology,G,H,False
llama3.1-8b,T1,2010,psychology,H,A,False
llama3.1-8b,T1,2011,psychology,C,C,True
llama3.1-8b,T1,2013,psychology,A,A,True
llama3.1-8b,T1,2014,psychology,B,B,True
llama3.1-8b,T1,2015,psychology,J,J,True
llama3.1-8b,T1,2016,psychology,F,C,False
llama3.1-8b,T1,2018,psychology,B,J,False
llama3.1-8b,T1,2019,psychology,B,I,False
llama3.1-8b,T1,2020,psychology,B,B,True
llama3.1-8b,T1,2021,psychology,I,I,True
llama3.1-8b,T1,2022,psychology,J,I,False
llama3.1-8b,T1,2023,psychology,J,E,False
llama3.1-8b,T1,2024,psychology,F,G,False
llama3.1-8b,T1,2027,psychology,G,G,True
llama3.1-8b,T1,2028,psychology,J,G,False
llama3.1-8b,T1,2030,psychology,J,F,False
llama3.1-8b,T1,2032,psychology,I,I,True
llama3.1-8b,T1,2034,psychology,G,H,False
llama3.1-8b,T1,2035,psychology,F,F,True
llama3.1-8b,T1,2036,psychology,F,F,True
llama3.1-8b,T1,2037,psychology,F,F,True
llama3.1-8b,T1,2042,psychology,I,I,True
llama3.1-8b,T1,2045,psychology,J,A,False
llama3.1-8b,T1,2048,psychology,F,F,True
llama3.1-8b,T1,2049,psychology,B,B,True
llama3.1-8b,T1,2050,psychology,I,D,False
llama3.1-8b,T1,2051,psychology,F,F,True
llama3.1-8b,T1,2053,psychology,F,F,True
llama3.1-8b,T1,2054,psychology,B,B,True
llama3.1-8b,T1,2055,psychology,G,G,True
llama3.1-8b,T1,2058,psychology,C,C,True
llama3.1-8b,T1,2059,psychology,H,C,False
llama3.1-8b,T1,2063,psychology,G,G,True
llama3.1-8b,T1,2064,psychology,E,E,True
llama3.1-8b,T1,2065,psychology,C,H,False
llama3.1-8b,T1,2066,psychology,A,E,False
llama3.1-8b,T1,2067,psychology,A,B,False
llama3.1-8b,T1,2068,psychology,E,I,False
llama3.1-8b,T1,2071,psychology,I,D,False
llama3.1-8b,T1,2072,psychology,E,B,False
llama3.1-8b,T1,2073,psychology,C,C,True
llama3.1-8b,T1,2074,psychology,H,C,False
llama3.1-8b,T1,2077,psychology,F,F,True
llama3.1-8b,T1,2078,psychology,J,J,True
llama3.1-8b,T1,2080,psychology,J,D,False
llama3.1-8b,T1,2081,psychology,J,G,False
llama3.1-8b,T1,2082,psychology,G,F,False
llama3.1-8b,T1,2084,psychology,G,G,True
llama3.1-8b,T1,2085,psychology,D,B,False
llama3.1-8b,T1,2087,psychology,G,G,True
llama3.1-8b,T1,2088,psychology,B,J,False
llama3.1-8b,T1,2089,psychology,E,E,True
llama3.1-8b,T1,2090,psychology,F,J,False
llama3.1-8b,T1,2091,psychology,I,J,False
llama3.1-8b,T1,2092,psychology,A,E,False
llama3.1-8b,T1,2096,psychology,A,A,True
llama3.1-8b,T1,2097,psychology,B,B,True
llama3.1-8b,T1,2101,psychology,G,A,False
llama3.1-8b,T1,2102,psychology,B,B,True
llama3.1-8b,T1,2104,psychology,J,J,True
llama3.1-8b,T1,2106,psychology,G,G,True
llama3.1-8b,T1,2110,psychology,J,J,True
llama3.1-8b,T1,2111,psychology,A,A,True
llama3.1-8b,T1,2114,psychology,D,J,False
llama3.1-8b,T1,2115,psychology,I,I,True
llama3.1-8b,T1,2116,psychology,B,B,True
llama3.1-8b,T1,2118,psychology,J,J,True
llama3.1-8b,T1,2119,psychology,G,E,False
llama3.1-8b,T1,2120,psychology,F,F,True
llama3.1-8b,T1,2121,psychology,F,F,True
llama3.1-8b,T1,2122,psychology,A,A,True
llama3.1-8b,T1,2123,psychology,B,B,True
llama3.1-8b,T1,2124,psychology,G,G,True
llama3.1-8b,T1,2125,psychology,E,E,True
llama3.1-8b,T1,2126,psychology,A,A,True
llama3.1-8b,T1,2127,psychology,B,B,True
llama3.1-8b,T1,2128,psychology,I,I,True
llama3.1-8b,T1,2130,psychology,E,E,True
llama3.1-8b,T1,2132,psychology,C,C,True
llama3.1-8b,T1,2133,psychology,F,H,False
llama3.1-8b,T1,2134,psychology,F,J,False
llama3.1-8b,T1,2137,psychology,B,A,False
llama3.1-8b,T1,2138,psychology,D,D,True
llama3.1-8b,T1,2139,psychology,B,A,False
llama3.1-8b,T1,2143,psychology,G,G,True
llama3.1-8b,T1,2144,psychology,B,D,False
llama3.1-8b,T1,2147,psychology,I,J,False
llama3.1-8b,T1,2148,psychology,F,F,True
llama3.1-8b,T1,2150,psychology,D,F,False
llama3.1-8b,T1,2152,psychology,B,B,True
llama3.1-8b,T1,2153,psychology,E,D,False
llama3.1-8b,T1,2159,psychology,B,H,False
llama3.1-8b,T1,2160,psychology,I,E,False
llama3.1-8b,T1,2161,psychology,B,B,True
llama3.1-8b,T1,2162,psychology,G,D,False
llama3.1-8b,T1,2163,psychology,B,H,False
llama3.1-8b,T1,2166,psychology,E,G,False
llama3.1-8b,T1,2167,psychology,J,I,False
llama3.1-8b,T1,2168,psychology,G,G,True
llama3.1-8b,T1,2170,psychology,H,H,True
llama3.1-8b,T1,2171,psychology,E,E,True
llama3.1-8b,T1,2172,psychology,D,E,False
llama3.1-8b,T1,2173,psychology,B,D,False
llama3.1-8b,T1,2174,psychology,A,A,True
llama3.1-8b,T1,2175,psychology,D,G,False
llama3.1-8b,T1,2176,psychology,G,A,False
llama3.1-8b,T1,2178,psychology,A,F,False
llama3.1-8b,T1,2179,psychology,J,F,False
llama3.1-8b,T1,2180,psychology,G,H,False
llama3.1-8b,T1,2183,psychology,B,B,True
llama3.1-8b,T1,2185,psychology,D,D,True
llama3.1-8b,T1,2187,psychology,D,D,True
llama3.1-8b,T1,2188,psychology,J,J,True
llama3.1-8b,T1,2189,psychology,J,J,True
llama3.1-8b,T1,2191,psychology,E,E,True
llama3.1-8b,T1,2193,psychology,B,B,True
llama3.1-8b,T1,2194,psychology,B,C,False
llama3.1-8b,T1,2196,psychology,D,I,False
llama3.1-8b,T1,2198,psychology,J,E,False
llama3.1-8b,T1,2201,psychology,J,F,False
llama3.1-8b,T1,2202,psychology,H,G,False
llama3.1-8b,T1,2203,psychology,F,J,False
llama3.1-8b,T1,2207,psychology,F,J,False
llama3.1-8b,T1,2208,psychology,I,C,False
llama3.1-8b,T1,2209,psychology,G,G,True
llama3.1-8b,T1,2212,psychology,J,H,False
llama3.1-8b,T1,2214,psychology,A,H,False
llama3.1-8b,T1,2215,psychology,E,E,True
llama3.1-8b,T1,2217,psychology,B,B,True
llama3.1-8b,T1,2218,psychology,E,C,False
llama3.1-8b,T1,2219,psychology,I,I,True
llama3.1-8b,T1,2220,psychology,F,G,False
llama3.1-8b,T1,2221,psychology,G,C,False
llama3.1-8b,T1,2222,psychology,B,B,True
llama3.1-8b,T1,2225,psychology,J,J,True
llama3.1-8b,T1,2226,psychology,J,D,False
llama3.1-8b,T1,2228,psychology,J,J,True
llama3.1-8b,T1,2229,psychology,F,C,False
llama3.1-8b,T1,2230,psychology,E,E,True
llama3.1-8b,T1,2232,psychology,G,G,True
llama3.1-8b,T1,2234,psychology,C,C,True
llama3.1-8b,T1,2240,psychology,D,H,False
llama3.1-8b,T1,2241,psychology,H,J,False
llama3.1-8b,T1,2242,psychology,F,F,True
llama3.1-8b,T1,2245,psychology,F,A,False
llama3.1-8b,T1,2247,psychology,I,I,True
llama3.1-8b,T1,2251,psychology,A,A,True
llama3.1-8b,T1,2252,psychology,G,G,True
llama3.1-8b,T1,2254,psychology,E,E,True
llama3.1-8b,T1,2257,psychology,D,D,True
llama3.1-8b,T1,2260,psychology,F,F,True
llama3.1-8b,T1,2261,psychology,C,E,False
llama3.1-8b,T1,2264,psychology,G,G,True
llama3.1-8b,T1,2265,psychology,G,G,True
llama3.1-8b,T1,2267,psychology,H,C,False
llama3.1-8b,T1,2269,psychology,G,G,True
llama3.1-8b,T1,2273,psychology,F,G,False
llama3.1-8b,T1,2276,psychology,F,H,False
llama3.1-8b,T1,2277,psychology,B,B,True
llama3.1-8b,T1,2278,psychology,I,I,True
llama3.1-8b,T1,2279,psychology,A,A,True
llama3.1-8b,T1,2280,psychology,A,F,False
llama3.1-8b,T1,2281,psychology,G,C,False
llama3.1-8b,T1,2282,psychology,B,H,False
llama3.1-8b,T1,2283,psychology,H,H,True
llama3.1-8b,T1,2285,psychology,B,G,False
llama3.1-8b,T1,2288,psychology,A,A,True
llama3.1-8b,T1,2289,psychology,G,G,True
llama3.1-8b,T1,2291,psychology,G,C,False
llama3.1-8b,T1,2292,psychology,I,E,False
llama3.1-8b,T1,2294,psychology,D,F,False
llama3.1-8b,T1,2295,psychology,J,J,True
llama3.1-8b,T1,2297,psychology,F,B,False
llama3.1-8b,T1,2298,psychology,B,G,False
llama3.1-8b,T1,2300,psychology,J,A,False
llama3.1-8b,T1,2302,psychology,E,E,True
llama3.1-8b,T1,2303,psychology,I,I,True
llama3.1-8b,T1,2304,psychology,C,C,True
llama3.1-8b,T1,2305,psychology,B,J,False
llama3.1-8b,T1,2306,psychology,F,F,True
llama3.1-8b,T1,2308,psychology,H,H,True
llama3.1-8b,T1,2309,psychology,H,H,True
llama3.1-8b,T1,2310,psychology,C,C,True
llama3.1-8b,T1,2312,psychology,E,E,True
llama3.1-8b,T1,2316,psychology,B,B,True
llama3.1-8b,T1,2319,psychology,B,B,True
llama3.1-8b,T1,2321,psychology,J,J,True
llama3.1-8b,T1,2324,psychology,G,G,True
llama3.1-8b,T1,2326,psychology,J,J,True
llama3.1-8b,T1,2327,psychology,E,E,True
llama3.1-8b,T1,2329,psychology,E,C,False
llama3.1-8b,T1,2330,psychology,E,E,True
llama3.1-8b,T1,2331,psychology,I,I,True
llama3.1-8b,T1,2333,psychology,A,E,False
llama3.1-8b,T1,2335,psychology,C,F,False
llama3.1-8b,T1,2339,psychology,H,H,True
llama3.1-8b,T1,2340,psychology,J,J,True
llama3.1-8b,T1,2343,psychology,J,A,False
llama3.1-8b,T1,2344,psychology,F,C,False
llama3.1-8b,T1,2345,psychology,I,F,False
llama3.1-8b,T1,2346,psychology,E,G,False
llama3.1-8b,T1,2347,psychology,C,F,False
llama3.1-8b,T1,2349,psychology,B,A,False
llama3.1-8b,T1,2351,psychology,B,B,True
llama3.1-8b,T1,2355,psychology,B,B,True
llama3.1-8b,T1,2357,psychology,I,I,True
llama3.1-8b,T1,2358,psychology,J,B,False
llama3.1-8b,T1,2359,psychology,I,I,True
llama3.1-8b,T1,2360,psychology,D,D,True
llama3.1-8b,T1,2361,psychology,A,A,True
llama3.1-8b,T1,2362,psychology,D,D,True
llama3.1-8b,T1,2363,psychology,H,A,False
llama3.1-8b,T1,2364,psychology,B,B,True
llama3.1-8b,T1,2365,psychology,J,J,True
llama3.1-8b,T1,2366,psychology,F,F,True
llama3.1-8b,T1,2368,psychology,C,C,True
llama3.1-8b,T1,2371,psychology,D,D,True
llama3.1-8b,T1,2372,psychology,D,D,True
llama3.1-8b,T1,2374,psychology,E,E,True
llama3.1-8b,T1,2377,psychology,J,J,True
llama3.1-8b,T1,2381,psychology,D,D,True
llama3.1-8b,T1,2382,psychology,J,D,False
llama3.1-8b,T1,2383,psychology,B,H,False
llama3.1-8b,T1,2387,psychology,A,A,True
llama3.1-8b,T1,2390,psychology,I,H,False
llama3.1-8b,T1,2392,psychology,I,I,True
llama3.1-8b,T1,2393,psychology,C,F,False
llama3.1-8b,T1,2394,psychology,A,A,True
llama3.1-8b,T1,2397,psychology,F,G,False
llama3.1-8b,T1,2398,psychology,A,H,False
llama3.1-8b,T1,2399,psychology,F,F,True
llama3.1-8b,T1,2400,psychology,G,B,False
llama3.1-8b,T1,2401,psychology,H,I,False
llama3.1-8b,T1,2403,psychology,J,J,True
llama3.1-8b,T1,2404,psychology,F,D,False
llama3.1-8b,T1,2405,psychology,E,E,True
llama3.1-8b,T1,2406,psychology,B,B,True
llama3.1-8b,T1,2407,psychology,A,A,True
llama3.1-8b,T1,2408,psychology,E,I,False
llama3.1-8b,T1,2409,psychology,I,E,False
llama3.1-8b,T1,2410,psychology,C,C,True
llama3.1-8b,T1,2411,psychology,E,E,True
llama3.1-8b,T1,2412,psychology,G,C,False
llama3.1-8b,T1,2413,psychology,I,I,True
llama3.1-8b,T1,2414,psychology,C,C,True
llama3.1-8b,T1,2416,psychology,J,J,True
llama3.1-8b,T1,2417,psychology,E,J,False
llama3.1-8b,T1,2418,psychology,H,H,True
llama3.1-8b,T1,2419,psychology,F,F,True
llama3.1-8b,T1,2420,psychology,H,A,False
llama3.1-8b,T1,2421,psychology,H,D,False
llama3.1-8b,T1,2422,psychology,B,B,True
llama3.1-8b,T1,2423,psychology,C,C,True
llama3.1-8b,T1,2424,psychology,I,I,True
llama3.1-8b,T1,2425,psychology,B,B,True
llama3.1-8b,T1,2426,psychology,H,H,True
llama3.1-8b,T1,2429,psychology,B,B,True
llama3.1-8b,T1,2430,psychology,G,G,True
llama3.1-8b,T1,2432,psychology,D,E,False
llama3.1-8b,T1,2434,psychology,F,F,True
llama3.1-8b,T1,2437,psychology,I,B,False
llama3.1-8b,T1,2438,psychology,D,B,False
llama3.1-8b,T1,2441,psychology,I,E,False
llama3.1-8b,T1,2442,psychology,F,G,False
llama3.1-8b,T1,2443,psychology,H,H,True
llama3.1-8b,T1,2448,psychology,J,I,False
llama3.1-8b,T1,2449,psychology,G,E,False
llama3.1-8b,T1,2450,psychology,G,G,True
llama3.1-8b,T1,2451,psychology,D,D,True
llama3.1-8b,T1,2452,psychology,I,J,False
llama3.1-8b,T1,2455,psychology,C,C,True
llama3.1-8b,T1,2458,psychology,A,F,False
llama3.1-8b,T1,2459,psychology,F,J,False
llama3.1-8b,T1,2460,psychology,J,D,False
llama3.1-8b,T1,2461,psychology,H,H,True
llama3.1-8b,T1,2463,psychology,C,C,True
llama3.1-8b,T1,2464,psychology,G,G,True
llama3.1-8b,T1,2467,psychology,G,G,True
llama3.1-8b,T1,2468,psychology,G,G,True
llama3.1-8b,T1,2470,psychology,C,C,True
llama3.1-8b,T1,2471,psychology,C,C,True
llama3.1-8b,T1,2472,psychology,I,I,True
llama3.1-8b,T1,2474,psychology,B,B,True
llama3.1-8b,T1,2475,psychology,C,C,True
llama3.1-8b,T1,2476,psychology,C,C,True
llama3.1-8b,T1,2479,psychology,J,I,False
llama3.1-8b,T1,2480,psychology,B,B,True
llama3.1-8b,T1,2481,psychology,A,D,False
llama3.1-8b,T1,2482,psychology,I,I,True
llama3.1-8b,T1,2484,psychology,G,G,True
llama3.1-8b,T1,2485,psychology,A,A,True
llama3.1-8b,T1,2486,psychology,F,F,True
llama3.1-8b,T1,2489,psychology,H,H,True
llama3.1-8b,T1,2490,psychology,C,C,True
llama3.1-8b,T1,2491,psychology,H,H,True
llama3.1-8b,T1,2492,psychology,J,A,False
llama3.1-8b,T1,2493,psychology,I,I,True
llama3.1-8b,T1,2494,psychology,G,G,True
llama3.1-8b,T1,2495,psychology,D,D,True
llama3.1-8b,T1,2497,psychology,G,A,False
llama3.1-8b,T1,2499,psychology,D,D,True
llama3.1-8b,T1,2500,psychology,E,F,False
llama3.1-8b,T1,2501,psychology,C,C,True
llama3.1-8b,T1,2502,psychology,E,C,False
llama3.1-8b,T1,2503,psychology,J,J,True
llama3.1-8b,T1,2504,psychology,H,H,True
llama3.1-8b,T1,2507,psychology,I,E,False
llama3.1-8b,T1,2508,psychology,H,E,False
llama3.1-8b,T1,2512,psychology,A,E,False
llama3.1-8b,T1,2513,psychology,E,F,False
llama3.1-8b,T1,2514,psychology,A,I,False
llama3.1-8b,T1,2515,psychology,H,B,False
llama3.1-8b,T1,2516,psychology,D,H,False
llama3.1-8b,T1,2519,psychology,B,J,False
llama3.1-8b,T1,2520,psychology,G,G,True
llama3.1-8b,T1,2522,psychology,H,H,True
llama3.1-8b,T1,2524,psychology,F,G,False
llama3.1-8b,T1,2527,psychology,H,H,True
llama3.1-8b,T1,2528,psychology,E,J,False
llama3.1-8b,T1,2530,psychology,B,C,False
llama3.1-8b,T1,2532,psychology,H,B,False
llama3.1-8b,T1,2533,psychology,E,E,True
llama3.1-8b,T1,2534,psychology,A,A,True
llama3.1-8b,T1,2535,psychology,J,D,False
llama3.1-8b,T1,2536,psychology,G,J,False
llama3.1-8b,T1,2540,psychology,C,G,False
llama3.1-8b,T1,2541,psychology,J,B,False
llama3.1-8b,T1,2542,psychology,H,H,True
llama3.1-8b,T1,2543,psychology,D,H,False
llama3.1-8b,T1,2545,psychology,H,H,True
llama3.1-8b,T1,2546,psychology,I,I,True
llama3.1-8b,T1,2548,psychology,G,G,True
llama3.1-8b,T1,2549,psychology,J,D,False
llama3.1-8b,T1,2551,psychology,D,D,True
llama3.1-8b,T1,2552,psychology,B,B,True
llama3.1-8b,T1,2554,psychology,A,A,True
llama3.1-8b,T1,2556,psychology,A,A,True
llama3.1-8b,T1,2557,psychology,H,H,True
llama3.1-8b,T1,2558,psychology,J,J,True
llama3.1-8b,T1,2560,psychology,G,A,False
llama3.1-8b,T1,2562,psychology,J,D,False
llama3.1-8b,T1,2564,psychology,D,D,True
llama3.1-8b,T1,2566,psychology,H,B,False
llama3.1-8b,T1,2568,psychology,D,E,False
llama3.1-8b,T1,2569,psychology,H,A,False
llama3.1-8b,T1,2571,psychology,E,E,True
llama3.1-8b,T1,2572,psychology,C,G,False
llama3.1-8b,T1,2573,psychology,B,B,True
llama3.1-8b,T1,2577,psychology,H,H,True
llama3.1-8b,T1,2578,psychology,A,A,True
llama3.1-8b,T1,2579,psychology,C,B,False
llama3.1-8b,T1,2581,psychology,H,B,False
llama3.1-8b,T1,2584,psychology,G,I,False
llama3.1-8b,T1,2586,psychology,C,C,True
llama3.1-8b,T1,2587,psychology,C,C,True
llama3.1-8b,T1,2588,psychology,G,C,False
llama3.1-8b,T1,2589,psychology,C,C,True
llama3.1-8b,T1,2590,psychology,J,B,False
llama3.1-8b,T1,2591,psychology,G,G,True
llama3.1-8b,T1,2593,psychology,H,F,False
llama3.1-8b,T1,2596,psychology,G,G,True
llama3.1-8b,T1,2597,psychology,A,A,True
llama3.1-8b,T1,2598,psychology,F,F,True
llama3.1-8b,T1,2599,psychology,F,A,False
llama3.1-8b,T1,2600,psychology,B,B,True
llama3.1-8b,T1,2601,psychology,J,J,True
llama3.1-8b,T1,2603,psychology,D,D,True
llama3.1-8b,T1,2604,psychology,E,D,False
llama3.1-8b,T1,2605,psychology,H,H,True
llama3.1-8b,T1,2606,psychology,F,F,True
llama3.1-8b,T1,2609,psychology,B,B,True
llama3.1-8b,T1,2610,psychology,J,J,True
llama3.1-8b,T1,2611,psychology,G,G,True
llama3.1-8b,T1,2612,psychology,E,E,True
llama3.1-8b,T1,2613,psychology,E,E,True
llama3.1-8b,T1,2614,psychology,G,G,True
llama3.1-8b,T1,2616,psychology,B,B,True
llama3.1-8b,T1,2617,psychology,C,C,True
llama3.1-8b,T1,2618,psychology,G,F,False
llama3.1-8b,T1,2619,psychology,B,F,False
llama3.1-8b,T1,2620,psychology,I,H,False
llama3.1-8b,T1,2621,psychology,B,F,False
llama3.1-8b,T1,2622,psychology,A,A,True
llama3.1-8b,T1,2625,psychology,G,G,True
llama3.1-8b,T1,2626,psychology,G,J,False
llama3.1-8b,T1,2632,psychology,D,E,False
llama3.1-8b,T1,2635,psychology,D,J,False
llama3.1-8b,T1,2639,psychology,A,H,False
llama3.1-8b,T1,2642,psychology,A,A,True
llama3.1-8b,T1,2644,psychology,J,J,True
llama3.1-8b,T1,2645,psychology,J,J,True
llama3.1-8b,T1,2646,psychology,A,I,False
llama3.1-8b,T1,2647,psychology,A,J,False
llama3.1-8b,T1,2649,psychology,E,I,False
llama3.1-8b,T1,2650,psychology,J,H,False
llama3.1-8b,T1,2651,psychology,D,D,True
llama3.1-8b,T1,2652,psychology,H,B,False
llama3.1-8b,T1,2653,psychology,G,G,True
llama3.1-8b,T1,2654,psychology,H,H,True
llama3.1-8b,T1,2655,psychology,I,A,False
llama3.1-8b,T1,2657,psychology,D,C,False
llama3.1-8b,T1,2658,psychology,C,G,False
llama3.1-8b,T1,2659,psychology,G,I,False
llama3.1-8b,T1,2661,psychology,B,B,True
llama3.1-8b,T1,2663,psychology,C,C,True
llama3.1-8b,T1,2666,psychology,B,B,True
llama3.1-8b,T1,2667,psychology,G,J,False
llama3.1-8b,T1,2668,psychology,E,E,True
llama3.1-8b,T1,2671,psychology,A,A,True
llama3.1-8b,T1,2672,psychology,E,E,True
llama3.1-8b,T1,2673,psychology,A,A,True
llama3.1-8b,T1,2674,psychology,F,F,True
llama3.1-8b,T1,2675,psychology,B,B,True
llama3.1-8b,T1,2677,psychology,G,H,False
llama3.1-8b,T1,2678,psychology,J,F,False
llama3.1-8b,T1,2679,psychology,G,G,True
llama3.1-8b,T1,2681,psychology,I,I,True
llama3.1-8b,T1,2682,psychology,H,H,True
llama3.1-8b,T1,2684,psychology,J,F,False
llama3.1-8b,T1,2687,psychology,F,D,False
llama3.1-8b,T1,2688,psychology,D,D,True
llama3.1-8b,T1,2692,psychology,G,G,True
llama3.1-8b,T1,2694,psychology,G,F,False
llama3.1-8b,T1,2695,psychology,B,E,False
llama3.1-8b,T1,2696,psychology,E,E,True
llama3.1-8b,T1,2699,psychology,B,C,False
llama3.1-8b,T1,2702,psychology,A,C,False
llama3.1-8b,T1,2703,psychology,H,H,True
llama3.1-8b,T1,2704,psychology,C,H,False
llama3.1-8b,T1,2709,psychology,G,J,False
llama3.1-8b,T1,2711,psychology,E,E,True
llama3.1-8b,T1,2712,psychology,D,H,False
llama3.1-8b,T1,2713,psychology,C,C,True
llama3.1-8b,T1,2714,psychology,B,B,True
llama3.1-8b,T1,2716,psychology,A,C,False
llama3.1-8b,T1,2718,psychology,H,H,True
llama3.1-8b,T1,2719,psychology,D,D,True
llama3.1-8b,T1,2724,psychology,D,D,True
llama3.1-8b,T1,2725,psychology,F,F,True
llama3.1-8b,T1,2727,psychology,D,D,True
llama3.1-8b,T1,2728,psychology,J,J,True
llama3.1-8b,T1,2731,psychology,J,I,False
llama3.1-8b,T1,2732,psychology,E,E,True
llama3.1-8b,T1,2733,psychology,J,B,False
llama3.1-8b,T1,2735,psychology,J,B,False
llama3.1-8b,T1,2736,psychology,D,D,True
llama3.1-8b,T1,2737,psychology,F,F,True
llama3.1-8b,T1,2739,psychology,C,H,False
llama3.1-8b,T1,2741,psychology,F,F,True
llama3.1-8b,T1,2742,psychology,H,H,True
llama3.1-8b,T1,2743,psychology,D,D,True
llama3.1-8b,T1,2744,psychology,F,F,True
llama3.1-8b,T1,2745,psychology,F,F,True
llama3.1-8b,T1,2746,psychology,I,I,True
llama3.1-8b,T1,2747,psychology,E,E,True
llama3.1-8b,T1,2748,psychology,F,F,True
llama3.1-8b,T1,2749,psychology,J,C,False
llama3.1-8b,T1,2750,psychology,B,B,True
llama3.1-8b,T1,2751,psychology,G,G,True
llama3.1-8b,T1,2752,psychology,D,D,True
llama3.1-8b,T1,2753,psychology,I,I,True
llama3.1-8b,T1,2754,psychology,H,H,True
llama3.1-8b,T1,2756,psychology,E,E,True
llama3.1-8b,T1,2758,psychology,J,I,False
llama3.1-8b,T1,2762,psychology,B,B,True
llama3.1-8b,T1,2763,psychology,D,D,True
llama3.1-8b,T1,2765,psychology,B,E,False
llama3.1-8b,T1,2766,psychology,I,I,True
llama3.1-8b,T1,2768,psychology,E,H,False
llama3.1-8b,T1,2769,psychology,F,E,False
llama3.1-8b,T1,2770,psychology,G,G,True
llama3.1-8b,T1,2775,psychology,E,G,False
llama3.1-8b,T1,2778,psychology,F,A,False
llama3.1-8b,T1,2781,psychology,D,D,True
llama3.1-8b,T1,2782,psychology,D,D,True
llama3.1-8b,T1,2783,psychology,F,I,False
llama3.1-8b,T1,2784,psychology,A,A,True
llama3.1-8b,T1,2785,psychology,I,E,False
llama3.1-8b,T1,2786,psychology,B,B,True
llama3.1-8b,T1,2787,psychology,G,G,True
llama3.1-8b,T1,2788,psychology,B,B,True
llama3.1-8b,T1,2789,psychology,G,G,True
llama3.1-8b,T1,2790,psychology,H,F,False
llama3.1-8b,T1,2792,psychology,B,E,False
llama3.1-8b,T1,2794,psychology,E,B,False
llama3.1-8b,T1,2797,psychology,H,H,True
llama3.1-8b,T1,2798,psychology,B,B,True
llama3.1-8b,T1,2799,psychology,I,I,True
llama3.1-8b,T1,2800,psychology,C,C,True
llama3.1-8b,T1,2802,psychology,G,G,True
llama3.1-8b,T1,6827,economics,I,A,False
llama3.1-8b,T1,6829,economics,D,I,False
llama3.1-8b,T1,6833,economics,J,B,False
llama3.1-8b,T1,6834,economics,H,I,False
llama3.1-8b,T1,6836,economics,A,E,False
llama3.1-8b,T1,6837,economics,F,A,False
llama3.1-8b,T1,6839,economics,A,D,False
llama3.1-8b,T1,6840,economics,J,G,False
llama3.1-8b,T1,6842,economics,A,A,True
llama3.1-8b,T1,6843,economics,J,E,False
llama3.1-8b,T1,6844,economics,D,H,False
llama3.1-8b,T1,6846,economics,J,A,False
llama3.1-8b,T1,6853,economics,B,F,False
llama3.1-8b,T1,6854,economics,J,I,False
llama3.1-8b,T1,6857,economics,A,A,True
llama3.1-8b,T1,6858,economics,C,C,True
llama3.1-8b,T1,6859,economics,C,G,False
llama3.1-8b,T1,6860,economics,B,J,False
llama3.1-8b,T1,6864,economics,D,D,True
llama3.1-8b,T1,6865,economics,J,H,False
llama3.1-8b,T1,6866,economics,F,G,False
llama3.1-8b,T1,6867,economics,C,C,True
llama3.1-8b,T1,6869,economics,J,C,False
llama3.1-8b,T1,6872,economics,C,C,True
llama3.1-8b,T1,6873,economics,I,I,True
llama3.1-8b,T1,6875,economics,A,A,True
llama3.1-8b,T1,6876,economics,H,A,False
llama3.1-8b,T1,6877,economics,E,E,True
llama3.1-8b,T1,6878,economics,E,C,False
llama3.1-8b,T1,6879,economics,G,G,True
llama3.1-8b,T1,6880,economics,E,D,False
llama3.1-8b,T1,6881,economics,F,G,False
llama3.1-8b,T1,6882,economics,J,J,True
llama3.1-8b,T1,6883,economics,J,C,False
llama3.1-8b,T1,6887,economics,I,I,True
llama3.1-8b,T1,6888,economics,G,G,True
llama3.1-8b,T1,6889,economics,H,H,True
llama3.1-8b,T1,6894,economics,J,F,False
llama3.1-8b,T1,6895,economics,B,J,False
llama3.1-8b,T1,6896,economics,C,F,False
llama3.1-8b,T1,6897,economics,A,B,False
llama3.1-8b,T1,6900,economics,G,C,False
llama3.1-8b,T1,6905,economics,H,I,False
llama3.1-8b,T1,6906,economics,F,E,False
llama3.1-8b,T1,6908,economics,J,C,False
llama3.1-8b,T1,6909,economics,H,C,False
llama3.1-8b,T1,6910,economics,E,J,False
llama3.1-8b,T1,6912,economics,F,B,False
llama3.1-8b,T1,6913,economics,H,C,False
llama3.1-8b,T1,6917,economics,J,J,True
llama3.1-8b,T1,6918,economics,A,A,True
llama3.1-8b,T1,6919,economics,A,A,True
llama3.1-8b,T1,6921,economics,A,A,True
llama3.1-8b,T1,6923,economics,J,B,False
llama3.1-8b,T1,6929,economics,B,B,True
llama3.1-8b,T1,6930,economics,G,G,True
llama3.1-8b,T1,6931,economics,J,C,False
llama3.1-8b,T1,6932,economics,G,I,False
llama3.1-8b,T1,6933,economics,C,C,True
llama3.1-8b,T1,6934,economics,E,E,True
llama3.1-8b,T1,6935,economics,G,G,True
llama3.1-8b,T1,6936,economics,J,E,False
llama3.1-8b,T1,6937,economics,G,E,False
llama3.1-8b,T1,6938,economics,D,D,True
llama3.1-8b,T1,6939,economics,H,H,True
llama3.1-8b,T1,6940,economics,J,B,False
llama3.1-8b,T1,6941,economics,J,J,True
llama3.1-8b,T1,6944,economics,A,A,True
llama3.1-8b,T1,6946,economics,H,H,True
llama3.1-8b,T1,6947,economics,I,I,True
llama3.1-8b,T1,6948,economics,J,D,False
llama3.1-8b,T1,6950,economics,J,J,True
llama3.1-8b,T1,6951,economics,B,J,False
llama3.1-8b,T1,6952,economics,F,F,True
llama3.1-8b,T1,6953,economics,I,I,True
llama3.1-8b,T1,6955,economics,J,G,False
llama3.1-8b,T1,6956,economics,H,H,True
llama3.1-8b,T1,6958,economics,J,B,False
llama3.1-8b,T1,6959,economics,G,G,True
llama3.1-8b,T1,6965,economics,F,B,False
llama3.1-8b,T1,6966,economics,G,A,False
llama3.1-8b,T1,6970,economics,I,B,False
llama3.1-8b,T1,6971,economics,G,J,False
llama3.1-8b,T1,6973,economics,D,F,False
llama3.1-8b,T1,6974,economics,A,A,True
llama3.1-8b,T1,6975,economics,A,E,False
llama3.1-8b,T1,6976,economics,B,B,True
llama3.1-8b,T1,6977,economics,I,I,True
llama3.1-8b,T1,6978,economics,C,G,False
llama3.1-8b,T1,6979,economics,E,E,True
llama3.1-8b,T1,6980,economics,G,G,True
llama3.1-8b,T1,6981,economics,B,J,False
llama3.1-8b,T1,6982,economics,D,H,False
llama3.1-8b,T1,6984,economics,F,F,True
llama3.1-8b,T1,6986,economics,A,A,True
llama3.1-8b,T1,6987,economics,J,H,False
llama3.1-8b,T1,6988,economics,J,E,False
llama3.1-8b,T1,6996,economics,A,A,True
llama3.1-8b,T1,6998,economics,B,H,False
llama3.1-8b,T1,6999,economics,A,A,True
llama3.1-8b,T1,7000,economics,J,H,False
llama3.1-8b,T1,7002,economics,C,C,True
llama3.1-8b,T1,7003,economics,B,A,False
llama3.1-8b,T1,7005,economics,I,I,True
llama3.1-8b,T1,7009,economics,I,D,False
llama3.1-8b,T1,7012,economics,D,B,False
llama3.1-8b,T1,7014,economics,J,B,False
llama3.1-8b,T1,7015,economics,E,E,True
llama3.1-8b,T1,7018,economics,E,E,True
llama3.1-8b,T1,7019,economics,F,F,True
llama3.1-8b,T1,7020,economics,D,J,False
llama3.1-8b,T1,7021,economics,C,C,True
llama3.1-8b,T1,7022,economics,J,J,True
llama3.1-8b,T1,7023,economics,B,C,False
llama3.1-8b,T1,7026,economics,E,E,True
llama3.1-8b,T1,7027,economics,A,B,False
llama3.1-8b,T1,7032,economics,B,C,False
llama3.1-8b,T1,7033,economics,F,I,False
llama3.1-8b,T1,7034,economics,F,D,False
llama3.1-8b,T1,7035,economics,H,H,True
llama3.1-8b,T1,7037,economics,F,F,True
llama3.1-8b,T1,7038,economics,E,E,True
llama3.1-8b,T1,7040,economics,F,I,False
llama3.1-8b,T1,7041,economics,G,A,False
llama3.1-8b,T1,7042,economics,H,H,True
llama3.1-8b,T1,7043,economics,F,C,False
llama3.1-8b,T1,7044,economics,J,C,False
llama3.1-8b,T1,7050,economics,B,B,True
llama3.1-8b,T1,7051,economics,A,J,False
llama3.1-8b,T1,7052,economics,H,D,False
llama3.1-8b,T1,7053,economics,G,G,True
llama3.1-8b,T1,7054,economics,B,C,False
llama3.1-8b,T1,7056,economics,D,C,False
llama3.1-8b,T1,7057,economics,G,G,True
llama3.1-8b,T1,7059,economics,F,I,False
llama3.1-8b,T1,7064,economics,H,A,False
llama3.1-8b,T1,7065,economics,J,J,True
llama3.1-8b,T1,7066,economics,D,C,False
llama3.1-8b,T1,7068,economics,J,D,False
llama3.1-8b,T1,7073,economics,J,E,False
llama3.1-8b,T1,7075,economics,J,F,False
llama3.1-8b,T1,7076,economics,J,J,True
llama3.1-8b,T1,7077,economics,F,J,False
llama3.1-8b,T1,7078,economics,J,F,False
llama3.1-8b,T1,7079,economics,F,F,True
llama3.1-8b,T1,7081,economics,D,D,True
llama3.1-8b,T1,7082,economics,J,J,True
llama3.1-8b,T1,7083,economics,E,A,False
llama3.1-8b,T1,7086,economics,F,F,True
llama3.1-8b,T1,7087,economics,B,B,True
llama3.1-8b,T1,7088,economics,I,I,True
llama3.1-8b,T1,7089,economics,H,H,True
llama3.1-8b,T1,7090,economics,J,J,True
llama3.1-8b,T1,7091,economics,E,E,True
llama3.1-8b,T1,7092,economics,G,G,True
llama3.1-8b,T1,7093,economics,G,B,False
llama3.1-8b,T1,7094,economics,I,I,True
llama3.1-8b,T1,7097,economics,B,B,True
llama3.1-8b,T1,7107,economics,J,B,False
llama3.1-8b,T1,7108,economics,H,H,True
llama3.1-8b,T1,7109,economics,F,F,True
llama3.1-8b,T1,7110,economics,I,I,True
llama3.1-8b,T1,7111,economics,F,F,True
llama3.1-8b,T1,7112,economics,D,G,False
llama3.1-8b,T1,7114,economics,J,G,False
llama3.1-8b,T1,7115,economics,A,A,True
llama3.1-8b,T1,7116,economics,J,J,True
llama3.1-8b,T1,7119,economics,J,J,True
llama3.1-8b,T1,7123,economics,F,F,True
llama3.1-8b,T1,7124,economics,J,B,False
llama3.1-8b,T1,7126,economics,J,J,True
llama3.1-8b,T1,7127,economics,F,F,True
llama3.1-8b,T1,7128,economics,D,J,False
llama3.1-8b,T1,7129,economics,I,I,True
llama3.1-8b,T1,7133,economics,H,C,False
llama3.1-8b,T1,7134,economics,B,B,True
llama3.1-8b,T1,7135,economics,A,D,False
llama3.1-8b,T1,7136,economics,H,H,True
llama3.1-8b,T1,7137,economics,H,H,True
llama3.1-8b,T1,7138,economics,D,D,True
llama3.1-8b,T1,7139,economics,I,I,True
llama3.1-8b,T1,7140,economics,J,A,False
llama3.1-8b,T1,7142,economics,C,C,True
llama3.1-8b,T1,7146,economics,D,D,True
llama3.1-8b,T1,7147,economics,D,D,True
llama3.1-8b,T1,7148,economics,G,G,True
llama3.1-8b,T1,7149,economics,D,D,True
llama3.1-8b,T1,7150,economics,E,H,False
llama3.1-8b,T1,7153,economics,C,C,True
llama3.1-8b,T1,7158,economics,C,G,False
llama3.1-8b,T1,7159,economics,B,H,False
llama3.1-8b,T1,7160,economics,A,D,False
llama3.1-8b,T1,7165,economics,F,F,True
llama3.1-8b,T1,7167,economics,J,J,True
llama3.1-8b,T1,7169,economics,C,C,True
llama3.1-8b,T1,7170,economics,H,H,True
llama3.1-8b,T1,7172,economics,B,B,True
llama3.1-8b,T1,7174,economics,J,D,False
llama3.1-8b,T1,7175,economics,B,B,True
llama3.1-8b,T1,7176,economics,J,D,False
llama3.1-8b,T1,7177,economics,G,C,False
llama3.1-8b,T1,7181,economics,H,D,False
llama3.1-8b,T1,7182,economics,H,F,False
llama3.1-8b,T1,7183,economics,J,A,False
llama3.1-8b,T1,7186,economics,G,D,False
llama3.1-8b,T1,7188,economics,A,A,True
llama3.1-8b,T1,7191,economics,B,A,False
llama3.1-8b,T1,7194,economics,E,B,False
llama3.1-8b,T1,7196,economics,I,B,False
llama3.1-8b,T1,7198,economics,C,G,False
llama3.1-8b,T1,7200,economics,F,B,False
llama3.1-8b,T1,7201,economics,H,H,True
llama3.1-8b,T1,7203,economics,G,G,True
llama3.1-8b,T1,7204,economics,C,C,True
llama3.1-8b,T1,7208,economics,J,E,False
llama3.1-8b,T1,7210,economics,J,F,False
llama3.1-8b,T1,7211,economics,J,F,False
llama3.1-8b,T1,7213,economics,J,J,True
llama3.1-8b,T1,7215,economics,J,A,False
llama3.1-8b,T1,7216,economics,A,A,True
llama3.1-8b,T1,7217,economics,J,B,False
llama3.1-8b,T1,7218,economics,B,E,False
llama3.1-8b,T1,7219,economics,G,G,True
llama3.1-8b,T1,7223,economics,D,A,False
llama3.1-8b,T1,7225,economics,J,H,False
llama3.1-8b,T1,7228,economics,H,C,False
llama3.1-8b,T1,7233,economics,A,A,True
llama3.1-8b,T1,7234,economics,J,A,False
llama3.1-8b,T1,7235,economics,F,I,False
llama3.1-8b,T1,7236,economics,D,D,True
llama3.1-8b,T1,7237,economics,C,I,False
llama3.1-8b,T1,7238,economics,F,E,False
llama3.1-8b,T1,7239,economics,E,F,False
llama3.1-8b,T1,7240,economics,H,B,False
llama3.1-8b,T1,7241,economics,G,I,False
llama3.1-8b,T1,7243,economics,J,D,False
llama3.1-8b,T1,7245,economics,B,B,True
llama3.1-8b,T1,7246,economics,B,B,True
llama3.1-8b,T1,7248,economics,H,A,False
llama3.1-8b,T1,7249,economics,J,J,True
llama3.1-8b,T1,7250,economics,J,G,False
llama3.1-8b,T1,7251,economics,J,E,False
llama3.1-8b,T1,7253,economics,I,A,False
llama3.1-8b,T1,7256,economics,D,D,True
llama3.1-8b,T1,7258,economics,J,J,True
llama3.1-8b,T1,7259,economics,C,C,True
llama3.1-8b,T1,7260,economics,J,G,False
llama3.1-8b,T1,7262,economics,J,B,False
llama3.1-8b,T1,7263,economics,F,F,True
llama3.1-8b,T1,7264,economics,J,J,True
llama3.1-8b,T1,7265,economics,E,E,True
llama3.1-8b,T1,7266,economics,B,I,False
llama3.1-8b,T1,7267,economics,B,I,False
llama3.1-8b,T1,7268,economics,J,H,False
llama3.1-8b,T1,7269,economics,C,C,True
llama3.1-8b,T1,7270,economics,E,E,True
llama3.1-8b,T1,7271,economics,H,H,True
llama3.1-8b,T1,7273,economics,I,B,False
llama3.1-8b,T1,7275,economics,J,E,False
llama3.1-8b,T1,7277,economics,B,B,True
llama3.1-8b,T1,7278,economics,J,J,True
llama3.1-8b,T1,7279,economics,E,E,True
llama3.1-8b,T1,7280,economics,F,F,True
llama3.1-8b,T1,7282,economics,F,F,True
llama3.1-8b,T1,7283,economics,E,E,True
llama3.1-8b,T1,7284,economics,E,C,False
llama3.1-8b,T1,7285,economics,E,E,True
llama3.1-8b,T1,7286,economics,H,H,True
llama3.1-8b,T1,7287,economics,B,I,False
llama3.1-8b,T1,7290,economics,J,J,True
llama3.1-8b,T1,7291,economics,G,G,True
llama3.1-8b,T1,7295,economics,A,A,True
llama3.1-8b,T1,7296,economics,B,D,False
llama3.1-8b,T1,7297,economics,I,I,True
llama3.1-8b,T1,7298,economics,C,D,False
llama3.1-8b,T1,7299,economics,F,H,False
llama3.1-8b,T1,7300,economics,G,G,True
llama3.1-8b,T1,7302,economics,J,G,False
llama3.1-8b,T1,7304,economics,C,C,True
llama3.1-8b,T1,7309,economics,C,J,False
llama3.1-8b,T1,7310,economics,G,I,False
llama3.1-8b,T1,7313,economics,J,E,False
llama3.1-8b,T1,7314,economics,J,J,True
llama3.1-8b,T1,7315,economics,J,H,False
llama3.1-8b,T1,7317,economics,B,F,False
llama3.1-8b,T1,7318,economics,G,F,False
llama3.1-8b,T1,7325,economics,C,C,True
llama3.1-8b,T1,7326,economics,E,E,True
llama3.1-8b,T1,7327,economics,C,C,True
llama3.1-8b,T1,7328,economics,F,A,False
llama3.1-8b,T1,7329,economics,B,B,True
llama3.1-8b,T1,7331,economics,F,F,True
llama3.1-8b,T1,7339,economics,F,F,True
llama3.1-8b,T1,7341,economics,B,F,False
llama3.1-8b,T1,7342,economics,G,F,False
llama3.1-8b,T1,7344,economics,J,J,True
llama3.1-8b,T1,7345,economics,F,G,False
llama3.1-8b,T1,7346,economics,D,C,False
llama3.1-8b,T1,7348,economics,J,I,False
llama3.1-8b,T1,7351,economics,C,F,False
llama3.1-8b,T1,7352,economics,J,F,False
llama3.1-8b,T1,7358,economics,G,A,False
llama3.1-8b,T1,7359,economics,J,B,False
llama3.1-8b,T1,7360,economics,H,H,True
llama3.1-8b,T1,7361,economics,F,I,False
llama3.1-8b,T1,7363,economics,J,G,False
llama3.1-8b,T1,7365,economics,A,F,False
llama3.1-8b,T1,7366,economics,I,D,False
llama3.1-8b,T1,7370,economics,B,E,False
llama3.1-8b,T1,7371,economics,J,C,False
llama3.1-8b,T1,7372,economics,G,F,False
llama3.1-8b,T1,7374,economics,J,J,True
llama3.1-8b,T1,7375,economics,H,I,False
llama3.1-8b,T1,7376,economics,J,H,False
llama3.1-8b,T1,7377,economics,B,F,False
llama3.1-8b,T1,7380,economics,F,F,True
llama3.1-8b,T1,7383,economics,E,G,False
llama3.1-8b,T1,7384,economics,B,B,True
llama3.1-8b,T1,7385,economics,H,H,True
llama3.1-8b,T1,7386,economics,G,G,True
llama3.1-8b,T1,7388,economics,A,A,True
llama3.1-8b,T1,7391,economics,A,A,True
llama3.1-8b,T1,7392,economics,B,B,True
llama3.1-8b,T1,7393,economics,H,J,False
llama3.1-8b,T1,7394,economics,B,C,False
llama3.1-8b,T1,7396,economics,G,G,True
llama3.1-8b,T1,7398,economics,F,F,True
llama3.1-8b,T1,7399,economics,J,I,False
llama3.1-8b,T1,7400,economics,C,C,True
llama3.1-8b,T1,7402,economics,J,B,False
llama3.1-8b,T1,7403,economics,A,B,False
llama3.1-8b,T1,7404,economics,J,J,True
llama3.1-8b,T1,7405,economics,C,C,True
llama3.1-8b,T1,7406,economics,J,J,True
llama3.1-8b,T1,7407,economics,G,G,True
llama3.1-8b,T1,7408,economics,A,A,True
llama3.1-8b,T1,7409,economics,C,C,True
llama3.1-8b,T1,7410,economics,C,D,False
llama3.1-8b,T1,7411,economics,D,D,True
llama3.1-8b,T1,7412,economics,J,J,True
llama3.1-8b,T1,7415,economics,H,H,True
llama3.1-8b,T1,7417,economics,J,I,False
llama3.1-8b,T1,7418,economics,D,D,True
llama3.1-8b,T1,7419,economics,J,J,True
llama3.1-8b,T1,7428,economics,G,F,False
llama3.1-8b,T1,7429,economics,E,E,True
llama3.1-8b,T1,7430,economics,J,H,False
llama3.1-8b,T1,7431,economics,H,E,False
llama3.1-8b,T1,7433,economics,G,H,False
llama3.1-8b,T1,7434,economics,G,G,True
llama3.1-8b,T1,7436,economics,D,D,True
llama3.1-8b,T1,7437,economics,J,A,False
llama3.1-8b,T1,7439,economics,G,G,True
llama3.1-8b,T1,7442,economics,F,I,False
llama3.1-8b,T1,7443,economics,J,F,False
llama3.1-8b,T1,7444,economics,C,A,False
llama3.1-8b,T1,7445,economics,I,I,True
llama3.1-8b,T1,7447,economics,E,J,False
llama3.1-8b,T1,7449,economics,J,G,False
llama3.1-8b,T1,7450,economics,I,H,False
llama3.1-8b,T1,7452,economics,C,C,True
llama3.1-8b,T1,7453,economics,B,I,False
llama3.1-8b,T1,7456,economics,B,F,False
llama3.1-8b,T1,7459,economics,C,C,True
llama3.1-8b,T1,7460,economics,G,G,True
llama3.1-8b,T1,7461,economics,G,G,True
llama3.1-8b,T1,7464,economics,H,H,True
llama3.1-8b,T1,7466,economics,H,H,True
llama3.1-8b,T1,7469,economics,G,G,True
llama3.1-8b,T1,7470,economics,E,E,True
llama3.1-8b,T1,7471,economics,D,C,False
llama3.1-8b,T1,7473,economics,B,H,False
llama3.1-8b,T1,7474,economics,D,A,False
llama3.1-8b,T1,7477,economics,I,I,True
llama3.1-8b,T1,7479,economics,J,J,True
llama3.1-8b,T1,7483,economics,D,I,False
llama3.1-8b,T1,7484,economics,I,B,False
llama3.1-8b,T1,7485,economics,C,F,False
llama3.1-8b,T1,7492,economics,F,I,False
llama3.1-8b,T1,7493,economics,G,G,True
llama3.1-8b,T1,7494,economics,J,J,True
llama3.1-8b,T1,7496,economics,H,G,False
llama3.1-8b,T1,7500,economics,B,H,False
llama3.1-8b,T1,7501,economics,B,G,False
llama3.1-8b,T1,7502,economics,F,F,True
llama3.1-8b,T1,7504,economics,D,C,False
llama3.1-8b,T1,7505,economics,J,J,True
llama3.1-8b,T1,7508,economics,H,C,False
llama3.1-8b,T1,7509,economics,E,E,True
llama3.1-8b,T1,7510,economics,J,I,False
llama3.1-8b,T1,7512,economics,J,J,True
llama3.1-8b,T1,7514,economics,J,C,False
llama3.1-8b,T1,7516,economics,G,A,False
llama3.1-8b,T1,7521,economics,H,H,True
llama3.1-8b,T1,7522,economics,J,F,False
llama3.1-8b,T1,7523,economics,C,C,True
llama3.1-8b,T1,7524,economics,I,I,True
llama3.1-8b,T1,7525,economics,C,C,True
llama3.1-8b,T1,7526,economics,B,B,True
llama3.1-8b,T1,7529,economics,G,G,True
llama3.1-8b,T1,7530,economics,I,I,True
llama3.1-8b,T1,7532,economics,F,A,False
llama3.1-8b,T1,7533,economics,E,E,True
llama3.1-8b,T1,7534,economics,J,H,False
llama3.1-8b,T1,7536,economics,E,F,False
llama3.1-8b,T1,7537,economics,J,B,False
llama3.1-8b,T1,7538,economics,F,B,False
llama3.1-8b,T1,7539,economics,F,C,False
llama3.1-8b,T1,7540,economics,D,G,False
llama3.1-8b,T1,7542,economics,H,A,False
llama3.1-8b,T1,7543,economics,D,H,False
llama3.1-8b,T1,7544,economics,B,I,False
llama3.1-8b,T1,7545,economics,A,A,True
llama3.1-8b,T1,7546,economics,A,A,True
llama3.1-8b,T1,7547,economics,G,G,True
llama3.1-8b,T1,7548,economics,B,B,True
llama3.1-8b,T1,7549,economics,D,D,True
llama3.1-8b,T1,7550,economics,I,I,True
llama3.1-8b,T1,7551,economics,D,D,True
llama3.1-8b,T1,7552,economics,J,C,False
llama3.1-8b,T1,7554,economics,E,E,True
llama3.1-8b,T1,7556,economics,J,D,False
llama3.1-8b,T1,7560,economics,I,J,False
llama3.1-8b,T1,7561,economics,G,G,True
llama3.1-8b,T1,7562,economics,I,E,False
llama3.1-8b,T1,7564,economics,J,D,False
llama3.1-8b,T1,7565,economics,G,D,False
llama3.1-8b,T1,7566,economics,D,C,False
llama3.1-8b,T1,7567,economics,F,E,False
llama3.1-8b,T1,7568,economics,J,D,False
llama3.1-8b,T1,7572,economics,I,E,False
llama3.1-8b,T1,7573,economics,F,F,True
llama3.1-8b,T1,7575,economics,D,D,True
llama3.1-8b,T1,7580,economics,E,J,False
llama3.1-8b,T1,7582,economics,B,E,False
llama3.1-8b,T1,7583,economics,F,E,False
llama3.1-8b,T1,7584,economics,J,J,True
llama3.1-8b,T1,7586,economics,G,G,True
llama3.1-8b,T1,7590,economics,J,A,False
llama3.1-8b,T1,7592,economics,J,G,False
llama3.1-8b,T1,7593,economics,J,B,False
llama3.1-8b,T1,7594,economics,G,C,False
llama3.1-8b,T1,7596,economics,G,G,True
llama3.1-8b,T1,7599,economics,J,J,True
llama3.1-8b,T1,7600,economics,C,C,True
llama3.1-8b,T1,7602,economics,B,B,True
llama3.1-8b,T1,7603,economics,B,B,True
llama3.1-8b,T1,7604,economics,D,A,False
llama3.1-8b,T1,7606,economics,H,H,True
llama3.1-8b,T1,7607,economics,J,J,True
llama3.1-8b,T1,7608,economics,B,D,False
llama3.1-8b,T1,7610,economics,E,A,False
llama3.1-8b,T1,7611,economics,E,E,True
llama3.1-8b,T1,7613,economics,G,G,True
llama3.1-8b,T1,7614,economics,G,J,False
llama3.1-8b,T1,7617,economics,H,D,False
llama3.1-8b,T1,7618,economics,A,A,True
llama3.1-8b,T1,7619,economics,B,B,True
llama3.1-8b,T1,7620,economics,G,G,True
llama3.1-8b,T1,7621,economics,J,A,False
llama3.1-8b,T1,7622,economics,J,B,False
llama3.1-8b,T1,7623,economics,B,D,False
llama3.1-8b,T1,7626,economics,G,G,True
llama3.1-8b,T1,7629,economics,G,A,False
llama3.1-8b,T1,7630,economics,B,I,False
llama3.1-8b,T1,7632,economics,G,D,False
llama3.1-8b,T1,7634,economics,C,H,False
llama3.1-8b,T1,7638,economics,H,E,False
llama3.1-8b,T1,7639,economics,I,D,False
llama3.1-8b,T1,7640,economics,H,G,False
llama3.1-8b,T1,7641,economics,B,A,False
llama3.1-8b,T1,7644,economics,J,D,False
llama3.1-8b,T1,7645,economics,J,D,False
llama3.1-8b,T1,7646,economics,J,J,True
llama3.1-8b,T1,7648,economics,D,I,False
llama3.1-8b,T1,7649,economics,G,G,True
llama3.1-8b,T1,7650,economics,H,H,True
llama3.1-8b,T1,7651,economics,B,B,True
llama3.1-8b,T1,7655,economics,I,F,False
llama3.1-8b,T1,7656,economics,J,J,True
llama3.1-8b,T1,7657,economics,J,D,False
llama3.1-8b,T1,7658,economics,J,I,False
llama3.1-8b,T1,7662,economics,B,F,False
llama3.1-8b,T1,7664,economics,B,B,True
llama3.1-8b,T1,7665,economics,C,E,False
llama3.1-8b,T1,7667,economics,B,B,True
llama3.1-8b,T1,7669,economics,E,E,True
llama3.1-8b,T1,7670,economics,B,H,False
llama3.1-8b,T1,7671,economics,J,J,True
llama3.1-8b,T1,7672,economics,E,H,False
llama3.1-8b,T1,7673,economics,E,E,True
llama3.1-8b,T1,7674,economics,A,A,True
llama3.1-8b,T1,7675,economics,H,H,True
llama3.1-8b,T1,7676,economics,B,B,True
llama3.1-8b,T1,7677,economics,E,E,True
llama3.1-8b,T1,7678,economics,B,B,True
llama3.1-8b,T1,7679,economics,H,B,False
llama3.1-8b,T1,7681,economics,F,F,True
llama3.1-8b,T1,7684,economics,B,I,False
llama3.1-8b,T1,7686,economics,B,J,False
llama3.1-8b,T2,9047,physics,E,B,False
llama3.1-8b,T2,9048,physics,B,J,False
llama3.1-8b,T2,9049,physics,F,F,True
llama3.1-8b,T2,9052,physics,G,C,False
llama3.1-8b,T2,9054,physics,C,H,False
llama3.1-8b,T2,9055,physics,H,F,False
llama3.1-8b,T2,9059,physics,H,B,False
llama3.1-8b,T2,9060,physics,H,A,False
llama3.1-8b,T2,9061,physics,E,C,False
llama3.1-8b,T2,9069,physics,C,G,False
llama3.1-8b,T2,9070,physics,G,D,False
llama3.1-8b,T2,9071,physics,F,D,False
llama3.1-8b,T2,9074,physics,G,H,False
llama3.1-8b,T2,9082,physics,J,E,False
llama3.1-8b,T2,9085,physics,H,I,False
llama3.1-8b,T2,9086,physics,F,G,False
llama3.1-8b,T2,9088,physics,F,G,False
llama3.1-8b,T2,9089,physics,B,D,False
llama3.1-8b,T2,9091,physics,D,A,False
llama3.1-8b,T2,9097,physics,H,A,False
llama3.1-8b,T2,9098,physics,H,A,False
llama3.1-8b,T2,9100,physics,G,B,False
llama3.1-8b,T2,9104,physics,C,J,False
llama3.1-8b,T2,9105,physics,G,B,False
llama3.1-8b,T2,9106,physics,E,E,True
llama3.1-8b,T2,9107,physics,H,A,False
llama3.1-8b,T2,9108,physics,F,G,False
llama3.1-8b,T2,9110,physics,B,B,True
llama3.1-8b,T2,9111,physics,B,B,True
llama3.1-8b,T2,9115,physics,J,J,True
llama3.1-8b,T2,9116,physics,C,A,False
llama3.1-8b,T2,9117,physics,J,F,False
llama3.1-8b,T2,9120,physics,A,D,False
llama3.1-8b,T2,9121,physics,D,H,False
llama3.1-8b,T2,9123,physics,G,A,False
llama3.1-8b,T2,9129,physics,F,F,True
llama3.1-8b,T2,9130,physics,E,J,False
llama3.1-8b,T2,9135,physics,A,E,False
llama3.1-8b,T2,9140,physics,F,D,False
llama3.1-8b,T2,9141,physics,B,A,False
llama3.1-8b,T2,9142,physics,E,G,False
llama3.1-8b,T2,9147,physics,H,J,False
llama3.1-8b,T2,9149,physics,I,I,True
llama3.1-8b,T2,9152,physics,E,D,False
llama3.1-8b,T2,9153,physics,E,H,False
llama3.1-8b,T2,9156,physics,G,A,False
llama3.1-8b,T2,9157,physics,J,C,False
llama3.1-8b,T2,9158,physics,E,E,True
llama3.1-8b,T2,9161,physics,F,A,False
llama3.1-8b,T2,9165,physics,B,B,True
llama3.1-8b,T2,9167,physics,C,C,True
llama3.1-8b,T2,9169,physics,H,F,False
llama3.1-8b,T2,9171,physics,F,F,True
llama3.1-8b,T2,9178,physics,G,D,False
llama3.1-8b,T2,9179,physics,H,G,False
llama3.1-8b,T2,9181,physics,C,A,False
llama3.1-8b,T2,9182,physics,E,F,False
llama3.1-8b,T2,9183,physics,H,H,True
llama3.1-8b,T2,9185,physics,F,J,False
llama3.1-8b,T2,9186,physics,E,B,False
llama3.1-8b,T2,9189,physics,J,J,True
llama3.1-8b,T2,9190,physics,F,F,True
llama3.1-8b,T2,9193,physics,G,D,False
llama3.1-8b,T2,9194,physics,B,C,False
llama3.1-8b,T2,9199,physics,C,E,False
llama3.1-8b,T2,9200,physics,F,E,False
llama3.1-8b,T2,9206,physics,E,E,True
llama3.1-8b,T2,9207,physics,G,A,False
llama3.1-8b,T2,9209,physics,C,G,False
llama3.1-8b,T2,9211,physics,I,B,False
llama3.1-8b,T2,9213,physics,H,H,True
llama3.1-8b,T2,9214,physics,J,J,True
llama3.1-8b,T2,9216,physics,D,D,True
llama3.1-8b,T2,9218,physics,G,C,False
llama3.1-8b,T2,9223,physics,F,J,False
llama3.1-8b,T2,9226,physics,C,C,True
llama3.1-8b,T2,9229,physics,F,A,False
llama3.1-8b,T2,9230,physics,H,G,False
llama3.1-8b,T2,9231,physics,J,D,False
llama3.1-8b,T2,9234,physics,F,D,False
llama3.1-8b,T2,9237,physics,E,A,False
llama3.1-8b,T2,9238,physics,E,B,False
llama3.1-8b,T2,9239,physics,G,B,False
llama3.1-8b,T2,9241,physics,F,C,False
llama3.1-8b,T2,9245,physics,J,J,True
llama3.1-8b,T2,9246,physics,B,J,False
llama3.1-8b,T2,9249,physics,A,J,False
llama3.1-8b,T2,9252,physics,F,D,False
llama3.1-8b,T2,9255,physics,D,D,True
llama3.1-8b,T2,9257,physics,C,D,False
llama3.1-8b,T2,9258,physics,F,C,False
llama3.1-8b,T2,9265,physics,H,D,False
llama3.1-8b,T2,9267,physics,E,F,False
llama3.1-8b,T2,9272,physics,B,J,False
llama3.1-8b,T2,9273,physics,H,A,False
llama3.1-8b,T2,9274,physics,G,B,False
llama3.1-8b,T2,9277,physics,H,A,False
llama3.1-8b,T2,9278,physics,E,E,True
llama3.1-8b,T2,9279,physics,H,E,False
llama3.1-8b,T2,9283,physics,C,G,False
llama3.1-8b,T2,9284,physics,G,I,False
llama3.1-8b,T2,9290,physics,H,I,False
llama3.1-8b,T2,9292,physics,B,E,False
llama3.1-8b,T2,9297,physics,H,J,False
llama3.1-8b,T2,9300,physics,G,H,False
llama3.1-8b,T2,9302,physics,F,D,False
llama3.1-8b,T2,9305,physics,H,H,True
llama3.1-8b,T2,9306,physics,F,F,True
llama3.1-8b,T2,9309,physics,H,F,False
llama3.1-8b,T2,9313,physics,E,D,False
llama3.1-8b,T2,9315,physics,E,E,True
llama3.1-8b,T2,9321,physics,B,I,False
llama3.1-8b,T2,9322,physics,C,E,False
llama3.1-8b,T2,9325,physics,J,B,False
llama3.1-8b,T2,9326,physics,F,B,False
llama3.1-8b,T2,9328,physics,B,I,False
llama3.1-8b,T2,9333,physics,F,A,False
llama3.1-8b,T2,9338,physics,D,J,False
llama3.1-8b,T2,9340,physics,I,I,True
llama3.1-8b,T2,9342,physics,H,J,False
llama3.1-8b,T2,9343,physics,J,H,False
llama3.1-8b,T2,9346,physics,G,A,False
llama3.1-8b,T2,9347,physics,C,C,True
llama3.1-8b,T2,9362,physics,D,D,True
llama3.1-8b,T2,9365,physics,A,A,True
llama3.1-8b,T2,9367,physics,H,J,False
llama3.1-8b,T2,9369,physics,J,C,False
llama3.1-8b,T2,9373,physics,E,G,False
llama3.1-8b,T2,9374,physics,A,D,False
llama3.1-8b,T2,9376,physics,G,H,False
llama3.1-8b,T2,9380,physics,B,A,False
llama3.1-8b,T2,9383,physics,E,I,False
llama3.1-8b,T2,9385,physics,H,A,False
llama3.1-8b,T2,9388,physics,D,I,False
llama3.1-8b,T2,9389,physics,F,F,True
llama3.1-8b,T2,9392,physics,E,E,True
llama3.1-8b,T2,9395,physics,C,F,False
llama3.1-8b,T2,9396,physics,D,D,True
llama3.1-8b,T2,9398,physics,J,G,False
llama3.1-8b,T2,9400,physics,F,H,False
llama3.1-8b,T2,9401,physics,J,J,True
llama3.1-8b,T2,9402,physics,H,F,False
llama3.1-8b,T2,9403,physics,E,G,False
llama3.1-8b,T2,9412,physics,E,G,False
llama3.1-8b,T2,9414,physics,F,G,False
llama3.1-8b,T2,9416,physics,B,D,False
llama3.1-8b,T2,9422,physics,G,B,False
llama3.1-8b,T2,9423,physics,G,J,False
llama3.1-8b,T2,9424,physics,E,J,False
llama3.1-8b,T2,9427,physics,B,B,True
llama3.1-8b,T2,9430,physics,E,E,True
llama3.1-8b,T2,9431,physics,G,G,True
llama3.1-8b,T2,9438,physics,J,B,False
llama3.1-8b,T2,9440,physics,H,I,False
llama3.1-8b,T2,9443,physics,E,B,False
llama3.1-8b,T2,9453,physics,A,C,False
llama3.1-8b,T2,9454,physics,A,I,False
llama3.1-8b,T2,9457,physics,C,J,False
llama3.1-8b,T2,9459,physics,H,G,False
llama3.1-8b,T2,9460,physics,F,F,True
llama3.1-8b,T2,9465,physics,H,B,False
llama3.1-8b,T2,9471,physics,B,G,False
llama3.1-8b,T2,9473,physics,G,F,False
llama3.1-8b,T2,9474,physics,B,G,False
llama3.1-8b,T2,9475,physics,C,C,True
llama3.1-8b,T2,9476,physics,A,A,True
llama3.1-8b,T2,9477,physics,D,D,True
llama3.1-8b,T2,9479,physics,D,D,True
llama3.1-8b,T2,9482,physics,B,H,False
llama3.1-8b,T2,9487,physics,H,H,True
llama3.1-8b,T2,9488,physics,F,G,False
llama3.1-8b,T2,9495,physics,G,J,False
llama3.1-8b,T2,9498,physics,F,C,False
llama3.1-8b,T2,9499,physics,E,A,False
llama3.1-8b,T2,9501,physics,J,G,False
llama3.1-8b,T2,9503,physics,F,D,False
llama3.1-8b,T2,9504,physics,G,G,True
llama3.1-8b,T2,9506,physics,G,G,True
llama3.1-8b,T2,9510,physics,D,D,True
llama3.1-8b,T2,9512,physics,F,C,False
llama3.1-8b,T2,9513,physics,B,I,False
llama3.1-8b,T2,9514,physics,H,D,False
llama3.1-8b,T2,9515,physics,G,A,False
llama3.1-8b,T2,9517,physics,B,A,False
llama3.1-8b,T2,9518,physics,H,H,True
llama3.1-8b,T2,9519,physics,F,E,False
llama3.1-8b,T2,9523,physics,E,F,False
llama3.1-8b,T2,9526,physics,J,C,False
llama3.1-8b,T2,9531,physics,F,F,True
llama3.1-8b,T2,9532,physics,J,E,False
llama3.1-8b,T2,9535,physics,H,H,True
llama3.1-8b,T2,9536,physics,H,B,False
llama3.1-8b,T2,9540,physics,G,G,True
llama3.1-8b,T2,9545,physics,J,C,False
llama3.1-8b,T2,9551,physics,B,B,True
llama3.1-8b,T2,9563,physics,J,J,True
llama3.1-8b,T2,9564,physics,H,I,False
llama3.1-8b,T2,9568,physics,G,G,True
llama3.1-8b,T2,9569,physics,C,C,True
llama3.1-8b,T2,9571,physics,F,G,False
llama3.1-8b,T2,9572,physics,F,C,False
llama3.1-8b,T2,9576,physics,F,B,False
llama3.1-8b,T2,9578,physics,D,A,False
llama3.1-8b,T2,9580,physics,F,E,False
llama3.1-8b,T2,9582,physics,F,B,False
llama3.1-8b,T2,9585,physics,D,D,True
llama3.1-8b,T2,9588,physics,C,B,False
llama3.1-8b,T2,9589,physics,H,A,False
llama3.1-8b,T2,9591,physics,F,H,False
llama3.1-8b,T2,9594,physics,C,E,False
llama3.1-8b,T2,9607,physics,J,A,False
llama3.1-8b,T2,9610,physics,F,A,False
llama3.1-8b,T2,9611,physics,J,E,False
llama3.1-8b,T2,9613,physics,H,C,False
llama3.1-8b,T2,9614,physics,H,E,False
llama3.1-8b,T2,9615,physics,E,J,False
llama3.1-8b,T2,9618,physics,B,B,True
llama3.1-8b,T2,9620,physics,E,D,False
llama3.1-8b,T2,9621,physics,B,B,True
llama3.1-8b,T2,9622,physics,F,F,True
llama3.1-8b,T2,9624,physics,J,I,False
llama3.1-8b,T2,9625,physics,F,I,False
llama3.1-8b,T2,9627,physics,E,C,False
llama3.1-8b,T2,9628,physics,J,B,False
llama3.1-8b,T2,9630,physics,G,F,False
llama3.1-8b,T2,9636,physics,C,C,True
llama3.1-8b,T2,9637,physics,F,F,True
llama3.1-8b,T2,9639,physics,H,A,False
llama3.1-8b,T2,9640,physics,B,F,False
llama3.1-8b,T2,9642,physics,H,J,False
llama3.1-8b,T2,9644,physics,E,I,False
llama3.1-8b,T2,9645,physics,G,I,False
llama3.1-8b,T2,9649,physics,H,A,False
llama3.1-8b,T2,9651,physics,F,A,False
llama3.1-8b,T2,9653,physics,B,A,False
llama3.1-8b,T2,9659,physics,C,J,False
llama3.1-8b,T2,9666,physics,E,E,True
llama3.1-8b,T2,9668,physics,H,F,False
llama3.1-8b,T2,9669,physics,A,G,False
llama3.1-8b,T2,9670,physics,H,E,False
llama3.1-8b,T2,9672,physics,D,I,False
llama3.1-8b,T2,9673,physics,E,F,False
llama3.1-8b,T2,9674,physics,D,C,False
llama3.1-8b,T2,9676,physics,F,G,False
llama3.1-8b,T2,9677,physics,C,C,True
llama3.1-8b,T2,9685,physics,I,G,False
llama3.1-8b,T2,9686,physics,G,H,False
llama3.1-8b,T2,9688,physics,I,H,False
llama3.1-8b,T2,9696,physics,E,E,True
llama3.1-8b,T2,9697,physics,F,H,False
llama3.1-8b,T2,9703,physics,F,B,False
llama3.1-8b,T2,9706,physics,F,E,False
llama3.1-8b,T2,9711,physics,D,D,True
llama3.1-8b,T2,9712,physics,G,C,False
llama3.1-8b,T2,9713,physics,C,D,False
llama3.1-8b,T2,9715,physics,E,E,True
llama3.1-8b,T2,9721,physics,E,J,False
llama3.1-8b,T2,9723,physics,E,H,False
llama3.1-8b,T2,9726,physics,E,I,False
llama3.1-8b,T2,9731,physics,J,D,False
llama3.1-8b,T2,9736,physics,I,E,False
llama3.1-8b,T2,9740,physics,B,F,False
llama3.1-8b,T2,9743,physics,F,H,False
llama3.1-8b,T2,9744,physics,H,I,False
llama3.1-8b,T2,9749,physics,A,A,True
llama3.1-8b,T2,9751,physics,H,G,False
llama3.1-8b,T2,9755,physics,H,D,False
llama3.1-8b,T2,9757,physics,D,A,False
llama3.1-8b,T2,9758,physics,H,J,False
llama3.1-8b,T2,9759,physics,H,H,True
llama3.1-8b,T2,9761,physics,B,B,True
llama3.1-8b,T2,9764,physics,C,D,False
llama3.1-8b,T2,9765,physics,J,I,False
llama3.1-8b,T2,9767,physics,A,A,True
llama3.1-8b,T2,9769,physics,F,E,False
llama3.1-8b,T2,9773,physics,F,E,False
llama3.1-8b,T2,9774,physics,H,D,False
llama3.1-8b,T2,9776,physics,C,D,False
llama3.1-8b,T2,9777,physics,D,A,False
llama3.1-8b,T2,9778,physics,E,E,True
llama3.1-8b,T2,9780,physics,F,B,False
llama3.1-8b,T2,9785,physics,F,H,False
llama3.1-8b,T2,9786,physics,C,A,False
llama3.1-8b,T2,9795,physics,E,C,False
llama3.1-8b,T2,9800,physics,C,C,True
llama3.1-8b,T2,9802,physics,D,I,False
llama3.1-8b,T2,9804,physics,H,H,True
llama3.1-8b,T2,9807,physics,I,I,True
llama3.1-8b,T2,9809,physics,G,F,False
llama3.1-8b,T2,9817,physics,E,B,False
llama3.1-8b,T2,9818,physics,E,D,False
llama3.1-8b,T2,9819,physics,I,I,True
llama3.1-8b,T2,9824,physics,F,I,False
llama3.1-8b,T2,9825,physics,F,F,True
llama3.1-8b,T2,9827,physics,G,C,False
llama3.1-8b,T2,9831,physics,C,I,False
llama3.1-8b,T2,9832,physics,H,I,False
llama3.1-8b,T2,9833,physics,H,H,True
llama3.1-8b,T2,9837,physics,E,C,False
llama3.1-8b,T2,9838,physics,H,G,False
llama3.1-8b,T2,9839,physics,G,I,False
llama3.1-8b,T2,9843,physics,E,A,False
llama3.1-8b,T2,9844,physics,G,B,False
llama3.1-8b,T2,9845,physics,J,G,False
llama3.1-8b,T2,9849,physics,G,H,False
llama3.1-8b,T2,9854,physics,F,D,False
llama3.1-8b,T2,9856,physics,I,D,False
llama3.1-8b,T2,9861,physics,G,A,False
llama3.1-8b,T2,9862,physics,H,I,False
llama3.1-8b,T2,9863,physics,E,A,False
llama3.1-8b,T2,9864,physics,A,H,False
llama3.1-8b,T2,9867,physics,B,B,True
llama3.1-8b,T2,9874,physics,I,A,False
llama3.1-8b,T2,9875,physics,G,H,False
llama3.1-8b,T2,9876,physics,C,C,True
llama3.1-8b,T2,9885,physics,C,C,True
llama3.1-8b,T2,9889,physics,C,A,False
llama3.1-8b,T2,9890,physics,J,J,True
llama3.1-8b,T2,9897,physics,H,B,False
llama3.1-8b,T2,9902,physics,J,J,True
llama3.1-8b,T2,9904,physics,G,B,False
llama3.1-8b,T2,9908,physics,B,I,False
llama3.1-8b,T2,9911,physics,J,G,False
llama3.1-8b,T2,9913,physics,F,J,False
llama3.1-8b,T2,9914,physics,D,A,False
llama3.1-8b,T2,9920,physics,C,E,False
llama3.1-8b,T2,9923,physics,C,J,False
llama3.1-8b,T2,9930,physics,E,J,False
llama3.1-8b,T2,9939,physics,D,I,False
llama3.1-8b,T2,9942,physics,G,F,False
llama3.1-8b,T2,9943,physics,G,I,False
llama3.1-8b,T2,9946,physics,D,B,False
llama3.1-8b,T2,9949,physics,E,H,False
llama3.1-8b,T2,9953,physics,B,F,False
llama3.1-8b,T2,9954,physics,B,F,False
llama3.1-8b,T2,9955,physics,G,F,False
llama3.1-8b,T2,9957,physics,D,C,False
llama3.1-8b,T2,9958,physics,H,E,False
llama3.1-8b,T2,9962,physics,H,E,False
llama3.1-8b,T2,9964,physics,J,B,False
llama3.1-8b,T2,9967,physics,I,A,False
llama3.1-8b,T2,9968,physics,J,C,False
llama3.1-8b,T2,9973,physics,E,G,False
llama3.1-8b,T2,9976,physics,D,E,False
llama3.1-8b,T2,9981,physics,A,A,True
llama3.1-8b,T2,9986,physics,C,B,False
llama3.1-8b,T2,9988,physics,G,G,True
llama3.1-8b,T2,9994,physics,J,H,False
llama3.1-8b,T2,10004,physics,C,C,True
llama3.1-8b,T2,10011,physics,E,I,False
llama3.1-8b,T2,10012,physics,I,I,True
llama3.1-8b,T2,10014,physics,H,H,True
llama3.1-8b,T2,10016,physics,F,C,False
llama3.1-8b,T2,10017,physics,J,E,False
llama3.1-8b,T2,10018,physics,E,D,False
llama3.1-8b,T2,10020,physics,I,H,False
llama3.1-8b,T2,10021,physics,F,I,False
llama3.1-8b,T2,10022,physics,H,D,False
llama3.1-8b,T2,10029,physics,G,F,False
llama3.1-8b,T2,10032,physics,B,B,True
llama3.1-8b,T2,10033,physics,B,B,True
llama3.1-8b,T2,10034,physics,B,E,False
llama3.1-8b,T2,10038,physics,B,B,True
llama3.1-8b,T2,10040,physics,H,H,True
llama3.1-8b,T2,10041,physics,G,E,False
llama3.1-8b,T2,10042,physics,I,A,False
llama3.1-8b,T2,10043,physics,H,A,False
llama3.1-8b,T2,10049,physics,I,I,True
llama3.1-8b,T2,10050,physics,B,H,False
llama3.1-8b,T2,10052,physics,H,C,False
llama3.1-8b,T2,10058,physics,I,J,False
llama3.1-8b,T2,10059,physics,F,A,False
llama3.1-8b,T2,10060,physics,B,C,False
llama3.1-8b,T2,10063,physics,A,A,True
llama3.1-8b,T2,10069,physics,E,C,False
llama3.1-8b,T2,10070,physics,H,G,False
llama3.1-8b,T2,10076,physics,G,A,False
llama3.1-8b,T2,10079,physics,H,I,False
llama3.1-8b,T2,10083,physics,B,F,False
llama3.1-8b,T2,10086,physics,G,A,False
llama3.1-8b,T2,10089,physics,E,I,False
llama3.1-8b,T2,10091,physics,E,H,False
llama3.1-8b,T2,10092,physics,G,B,False
llama3.1-8b,T2,10095,physics,E,F,False
llama3.1-8b,T2,10099,physics,G,J,False
llama3.1-8b,T2,10100,physics,J,J,True
llama3.1-8b,T2,10102,physics,F,J,False
llama3.1-8b,T2,10105,physics,B,E,False
llama3.1-8b,T2,10110,physics,G,J,False
llama3.1-8b,T2,10113,physics,I,G,False
llama3.1-8b,T2,10116,physics,H,A,False
llama3.1-8b,T2,10118,physics,B,F,False
llama3.1-8b,T2,10123,physics,I,H,False
llama3.1-8b,T2,10126,physics,G,G,True
llama3.1-8b,T2,10135,physics,E,J,False
llama3.1-8b,T2,10139,physics,F,I,False
llama3.1-8b,T2,10140,physics,F,H,False
llama3.1-8b,T2,10143,physics,G,A,False
llama3.1-8b,T2,10144,physics,E,E,True
llama3.1-8b,T2,10147,physics,F,E,False
llama3.1-8b,T2,10149,physics,F,C,False
llama3.1-8b,T2,10150,physics,G,D,False
llama3.1-8b,T2,10151,physics,H,D,False
llama3.1-8b,T2,10152,physics,E,E,True
llama3.1-8b,T2,10153,physics,I,F,False
llama3.1-8b,T2,10155,physics,H,H,True
llama3.1-8b,T2,10162,physics,G,E,False
llama3.1-8b,T2,10165,physics,F,H,False
llama3.1-8b,T2,10168,physics,B,B,True
llama3.1-8b,T2,10173,physics,B,F,False
llama3.1-8b,T2,10180,physics,H,J,False
llama3.1-8b,T2,10182,physics,H,E,False
llama3.1-8b,T2,10188,physics,H,I,False
llama3.1-8b,T2,10190,physics,H,B,False
llama3.1-8b,T2,10191,physics,F,H,False
llama3.1-8b,T2,10193,physics,H,H,True
llama3.1-8b,T2,10194,physics,E,A,False
llama3.1-8b,T2,10195,physics,F,H,False
llama3.1-8b,T2,10199,physics,E,D,False
llama3.1-8b,T2,10201,physics,H,D,False
llama3.1-8b,T2,10206,physics,D,A,False
llama3.1-8b,T2,10207,physics,I,I,True
llama3.1-8b,T2,10209,physics,C,B,False
llama3.1-8b,T2,10211,physics,I,I,True
llama3.1-8b,T2,10213,physics,J,A,False
llama3.1-8b,T2,10220,physics,C,J,False
llama3.1-8b,T2,10226,physics,G,D,False
llama3.1-8b,T2,10229,physics,H,I,False
llama3.1-8b,T2,10235,physics,E,A,False
llama3.1-8b,T2,10237,physics,C,J,False
llama3.1-8b,T2,10240,physics,H,G,False
llama3.1-8b,T2,10241,physics,B,G,False
llama3.1-8b,T2,10243,physics,B,J,False
llama3.1-8b,T2,10249,physics,H,J,False
llama3.1-8b,T2,10250,physics,F,B,False
llama3.1-8b,T2,10251,physics,D,E,False
llama3.1-8b,T2,10253,physics,B,A,False
llama3.1-8b,T2,10255,physics,F,J,False
llama3.1-8b,T2,10259,physics,J,J,True
llama3.1-8b,T2,10260,physics,D,H,False
llama3.1-8b,T2,10261,physics,I,F,False
llama3.1-8b,T2,10268,physics,F,A,False
llama3.1-8b,T2,10276,physics,E,B,False
llama3.1-8b,T2,10283,physics,H,I,False
llama3.1-8b,T2,10286,physics,E,D,False
llama3.1-8b,T2,10287,physics,H,A,False
llama3.1-8b,T2,10292,physics,G,G,True
llama3.1-8b,T2,10293,physics,H,I,False
llama3.1-8b,T2,10295,physics,G,G,True
llama3.1-8b,T2,10298,physics,C,C,True
llama3.1-8b,T2,10299,physics,E,E,True
llama3.1-8b,T2,10307,physics,D,C,False
llama3.1-8b,T2,10308,physics,E,E,True
llama3.1-8b,T2,10310,physics,E,C,False
llama3.1-8b,T2,10311,physics,G,F,False
llama3.1-8b,T2,10314,physics,F,F,True
llama3.1-8b,T2,10316,physics,H,J,False
llama3.1-8b,T2,10317,physics,I,F,False
llama3.1-8b,T2,10318,physics,H,G,False
llama3.1-8b,T2,10319,physics,F,B,False
llama3.1-8b,T2,10320,physics,H,J,False
llama3.1-8b,T2,10322,physics,J,A,False
llama3.1-8b,T2,10324,physics,G,D,False
llama3.1-8b,T2,10326,physics,F,B,False
llama3.1-8b,T2,10330,physics,H,C,False
llama3.1-8b,T2,10333,physics,C,C,True
llama3.1-8b,T2,10335,physics,H,H,True
llama3.1-8b,T2,10336,physics,J,E,False
llama3.1-8b,T2,10337,physics,G,G,True
llama3.1-8b,T2,10340,physics,D,D,True
llama3.1-8b,T2,10344,physics,C,A,False
llama3.1-8b,T2,10345,physics,I,G,False
llama3.1-8b,T2,10346,physics,F,I,False
llama3.1-8b,T2,10348,physics,I,J,False
llama3.1-8b,T2,10349,physics,G,A,False
llama3.1-8b,T2,10350,physics,E,B,False
llama3.1-8b,T2,10352,physics,H,D,False
llama3.1-8b,T2,10353,physics,H,H,True
llama3.1-8b,T2,10354,physics,J,H,False
llama3.1-8b,T2,10355,physics,F,E,False
llama3.1-8b,T2,866,law,E,D,False
llama3.1-8b,T2,867,law,E,B,False
llama3.1-8b,T2,871,law,F,C,False
llama3.1-8b,T2,872,law,G,G,True
llama3.1-8b,T2,873,law,B,E,False
llama3.1-8b,T2,874,law,J,A,False
llama3.1-8b,T2,876,law,B,I,False
llama3.1-8b,T2,879,law,I,A,False
llama3.1-8b,T2,885,law,G,C,False
llama3.1-8b,T2,889,law,F,C,False
llama3.1-8b,T2,890,law,C,G,False
llama3.1-8b,T2,894,law,A,H,False
llama3.1-8b,T2,895,law,E,H,False
llama3.1-8b,T2,896,law,B,G,False
llama3.1-8b,T2,899,law,D,G,False
llama3.1-8b,T2,902,law,I,I,True
llama3.1-8b,T2,903,law,B,B,True
llama3.1-8b,T2,905,law,J,A,False
llama3.1-8b,T2,907,law,I,J,False
llama3.1-8b,T2,908,law,I,B,False
llama3.1-8b,T2,909,law,B,B,True
llama3.1-8b,T2,913,law,A,E,False
llama3.1-8b,T2,915,law,I,G,False
llama3.1-8b,T2,917,law,I,I,True
llama3.1-8b,T2,918,law,D,J,False
llama3.1-8b,T2,919,law,B,E,False
llama3.1-8b,T2,922,law,E,D,False
llama3.1-8b,T2,923,law,D,F,False
llama3.1-8b,T2,924,law,J,J,True
llama3.1-8b,T2,925,law,J,J,True
llama3.1-8b,T2,933,law,H,H,True
llama3.1-8b,T2,937,law,B,D,False
llama3.1-8b,T2,939,law,G,G,True
llama3.1-8b,T2,942,law,F,F,True
llama3.1-8b,T2,943,law,H,F,False
llama3.1-8b,T2,944,law,D,D,True
llama3.1-8b,T2,946,law,B,B,True
llama3.1-8b,T2,952,law,A,D,False
llama3.1-8b,T2,954,law,E,E,True
llama3.1-8b,T2,955,law,J,A,False
llama3.1-8b,T2,958,law,J,J,True
llama3.1-8b,T2,959,law,G,A,False
llama3.1-8b,T2,965,law,G,F,False
llama3.1-8b,T2,969,law,I,I,True
llama3.1-8b,T2,971,law,C,C,True
llama3.1-8b,T2,973,law,E,H,False
llama3.1-8b,T2,974,law,F,G,False
llama3.1-8b,T2,975,law,C,D,False
llama3.1-8b,T2,976,law,G,E,False
llama3.1-8b,T2,981,law,I,I,True
llama3.1-8b,T2,983,law,I,G,False
llama3.1-8b,T2,984,law,J,B,False
llama3.1-8b,T2,985,law,H,G,False
llama3.1-8b,T2,986,law,J,B,False
llama3.1-8b,T2,988,law,B,B,True
llama3.1-8b,T2,990,law,E,G,False
llama3.1-8b,T2,991,law,E,E,True
llama3.1-8b,T2,994,law,B,H,False
llama3.1-8b,T2,995,law,E,F,False
llama3.1-8b,T2,1000,law,G,A,False
llama3.1-8b,T2,1004,law,H,F,False
llama3.1-8b,T2,1005,law,E,D,False
llama3.1-8b,T2,1007,law,C,A,False
llama3.1-8b,T2,1008,law,D,J,False
llama3.1-8b,T2,1010,law,A,E,False
llama3.1-8b,T2,1015,law,C,F,False
llama3.1-8b,T2,1016,law,G,H,False
llama3.1-8b,T2,1017,law,B,B,True
llama3.1-8b,T2,1019,law,H,A,False
llama3.1-8b,T2,1032,law,B,D,False
llama3.1-8b,T2,1036,law,B,B,True
llama3.1-8b,T2,1038,law,B,B,True
llama3.1-8b,T2,1040,law,B,I,False
llama3.1-8b,T2,1041,law,B,I,False
llama3.1-8b,T2,1042,law,I,E,False
llama3.1-8b,T2,1044,law,E,B,False
llama3.1-8b,T2,1045,law,E,E,True
llama3.1-8b,T2,1050,law,B,A,False
llama3.1-8b,T2,1051,law,F,D,False
llama3.1-8b,T2,1052,law,D,A,False
llama3.1-8b,T2,1053,law,J,B,False
llama3.1-8b,T2,1055,law,H,C,False
llama3.1-8b,T2,1061,law,F,F,True
llama3.1-8b,T2,1063,law,G,A,False
llama3.1-8b,T2,1064,law,E,A,False
llama3.1-8b,T2,1065,law,F,F,True
llama3.1-8b,T2,1067,law,H,J,False
llama3.1-8b,T2,1068,law,B,B,True
llama3.1-8b,T2,1069,law,F,F,True
llama3.1-8b,T2,1070,law,E,E,True
llama3.1-8b,T2,1071,law,C,A,False
llama3.1-8b,T2,1072,law,F,F,True
llama3.1-8b,T2,1073,law,B,F,False
llama3.1-8b,T2,1076,law,D,D,True
llama3.1-8b,T2,1077,law,I,I,True
llama3.1-8b,T2,1078,law,I,B,False
llama3.1-8b,T2,1079,law,J,I,False
llama3.1-8b,T2,1083,law,I,A,False
llama3.1-8b,T2,1084,law,A,J,False
llama3.1-8b,T2,1085,law,B,I,False
llama3.1-8b,T2,1086,law,A,C,False
llama3.1-8b,T2,1090,law,A,A,True
llama3.1-8b,T2,1091,law,I,A,False
llama3.1-8b,T2,1094,law,J,A,False
llama3.1-8b,T2,1096,law,J,A,False
llama3.1-8b,T2,1099,law,J,I,False
llama3.1-8b,T2,1100,law,E,D,False
llama3.1-8b,T2,1101,law,E,E,True
llama3.1-8b,T2,1103,law,J,G,False
llama3.1-8b,T2,1106,law,C,C,True
llama3.1-8b,T2,1108,law,D,G,False
llama3.1-8b,T2,1110,law,C,I,False
llama3.1-8b,T2,1114,law,C,B,False
llama3.1-8b,T2,1116,law,I,A,False
llama3.1-8b,T2,1117,law,G,D,False
llama3.1-8b,T2,1123,law,A,D,False
llama3.1-8b,T2,1124,law,C,C,True
llama3.1-8b,T2,1132,law,B,F,False
llama3.1-8b,T2,1136,law,I,H,False
llama3.1-8b,T2,1137,law,F,C,False
llama3.1-8b,T2,1139,law,B,I,False
llama3.1-8b,T2,1142,law,G,I,False
llama3.1-8b,T2,1143,law,B,A,False
llama3.1-8b,T2,1144,law,E,E,True
llama3.1-8b,T2,1145,law,J,J,True
llama3.1-8b,T2,1146,law,F,E,False
llama3.1-8b,T2,1147,law,H,C,False
llama3.1-8b,T2,1154,law,C,D,False
llama3.1-8b,T2,1155,law,G,G,True
llama3.1-8b,T2,1156,law,C,C,True
llama3.1-8b,T2,1158,law,I,C,False
llama3.1-8b,T2,1159,law,D,D,True
llama3.1-8b,T2,1161,law,J,I,False
llama3.1-8b,T2,1162,law,F,F,True
llama3.1-8b,T2,1163,law,G,D,False
llama3.1-8b,T2,1165,law,C,C,True
llama3.1-8b,T2,1168,law,F,H,False
llama3.1-8b,T2,1169,law,B,F,False
llama3.1-8b,T2,1172,law,H,A,False
llama3.1-8b,T2,1174,law,I,B,False
llama3.1-8b,T2,1179,law,B,F,False
llama3.1-8b,T2,1183,law,F,A,False
llama3.1-8b,T2,1184,law,C,I,False
llama3.1-8b,T2,1185,law,A,I,False
llama3.1-8b,T2,1187,law,J,F,False
llama3.1-8b,T2,1189,law,C,E,False
llama3.1-8b,T2,1190,law,I,E,False
llama3.1-8b,T2,1191,law,D,J,False
llama3.1-8b,T2,1193,law,G,A,False
llama3.1-8b,T2,1195,law,E,J,False
llama3.1-8b,T2,1199,law,J,J,True
llama3.1-8b,T2,1203,law,B,I,False
llama3.1-8b,T2,1204,law,F,F,True
llama3.1-8b,T2,1205,law,C,H,False
llama3.1-8b,T2,1206,law,B,D,False
llama3.1-8b,T2,1207,law,I,H,False
llama3.1-8b,T2,1208,law,A,A,True
llama3.1-8b,T2,1209,law,I,I,True
llama3.1-8b,T2,1211,law,D,C,False
llama3.1-8b,T2,1212,law,A,A,True
llama3.1-8b,T2,1214,law,G,H,False
llama3.1-8b,T2,1215,law,J,J,True
llama3.1-8b,T2,1216,law,H,H,True
llama3.1-8b,T2,1218,law,E,E,True
llama3.1-8b,T2,1220,law,B,A,False
llama3.1-8b,T2,1221,law,I,G,False
llama3.1-8b,T2,1223,law,F,G,False
llama3.1-8b,T2,1227,law,E,I,False
llama3.1-8b,T2,1228,law,H,G,False
llama3.1-8b,T2,1229,law,D,H,False
llama3.1-8b,T2,1231,law,B,B,True
llama3.1-8b,T2,1237,law,D,G,False
llama3.1-8b,T2,1241,law,I,I,True
llama3.1-8b,T2,1243,law,E,B,False
llama3.1-8b,T2,1244,law,D,G,False
llama3.1-8b,T2,1245,law,I,I,True
llama3.1-8b,T2,1248,law,I,D,False
llama3.1-8b,T2,1252,law,F,A,False
llama3.1-8b,T2,1255,law,A,A,True
llama3.1-8b,T2,1259,law,J,H,False
llama3.1-8b,T2,1261,law,C,G,False
llama3.1-8b,T2,1263,law,B,B,True
llama3.1-8b,T2,1266,law,B,C,False
llama3.1-8b,T2,1267,law,D,E,False
llama3.1-8b,T2,1268,law,D,D,True
llama3.1-8b,T2,1276,law,A,A,True
llama3.1-8b,T2,1278,law,B,I,False
llama3.1-8b,T2,1279,law,F,F,True
llama3.1-8b,T2,1281,law,C,G,False
llama3.1-8b,T2,1283,law,I,I,True
llama3.1-8b,T2,1288,law,G,G,True
llama3.1-8b,T2,1291,law,F,E,False
llama3.1-8b,T2,1292,law,B,H,False
llama3.1-8b,T2,1294,law,H,H,True
llama3.1-8b,T2,1295,law,E,E,True
llama3.1-8b,T2,1302,law,G,G,True
llama3.1-8b,T2,1303,law,G,A,False
llama3.1-8b,T2,1304,law,A,A,True
llama3.1-8b,T2,1305,law,G,G,True
llama3.1-8b,T2,1307,law,I,A,False
llama3.1-8b,T2,1308,law,C,I,False
llama3.1-8b,T2,1309,law,E,E,True
llama3.1-8b,T2,1311,law,D,I,False
llama3.1-8b,T2,1317,law,B,I,False
llama3.1-8b,T2,1318,law,B,E,False
llama3.1-8b,T2,1319,law,I,A,False
llama3.1-8b,T2,1320,law,A,A,True
llama3.1-8b,T2,1322,law,I,I,True
llama3.1-8b,T2,1323,law,E,A,False
llama3.1-8b,T2,1324,law,D,B,False
llama3.1-8b,T2,1325,law,G,G,True
llama3.1-8b,T2,1326,law,J,J,True
llama3.1-8b,T2,1328,law,A,A,True
llama3.1-8b,T2,1336,law,G,J,False
llama3.1-8b,T2,1339,law,G,A,False
llama3.1-8b,T2,1344,law,J,F,False
llama3.1-8b,T2,1348,law,C,I,False
llama3.1-8b,T2,1350,law,H,H,True
llama3.1-8b,T2,1353,law,D,D,True
llama3.1-8b,T2,1356,law,A,B,False
llama3.1-8b,T2,1357,law,I,I,True
llama3.1-8b,T2,1359,law,A,A,True
llama3.1-8b,T2,1362,law,I,D,False
llama3.1-8b,T2,1363,law,B,F,False
llama3.1-8b,T2,1364,law,G,G,True
llama3.1-8b,T2,1365,law,B,H,False
llama3.1-8b,T2,1366,law,B,J,False
llama3.1-8b,T2,1368,law,J,G,False
llama3.1-8b,T2,1371,law,J,F,False
llama3.1-8b,T2,1372,law,E,J,False
llama3.1-8b,T2,1373,law,C,C,True
llama3.1-8b,T2,1375,law,D,G,False
llama3.1-8b,T2,1376,law,I,I,True
llama3.1-8b,T2,1380,law,A,C,False
llama3.1-8b,T2,1386,law,E,I,False
llama3.1-8b,T2,1388,law,I,I,True
llama3.1-8b,T2,1391,law,A,A,True
llama3.1-8b,T2,1393,law,B,B,True
llama3.1-8b,T2,1395,law,B,B,True
llama3.1-8b,T2,1398,law,B,B,True
llama3.1-8b,T2,1399,law,J,D,False
llama3.1-8b,T2,1401,law,B,G,False
llama3.1-8b,T2,1403,law,B,F,False
llama3.1-8b,T2,1404,law,J,I,False
llama3.1-8b,T2,1406,law,B,B,True
llama3.1-8b,T2,1410,law,J,H,False
llama3.1-8b,T2,1411,law,E,E,True
llama3.1-8b,T2,1413,law,G,F,False
llama3.1-8b,T2,1415,law,B,E,False
llama3.1-8b,T2,1418,law,C,B,False
llama3.1-8b,T2,1419,law,B,F,False
llama3.1-8b,T2,1420,law,C,H,False
llama3.1-8b,T2,1422,law,C,G,False
llama3.1-8b,T2,1423,law,G,G,True
llama3.1-8b,T2,1424,law,I,H,False
llama3.1-8b,T2,1425,law,A,A,True
llama3.1-8b,T2,1426,law,J,B,False
llama3.1-8b,T2,1427,law,C,J,False
llama3.1-8b,T2,1429,law,I,A,False
llama3.1-8b,T2,1431,law,D,D,True
llama3.1-8b,T2,1433,law,G,D,False
llama3.1-8b,T2,1437,law,B,J,False
llama3.1-8b,T2,1440,law,B,B,True
llama3.1-8b,T2,1441,law,I,H,False
llama3.1-8b,T2,1445,law,J,D,False
llama3.1-8b,T2,1446,law,H,G,False
llama3.1-8b,T2,1447,law,B,F,False
llama3.1-8b,T2,1449,law,G,G,True
llama3.1-8b,T2,1450,law,E,I,False
llama3.1-8b,T2,1452,law,F,D,False
llama3.1-8b,T2,1463,law,G,J,False
llama3.1-8b,T2,1464,law,B,H,False
llama3.1-8b,T2,1465,law,E,F,False
llama3.1-8b,T2,1468,law,E,E,True
llama3.1-8b,T2,1472,law,E,J,False
llama3.1-8b,T2,1473,law,A,I,False
llama3.1-8b,T2,1474,law,D,I,False
llama3.1-8b,T2,1475,law,J,B,False
llama3.1-8b,T2,1476,law,H,D,False
llama3.1-8b,T2,1479,law,A,A,True
llama3.1-8b,T2,1482,law,B,E,False
llama3.1-8b,T2,1483,law,C,G,False
llama3.1-8b,T2,1484,law,D,J,False
llama3.1-8b,T2,1486,law,F,F,True
llama3.1-8b,T2,1488,law,A,G,False
llama3.1-8b,T2,1491,law,H,H,True
llama3.1-8b,T2,1492,law,E,E,True
llama3.1-8b,T2,1496,law,D,C,False
llama3.1-8b,T2,1500,law,E,D,False
llama3.1-8b,T2,1503,law,B,F,False
llama3.1-8b,T2,1504,law,B,H,False
llama3.1-8b,T2,1505,law,B,I,False
llama3.1-8b,T2,1506,law,F,H,False
llama3.1-8b,T2,1507,law,G,H,False
llama3.1-8b,T2,1508,law,D,F,False
llama3.1-8b,T2,1510,law,I,F,False
llama3.1-8b,T2,1513,law,G,D,False
llama3.1-8b,T2,1514,law,H,H,True
llama3.1-8b,T2,1515,law,J,I,False
llama3.1-8b,T2,1516,law,D,D,True
llama3.1-8b,T2,1521,law,G,I,False
llama3.1-8b,T2,1523,law,D,D,True
llama3.1-8b,T2,1524,law,B,F,False
llama3.1-8b,T2,1526,law,E,I,False
llama3.1-8b,T2,1527,law,E,C,False
llama3.1-8b,T2,1530,law,B,I,False
llama3.1-8b,T2,1531,law,J,A,False
llama3.1-8b,T2,1533,law,J,J,True
llama3.1-8b,T2,1534,law,A,A,True
llama3.1-8b,T2,1536,law,H,F,False
llama3.1-8b,T2,1537,law,C,G,False
llama3.1-8b,T2,1539,law,C,H,False
llama3.1-8b,T2,1540,law,C,I,False
llama3.1-8b,T2,1547,law,A,G,False
llama3.1-8b,T2,1548,law,E,E,True
llama3.1-8b,T2,1550,law,C,G,False
llama3.1-8b,T2,1551,law,F,I,False
llama3.1-8b,T2,1555,law,E,F,False
llama3.1-8b,T2,1559,law,H,C,False
llama3.1-8b,T2,1560,law,D,A,False
llama3.1-8b,T2,1562,law,H,A,False
llama3.1-8b,T2,1563,law,J,A,False
llama3.1-8b,T2,1564,law,C,C,True
llama3.1-8b,T2,1565,law,A,A,True
llama3.1-8b,T2,1567,law,J,H,False
llama3.1-8b,T2,1574,law,B,F,False
llama3.1-8b,T2,1577,law,I,E,False
llama3.1-8b,T2,1580,law,C,A,False
llama3.1-8b,T2,1585,law,H,C,False
llama3.1-8b,T2,1586,law,B,E,False
llama3.1-8b,T2,1588,law,G,I,False
llama3.1-8b,T2,1590,law,J,F,False
llama3.1-8b,T2,1592,law,G,C,False
llama3.1-8b,T2,1595,law,J,J,True
llama3.1-8b,T2,1598,law,A,A,True
llama3.1-8b,T2,1599,law,I,I,True
llama3.1-8b,T2,1601,law,E,G,False
llama3.1-8b,T2,1602,law,E,E,True
llama3.1-8b,T2,1605,law,D,D,True
llama3.1-8b,T2,1606,law,D,E,False
llama3.1-8b,T2,1607,law,E,H,False
llama3.1-8b,T2,1608,law,H,C,False
llama3.1-8b,T2,1609,law,E,E,True
llama3.1-8b,T2,1612,law,J,E,False
llama3.1-8b,T2,1613,law,I,I,True
llama3.1-8b,T2,1614,law,E,E,True
llama3.1-8b,T2,1615,law,J,H,False
llama3.1-8b,T2,1619,law,B,G,False
llama3.1-8b,T2,1620,law,D,D,True
llama3.1-8b,T2,1621,law,G,G,True
llama3.1-8b,T2,1624,law,I,E,False
llama3.1-8b,T2,1634,law,A,B,False
llama3.1-8b,T2,1638,law,G,J,False
llama3.1-8b,T2,1639,law,B,C,False
llama3.1-8b,T2,1641,law,H,E,False
llama3.1-8b,T2,1642,law,B,C,False
llama3.1-8b,T2,1643,law,C,G,False
llama3.1-8b,T2,1644,law,I,I,True
llama3.1-8b,T2,1646,law,I,I,True
llama3.1-8b,T2,1647,law,G,A,False
llama3.1-8b,T2,1648,law,H,C,False
llama3.1-8b,T2,1652,law,F,I,False
llama3.1-8b,T2,1659,law,J,H,False
llama3.1-8b,T2,1660,law,A,G,False
llama3.1-8b,T2,1663,law,J,J,True
llama3.1-8b,T2,1664,law,H,C,False
llama3.1-8b,T2,1668,law,B,G,False
llama3.1-8b,T2,1669,law,E,E,True
llama3.1-8b,T2,1674,law,F,E,False
llama3.1-8b,T2,1675,law,B,G,False
llama3.1-8b,T2,1677,law,C,J,False
llama3.1-8b,T2,1678,law,A,C,False
llama3.1-8b,T2,1679,law,E,I,False
llama3.1-8b,T2,1681,law,E,A,False
llama3.1-8b,T2,1683,law,B,G,False
llama3.1-8b,T2,1688,law,H,J,False
llama3.1-8b,T2,1689,law,F,A,False
llama3.1-8b,T2,1691,law,E,J,False
llama3.1-8b,T2,1693,law,B,E,False
llama3.1-8b,T2,1695,law,D,I,False
llama3.1-8b,T2,1696,law,J,B,False
llama3.1-8b,T2,1697,law,B,C,False
llama3.1-8b,T2,1702,law,B,C,False
llama3.1-8b,T2,1704,law,E,G,False
llama3.1-8b,T2,1706,law,C,C,True
llama3.1-8b,T2,1707,law,B,H,False
llama3.1-8b,T2,1708,law,I,G,False
llama3.1-8b,T2,1709,law,E,B,False
llama3.1-8b,T2,1710,law,E,E,True
llama3.1-8b,T2,1711,law,B,E,False
llama3.1-8b,T2,1713,law,H,H,True
llama3.1-8b,T2,1714,law,B,B,True
llama3.1-8b,T2,1720,law,C,G,False
llama3.1-8b,T2,1721,law,D,A,False
llama3.1-8b,T2,1723,law,F,J,False
llama3.1-8b,T2,1725,law,B,B,True
llama3.1-8b,T2,1726,law,C,C,True
llama3.1-8b,T2,1735,law,G,F,False
llama3.1-8b,T2,1737,law,E,B,False
llama3.1-8b,T2,1740,law,J,D,False
llama3.1-8b,T2,1741,law,E,E,True
llama3.1-8b,T2,1745,law,F,A,False
llama3.1-8b,T2,1747,law,D,B,False
llama3.1-8b,T2,1748,law,J,D,False
llama3.1-8b,T2,1749,law,E,B,False
llama3.1-8b,T2,1751,law,J,J,True
llama3.1-8b,T2,1752,law,C,A,False
llama3.1-8b,T2,1754,law,C,E,False
llama3.1-8b,T2,1760,law,A,A,True
llama3.1-8b,T2,1764,law,G,A,False
llama3.1-8b,T2,1765,law,J,J,True
llama3.1-8b,T2,1769,law,E,H,False
llama3.1-8b,T2,1770,law,D,D,True
llama3.1-8b,T2,1771,law,G,G,True
llama3.1-8b,T2,1772,law,B,J,False
llama3.1-8b,T2,1773,law,C,I,False
llama3.1-8b,T2,1775,law,G,E,False
llama3.1-8b,T2,1776,law,H,J,False
llama3.1-8b,T2,1778,law,D,J,False
llama3.1-8b,T2,1779,law,I,H,False
llama3.1-8b,T2,1782,law,G,C,False
llama3.1-8b,T2,1785,law,F,A,False
llama3.1-8b,T2,1787,law,C,C,True
llama3.1-8b,T2,1788,law,B,J,False
llama3.1-8b,T2,1793,law,J,G,False
llama3.1-8b,T2,1796,law,E,E,True
llama3.1-8b,T2,1797,law,E,J,False
llama3.1-8b,T2,1798,law,H,F,False
llama3.1-8b,T2,1802,law,I,C,False
llama3.1-8b,T2,1803,law,J,J,True
llama3.1-8b,T2,1804,law,E,H,False
llama3.1-8b,T2,1810,law,F,I,False
llama3.1-8b,T2,1813,law,J,C,False
llama3.1-8b,T2,1817,law,A,F,False
llama3.1-8b,T2,1820,law,G,D,False
llama3.1-8b,T2,1826,law,I,A,False
llama3.1-8b,T2,1827,law,C,B,False
llama3.1-8b,T2,1829,law,D,C,False
llama3.1-8b,T2,1831,law,F,J,False
llama3.1-8b,T2,1832,law,I,G,False
llama3.1-8b,T2,1834,law,I,E,False
llama3.1-8b,T2,1835,law,B,B,True
llama3.1-8b,T2,1836,law,E,E,True
llama3.1-8b,T2,1837,law,B,B,True
llama3.1-8b,T2,1838,law,G,G,True
llama3.1-8b,T2,1839,law,B,B,True
llama3.1-8b,T2,1842,law,C,D,False
llama3.1-8b,T2,1848,law,A,B,False
llama3.1-8b,T2,1849,law,E,E,True
llama3.1-8b,T2,1851,law,B,G,False
llama3.1-8b,T2,1852,law,B,H,False
llama3.1-8b,T2,1853,law,E,J,False
llama3.1-8b,T2,1854,law,E,F,False
llama3.1-8b,T2,1855,law,I,H,False
llama3.1-8b,T2,1857,law,B,J,False
llama3.1-8b,T2,1860,law,I,F,False
llama3.1-8b,T2,1864,law,B,J,False
llama3.1-8b,T2,1868,law,B,C,False
llama3.1-8b,T2,1869,law,B,E,False
llama3.1-8b,T2,1871,law,A,H,False
llama3.1-8b,T2,1873,law,E,A,False
llama3.1-8b,T2,1876,law,E,E,True
llama3.1-8b,T2,1878,law,E,E,True
llama3.1-8b,T2,1879,law,I,I,True
llama3.1-8b,T2,1886,law,C,I,False
llama3.1-8b,T2,1891,law,G,H,False
llama3.1-8b,T2,1892,law,A,A,True
llama3.1-8b,T2,1895,law,B,C,False
llama3.1-8b,T2,1898,law,C,G,False
llama3.1-8b,T2,1914,law,C,C,True
llama3.1-8b,T2,1915,law,G,C,False
llama3.1-8b,T2,1917,law,E,A,False
llama3.1-8b,T2,1918,law,J,H,False
llama3.1-8b,T2,1919,law,E,I,False
llama3.1-8b,T2,1928,law,J,E,False
llama3.1-8b,T2,1931,law,H,C,False
llama3.1-8b,T2,1932,law,I,D,False
llama3.1-8b,T2,1935,law,C,H,False
llama3.1-8b,T2,1936,law,H,I,False
llama3.1-8b,T2,1940,law,E,G,False
llama3.1-8b,T2,1942,law,I,I,True
llama3.1-8b,T2,1943,law,D,G,False
llama3.1-8b,T2,1944,law,D,E,False
llama3.1-8b,T2,1947,law,D,F,False
llama3.1-8b,T2,1949,law,D,D,True
llama3.1-8b,T2,1953,law,B,A,False
llama3.1-8b,T2,1954,law,B,B,True
llama3.1-8b,T2,1956,law,D,H,False
llama3.1-8b,T2,1962,law,D,D,True
llama3.1-8b,T2,1964,law,G,G,True
llama3.1-8b,T2,1965,law,J,J,True
llama3.1-8b,T2,1966,law,D,G,False
llama3.1-8b,T2,1967,law,G,E,False
llama3.1-8b,T2,1968,law,H,G,False
llama3.1-8b,T2,1970,law,B,F,False
llama3.1-8b,T2,1971,law,F,D,False
llama3.1-8b,T2,1977,law,H,H,True
llama3.1-8b,T2,1982,law,J,G,False
llama3.1-8b,T2,1983,law,A,I,False
llama3.1-8b,T2,1984,law,F,A,False
llama3.1-8b,T2,1990,psychology,H,B,False
llama3.1-8b,T2,1993,psychology,J,J,True
llama3.1-8b,T2,1995,psychology,G,G,True
llama3.1-8b,T2,1998,psychology,H,B,False
llama3.1-8b,T2,2003,psychology,J,C,False
llama3.1-8b,T2,2004,psychology,G,E,False
llama3.1-8b,T2,2005,psychology,D,D,True
llama3.1-8b,T2,2006,psychology,H,A,False
llama3.1-8b,T2,2008,psychology,A,A,True
llama3.1-8b,T2,2009,psychology,G,H,False
llama3.1-8b,T2,2010,psychology,H,A,False
llama3.1-8b,T2,2011,psychology,C,C,True
llama3.1-8b,T2,2013,psychology,A,A,True
llama3.1-8b,T2,2014,psychology,B,B,True
llama3.1-8b,T2,2015,psychology,J,J,True
llama3.1-8b,T2,2016,psychology,F,C,False
llama3.1-8b,T2,2018,psychology,B,J,False
llama3.1-8b,T2,2019,psychology,B,I,False
llama3.1-8b,T2,2020,psychology,B,B,True
llama3.1-8b,T2,2021,psychology,I,I,True
llama3.1-8b,T2,2022,psychology,J,I,False
llama3.1-8b,T2,2023,psychology,J,E,False
llama3.1-8b,T2,2024,psychology,F,G,False
llama3.1-8b,T2,2027,psychology,G,G,True
llama3.1-8b,T2,2028,psychology,J,G,False
llama3.1-8b,T2,2030,psychology,J,F,False
llama3.1-8b,T2,2032,psychology,I,I,True
llama3.1-8b,T2,2034,psychology,G,H,False
llama3.1-8b,T2,2035,psychology,F,F,True
llama3.1-8b,T2,2036,psychology,F,F,True
llama3.1-8b,T2,2037,psychology,F,F,True
llama3.1-8b,T2,2042,psychology,I,I,True
llama3.1-8b,T2,2045,psychology,I,A,False
llama3.1-8b,T2,2048,psychology,F,F,True
llama3.1-8b,T2,2049,psychology,B,B,True
llama3.1-8b,T2,2050,psychology,I,D,False
llama3.1-8b,T2,2051,psychology,F,F,True
llama3.1-8b,T2,2053,psychology,F,F,True
llama3.1-8b,T2,2054,psychology,B,B,True
llama3.1-8b,T2,2055,psychology,G,G,True
llama3.1-8b,T2,2058,psychology,C,C,True
llama3.1-8b,T2,2059,psychology,H,C,False
llama3.1-8b,T2,2063,psychology,G,G,True
llama3.1-8b,T2,2064,psychology,E,E,True
llama3.1-8b,T2,2065,psychology,C,H,False
llama3.1-8b,T2,2066,psychology,A,E,False
llama3.1-8b,T2,2067,psychology,A,B,False
llama3.1-8b,T2,2068,psychology,E,I,False
llama3.1-8b,T2,2071,psychology,I,D,False
llama3.1-8b,T2,2072,psychology,E,B,False
llama3.1-8b,T2,2073,psychology,C,C,True
llama3.1-8b,T2,2074,psychology,H,C,False
llama3.1-8b,T2,2077,psychology,H,F,False
llama3.1-8b,T2,2078,psychology,H,J,False
llama3.1-8b,T2,2080,psychology,J,D,False
llama3.1-8b,T2,2081,psychology,G,G,True
llama3.1-8b,T2,2082,psychology,G,F,False
llama3.1-8b,T2,2084,psychology,G,G,True
llama3.1-8b,T2,2085,psychology,A,B,False
llama3.1-8b,T2,2087,psychology,E,G,False
llama3.1-8b,T2,2088,psychology,B,J,False
llama3.1-8b,T2,2089,psychology,E,E,True
llama3.1-8b,T2,2090,psychology,F,J,False
llama3.1-8b,T2,2091,psychology,J,J,True
llama3.1-8b,T2,2092,psychology,A,E,False
llama3.1-8b,T2,2096,psychology,A,A,True
llama3.1-8b,T2,2097,psychology,B,B,True
llama3.1-8b,T2,2101,psychology,G,A,False
llama3.1-8b,T2,2102,psychology,B,B,True
llama3.1-8b,T2,2104,psychology,J,J,True
llama3.1-8b,T2,2106,psychology,G,G,True
llama3.1-8b,T2,2110,psychology,J,J,True
llama3.1-8b,T2,2111,psychology,A,A,True
llama3.1-8b,T2,2114,psychology,D,J,False
llama3.1-8b,T2,2115,psychology,I,I,True
llama3.1-8b,T2,2116,psychology,B,B,True
llama3.1-8b,T2,2118,psychology,J,J,True
llama3.1-8b,T2,2119,psychology,H,E,False
llama3.1-8b,T2,2120,psychology,F,F,True
llama3.1-8b,T2,2121,psychology,F,F,True
llama3.1-8b,T2,2122,psychology,A,A,True
llama3.1-8b,T2,2123,psychology,B,B,True
llama3.1-8b,T2,2124,psychology,G,G,True
llama3.1-8b,T2,2125,psychology,E,E,True
llama3.1-8b,T2,2126,psychology,A,A,True
llama3.1-8b,T2,2127,psychology,B,B,True
llama3.1-8b,T2,2128,psychology,I,I,True
llama3.1-8b,T2,2130,psychology,E,E,True
llama3.1-8b,T2,2132,psychology,C,C,True
llama3.1-8b,T2,2133,psychology,F,H,False
llama3.1-8b,T2,2134,psychology,F,J,False
llama3.1-8b,T2,2137,psychology,B,A,False
llama3.1-8b,T2,2138,psychology,D,D,True
llama3.1-8b,T2,2139,psychology,B,A,False
llama3.1-8b,T2,2143,psychology,H,G,False
llama3.1-8b,T2,2144,psychology,B,D,False
llama3.1-8b,T2,2147,psychology,G,J,False
llama3.1-8b,T2,2148,psychology,F,F,True
llama3.1-8b,T2,2150,psychology,F,F,True
llama3.1-8b,T2,2152,psychology,B,B,True
llama3.1-8b,T2,2153,psychology,E,D,False
llama3.1-8b,T2,2159,psychology,B,H,False
llama3.1-8b,T2,2160,psychology,E,E,True
llama3.1-8b,T2,2161,psychology,B,B,True
llama3.1-8b,T2,2162,psychology,F,D,False
llama3.1-8b,T2,2163,psychology,B,H,False
llama3.1-8b,T2,2166,psychology,E,G,False
llama3.1-8b,T2,2167,psychology,J,I,False
llama3.1-8b,T2,2168,psychology,G,G,True
llama3.1-8b,T2,2170,psychology,H,H,True
llama3.1-8b,T2,2171,psychology,E,E,True
llama3.1-8b,T2,2172,psychology,D,E,False
llama3.1-8b,T2,2173,psychology,H,D,False
llama3.1-8b,T2,2174,psychology,A,A,True
llama3.1-8b,T2,2175,psychology,D,G,False
llama3.1-8b,T2,2176,psychology,G,A,False
llama3.1-8b,T2,2178,psychology,J,F,False
llama3.1-8b,T2,2179,psychology,B,F,False
llama3.1-8b,T2,2180,psychology,G,H,False
llama3.1-8b,T2,2183,psychology,B,B,True
llama3.1-8b,T2,2185,psychology,H,D,False
llama3.1-8b,T2,2187,psychology,D,D,True
llama3.1-8b,T2,2188,psychology,J,J,True
llama3.1-8b,T2,2189,psychology,J,J,True
llama3.1-8b,T2,2191,psychology,E,E,True
llama3.1-8b,T2,2193,psychology,B,B,True
llama3.1-8b,T2,2194,psychology,G,C,False
llama3.1-8b,T2,2196,psychology,D,I,False
llama3.1-8b,T2,2198,psychology,E,E,True
llama3.1-8b,T2,2201,psychology,F,F,True
llama3.1-8b,T2,2202,psychology,H,G,False
llama3.1-8b,T2,2203,psychology,F,J,False
llama3.1-8b,T2,2207,psychology,F,J,False
llama3.1-8b,T2,2208,psychology,H,C,False
llama3.1-8b,T2,2209,psychology,C,G,False
llama3.1-8b,T2,2212,psychology,J,H,False
llama3.1-8b,T2,2214,psychology,B,H,False
llama3.1-8b,T2,2215,psychology,E,E,True
llama3.1-8b,T2,2217,psychology,B,B,True
llama3.1-8b,T2,2218,psychology,E,C,False
llama3.1-8b,T2,2219,psychology,I,I,True
llama3.1-8b,T2,2220,psychology,F,G,False
llama3.1-8b,T2,2221,psychology,G,C,False
llama3.1-8b,T2,2222,psychology,B,B,True
llama3.1-8b,T2,2225,psychology,J,J,True
llama3.1-8b,T2,2226,psychology,J,D,False
llama3.1-8b,T2,2228,psychology,J,J,True
llama3.1-8b,T2,2229,psychology,F,C,False
llama3.1-8b,T2,2230,psychology,B,E,False
llama3.1-8b,T2,2232,psychology,G,G,True
llama3.1-8b,T2,2234,psychology,C,C,True
llama3.1-8b,T2,2240,psychology,D,H,False
llama3.1-8b,T2,2241,psychology,H,J,False
llama3.1-8b,T2,2242,psychology,F,F,True
llama3.1-8b,T2,2245,psychology,G,A,False
llama3.1-8b,T2,2247,psychology,G,I,False
llama3.1-8b,T2,2251,psychology,G,A,False
llama3.1-8b,T2,2252,psychology,G,G,True
llama3.1-8b,T2,2254,psychology,E,E,True
llama3.1-8b,T2,2257,psychology,D,D,True
llama3.1-8b,T2,2260,psychology,F,F,True
llama3.1-8b,T2,2261,psychology,E,E,True
llama3.1-8b,T2,2264,psychology,G,G,True
llama3.1-8b,T2,2265,psychology,G,G,True
llama3.1-8b,T2,2267,psychology,H,C,False
llama3.1-8b,T2,2269,psychology,G,G,True
llama3.1-8b,T2,2273,psychology,F,G,False
llama3.1-8b,T2,2276,psychology,F,H,False
llama3.1-8b,T2,2277,psychology,B,B,True
llama3.1-8b,T2,2278,psychology,I,I,True
llama3.1-8b,T2,2279,psychology,G,A,False
llama3.1-8b,T2,2280,psychology,F,F,True
llama3.1-8b,T2,2281,psychology,G,C,False
llama3.1-8b,T2,2282,psychology,F,H,False
llama3.1-8b,T2,2283,psychology,E,H,False
llama3.1-8b,T2,2285,psychology,B,G,False
llama3.1-8b,T2,2288,psychology,A,A,True
llama3.1-8b,T2,2289,psychology,G,G,True
llama3.1-8b,T2,2291,psychology,G,C,False
llama3.1-8b,T2,2292,psychology,I,E,False
llama3.1-8b,T2,2294,psychology,D,F,False
llama3.1-8b,T2,2295,psychology,B,J,False
llama3.1-8b,T2,2297,psychology,F,B,False
llama3.1-8b,T2,2298,psychology,B,G,False
llama3.1-8b,T2,2300,psychology,A,A,True
llama3.1-8b,T2,2302,psychology,E,E,True
llama3.1-8b,T2,2303,psychology,I,I,True
llama3.1-8b,T2,2304,psychology,C,C,True
llama3.1-8b,T2,2305,psychology,D,J,False
llama3.1-8b,T2,2306,psychology,F,F,True
llama3.1-8b,T2,2308,psychology,H,H,True
llama3.1-8b,T2,2309,psychology,H,H,True
llama3.1-8b,T2,2310,psychology,C,C,True
llama3.1-8b,T2,2312,psychology,G,E,False
llama3.1-8b,T2,2316,psychology,B,B,True
llama3.1-8b,T2,2319,psychology,B,B,True
llama3.1-8b,T2,2321,psychology,B,J,False
llama3.1-8b,T2,2324,psychology,G,G,True
llama3.1-8b,T2,2326,psychology,J,J,True
llama3.1-8b,T2,2327,psychology,E,E,True
llama3.1-8b,T2,2329,psychology,E,C,False
llama3.1-8b,T2,2330,psychology,I,E,False
llama3.1-8b,T2,2331,psychology,I,I,True
llama3.1-8b,T2,2333,psychology,B,E,False
llama3.1-8b,T2,2335,psychology,C,F,False
llama3.1-8b,T2,2339,psychology,H,H,True
llama3.1-8b,T2,2340,psychology,H,J,False
llama3.1-8b,T2,2343,psychology,J,A,False
llama3.1-8b,T2,2344,psychology,F,C,False
llama3.1-8b,T2,2345,psychology,I,F,False
llama3.1-8b,T2,2346,psychology,E,G,False
llama3.1-8b,T2,2347,psychology,C,F,False
llama3.1-8b,T2,2349,psychology,B,A,False
llama3.1-8b,T2,2351,psychology,B,B,True
llama3.1-8b,T2,2355,psychology,B,B,True
llama3.1-8b,T2,2357,psychology,I,I,True
llama3.1-8b,T2,2358,psychology,J,B,False
llama3.1-8b,T2,2359,psychology,I,I,True
llama3.1-8b,T2,2360,psychology,D,D,True
llama3.1-8b,T2,2361,psychology,A,A,True
llama3.1-8b,T2,2362,psychology,D,D,True
llama3.1-8b,T2,2363,psychology,H,A,False
llama3.1-8b,T2,2364,psychology,B,B,True
llama3.1-8b,T2,2365,psychology,J,J,True
llama3.1-8b,T2,2366,psychology,F,F,True
llama3.1-8b,T2,2368,psychology,C,C,True
llama3.1-8b,T2,2371,psychology,D,D,True
llama3.1-8b,T2,2372,psychology,D,D,True
llama3.1-8b,T2,2374,psychology,E,E,True
llama3.1-8b,T2,2377,psychology,J,J,True
llama3.1-8b,T2,2381,psychology,D,D,True
llama3.1-8b,T2,2382,psychology,J,D,False
llama3.1-8b,T2,2383,psychology,B,H,False
llama3.1-8b,T2,2387,psychology,H,A,False
llama3.1-8b,T2,2390,psychology,I,H,False
llama3.1-8b,T2,2392,psychology,A,I,False
llama3.1-8b,T2,2393,psychology,C,F,False
llama3.1-8b,T2,2394,psychology,A,A,True
llama3.1-8b,T2,2397,psychology,E,G,False
llama3.1-8b,T2,2398,psychology,A,H,False
llama3.1-8b,T2,2399,psychology,F,F,True
llama3.1-8b,T2,2400,psychology,B,B,True
llama3.1-8b,T2,2401,psychology,H,I,False
llama3.1-8b,T2,2403,psychology,G,J,False
llama3.1-8b,T2,2404,psychology,F,D,False
llama3.1-8b,T2,2405,psychology,E,E,True
llama3.1-8b,T2,2406,psychology,B,B,True
llama3.1-8b,T2,2407,psychology,A,A,True
llama3.1-8b,T2,2408,psychology,E,I,False
llama3.1-8b,T2,2409,psychology,I,E,False
llama3.1-8b,T2,2410,psychology,J,C,False
llama3.1-8b,T2,2411,psychology,E,E,True
llama3.1-8b,T2,2412,psychology,G,C,False
llama3.1-8b,T2,2413,psychology,I,I,True
llama3.1-8b,T2,2414,psychology,C,C,True
llama3.1-8b,T2,2416,psychology,I,J,False
llama3.1-8b,T2,2417,psychology,E,J,False
llama3.1-8b,T2,2418,psychology,H,H,True
llama3.1-8b,T2,2419,psychology,F,F,True
llama3.1-8b,T2,2420,psychology,H,A,False
llama3.1-8b,T2,2421,psychology,H,D,False
llama3.1-8b,T2,2422,psychology,B,B,True
llama3.1-8b,T2,2423,psychology,C,C,True
llama3.1-8b,T2,2424,psychology,I,I,True
llama3.1-8b,T2,2425,psychology,B,B,True
llama3.1-8b,T2,2426,psychology,H,H,True
llama3.1-8b,T2,2429,psychology,B,B,True
llama3.1-8b,T2,2430,psychology,G,G,True
llama3.1-8b,T2,2432,psychology,D,E,False
llama3.1-8b,T2,2434,psychology,F,F,True
llama3.1-8b,T2,2437,psychology,I,B,False
llama3.1-8b,T2,2438,psychology,E,B,False
llama3.1-8b,T2,2441,psychology,I,E,False
llama3.1-8b,T2,2442,psychology,J,G,False
llama3.1-8b,T2,2443,psychology,H,H,True
llama3.1-8b,T2,2448,psychology,J,I,False
llama3.1-8b,T2,2449,psychology,A,E,False
llama3.1-8b,T2,2450,psychology,G,G,True
llama3.1-8b,T2,2451,psychology,D,D,True
llama3.1-8b,T2,2452,psychology,I,J,False
llama3.1-8b,T2,2455,psychology,B,C,False
llama3.1-8b,T2,2458,psychology,A,F,False
llama3.1-8b,T2,2459,psychology,F,J,False
llama3.1-8b,T2,2460,psychology,J,D,False
llama3.1-8b,T2,2461,psychology,H,H,True
llama3.1-8b,T2,2463,psychology,C,C,True
llama3.1-8b,T2,2464,psychology,G,G,True
llama3.1-8b,T2,2467,psychology,G,G,True
llama3.1-8b,T2,2468,psychology,G,G,True
llama3.1-8b,T2,2470,psychology,C,C,True
llama3.1-8b,T2,2471,psychology,C,C,True
llama3.1-8b,T2,2472,psychology,C,I,False
llama3.1-8b,T2,2474,psychology,B,B,True
llama3.1-8b,T2,2475,psychology,C,C,True
llama3.1-8b,T2,2476,psychology,C,C,True
llama3.1-8b,T2,2479,psychology,J,I,False
llama3.1-8b,T2,2480,psychology,B,B,True
llama3.1-8b,T2,2481,psychology,A,D,False
llama3.1-8b,T2,2482,psychology,I,I,True
llama3.1-8b,T2,2484,psychology,G,G,True
llama3.1-8b,T2,2485,psychology,A,A,True
llama3.1-8b,T2,2486,psychology,F,F,True
llama3.1-8b,T2,2489,psychology,H,H,True
llama3.1-8b,T2,2490,psychology,C,C,True
llama3.1-8b,T2,2491,psychology,H,H,True
llama3.1-8b,T2,2492,psychology,J,A,False
llama3.1-8b,T2,2493,psychology,I,I,True
llama3.1-8b,T2,2494,psychology,G,G,True
llama3.1-8b,T2,2495,psychology,D,D,True
llama3.1-8b,T2,2497,psychology,G,A,False
llama3.1-8b,T2,2499,psychology,D,D,True
llama3.1-8b,T2,2500,psychology,E,F,False
llama3.1-8b,T2,2501,psychology,C,C,True
llama3.1-8b,T2,2502,psychology,E,C,False
llama3.1-8b,T2,2503,psychology,J,J,True
llama3.1-8b,T2,2504,psychology,H,H,True
llama3.1-8b,T2,2507,psychology,I,E,False
llama3.1-8b,T2,2508,psychology,H,E,False
llama3.1-8b,T2,2512,psychology,A,E,False
llama3.1-8b,T2,2513,psychology,I,F,False
llama3.1-8b,T2,2514,psychology,J,I,False
llama3.1-8b,T2,2515,psychology,H,B,False
llama3.1-8b,T2,2516,psychology,G,H,False
llama3.1-8b,T2,2519,psychology,F,J,False
llama3.1-8b,T2,2520,psychology,G,G,True
llama3.1-8b,T2,2522,psychology,H,H,True
llama3.1-8b,T2,2524,psychology,F,G,False
llama3.1-8b,T2,2527,psychology,H,H,True
llama3.1-8b,T2,2528,psychology,E,J,False
llama3.1-8b,T2,2530,psychology,B,C,False
llama3.1-8b,T2,2532,psychology,B,B,True
llama3.1-8b,T2,2533,psychology,E,E,True
llama3.1-8b,T2,2534,psychology,A,A,True
llama3.1-8b,T2,2535,psychology,D,D,True
llama3.1-8b,T2,2536,psychology,G,J,False
llama3.1-8b,T2,2540,psychology,C,G,False
llama3.1-8b,T2,2541,psychology,J,B,False
llama3.1-8b,T2,2542,psychology,H,H,True
llama3.1-8b,T2,2543,psychology,H,H,True
llama3.1-8b,T2,2545,psychology,H,H,True
llama3.1-8b,T2,2546,psychology,I,I,True
llama3.1-8b,T2,2548,psychology,G,G,True
llama3.1-8b,T2,2549,psychology,J,D,False
llama3.1-8b,T2,2551,psychology,D,D,True
llama3.1-8b,T2,2552,psychology,B,B,True
llama3.1-8b,T2,2554,psychology,A,A,True
llama3.1-8b,T2,2556,psychology,A,A,True
llama3.1-8b,T2,2557,psychology,H,H,True
llama3.1-8b,T2,2558,psychology,J,J,True
llama3.1-8b,T2,2560,psychology,G,A,False
llama3.1-8b,T2,2562,psychology,J,D,False
llama3.1-8b,T2,2564,psychology,J,D,False
llama3.1-8b,T2,2566,psychology,H,B,False
llama3.1-8b,T2,2568,psychology,B,E,False
llama3.1-8b,T2,2569,psychology,H,A,False
llama3.1-8b,T2,2571,psychology,E,E,True
llama3.1-8b,T2,2572,psychology,C,G,False
llama3.1-8b,T2,2573,psychology,H,B,False
llama3.1-8b,T2,2577,psychology,H,H,True
llama3.1-8b,T2,2578,psychology,A,A,True
llama3.1-8b,T2,2579,psychology,C,B,False
llama3.1-8b,T2,2581,psychology,J,B,False
llama3.1-8b,T2,2584,psychology,G,I,False
llama3.1-8b,T2,2586,psychology,C,C,True
llama3.1-8b,T2,2587,psychology,C,C,True
llama3.1-8b,T2,2588,psychology,G,C,False
llama3.1-8b,T2,2589,psychology,C,C,True
llama3.1-8b,T2,2590,psychology,J,B,False
llama3.1-8b,T2,2591,psychology,G,G,True
llama3.1-8b,T2,2593,psychology,H,F,False
llama3.1-8b,T2,2596,psychology,G,G,True
llama3.1-8b,T2,2597,psychology,A,A,True
llama3.1-8b,T2,2598,psychology,F,F,True
llama3.1-8b,T2,2599,psychology,F,A,False
llama3.1-8b,T2,2600,psychology,B,B,True
llama3.1-8b,T2,2601,psychology,J,J,True
llama3.1-8b,T2,2603,psychology,D,D,True
llama3.1-8b,T2,2604,psychology,E,D,False
llama3.1-8b,T2,2605,psychology,H,H,True
llama3.1-8b,T2,2606,psychology,F,F,True
llama3.1-8b,T2,2609,psychology,B,B,True
llama3.1-8b,T2,2610,psychology,J,J,True
llama3.1-8b,T2,2611,psychology,G,G,True
llama3.1-8b,T2,2612,psychology,E,E,True
llama3.1-8b,T2,2613,psychology,E,E,True
llama3.1-8b,T2,2614,psychology,G,G,True
llama3.1-8b,T2,2616,psychology,B,B,True
llama3.1-8b,T2,2617,psychology,C,C,True
llama3.1-8b,T2,2618,psychology,G,F,False
llama3.1-8b,T2,2619,psychology,B,F,False
llama3.1-8b,T2,2620,psychology,I,H,False
llama3.1-8b,T2,2621,psychology,F,F,True
llama3.1-8b,T2,2622,psychology,A,A,True
llama3.1-8b,T2,2625,psychology,G,G,True
llama3.1-8b,T2,2626,psychology,G,J,False
llama3.1-8b,T2,2632,psychology,F,E,False
llama3.1-8b,T2,2635,psychology,J,J,True
llama3.1-8b,T2,2639,psychology,A,H,False
llama3.1-8b,T2,2642,psychology,A,A,True
llama3.1-8b,T2,2644,psychology,H,J,False
llama3.1-8b,T2,2645,psychology,J,J,True
llama3.1-8b,T2,2646,psychology,A,I,False
llama3.1-8b,T2,2647,psychology,H,J,False
llama3.1-8b,T2,2649,psychology,E,I,False
llama3.1-8b,T2,2650,psychology,H,H,True
llama3.1-8b,T2,2651,psychology,B,D,False
llama3.1-8b,T2,2652,psychology,H,B,False
llama3.1-8b,T2,2653,psychology,G,G,True
llama3.1-8b,T2,2654,psychology,H,H,True
llama3.1-8b,T2,2655,psychology,I,A,False
llama3.1-8b,T2,2657,psychology,D,C,False
llama3.1-8b,T2,2658,psychology,C,G,False
llama3.1-8b,T2,2659,psychology,G,I,False
llama3.1-8b,T2,2661,psychology,B,B,True
llama3.1-8b,T2,2663,psychology,C,C,True
llama3.1-8b,T2,2666,psychology,B,B,True
llama3.1-8b,T2,2667,psychology,G,J,False
llama3.1-8b,T2,2668,psychology,E,E,True
llama3.1-8b,T2,2671,psychology,A,A,True
llama3.1-8b,T2,2672,psychology,E,E,True
llama3.1-8b,T2,2673,psychology,A,A,True
llama3.1-8b,T2,2674,psychology,F,F,True
llama3.1-8b,T2,2675,psychology,B,B,True
llama3.1-8b,T2,2677,psychology,G,H,False
llama3.1-8b,T2,2678,psychology,G,F,False
llama3.1-8b,T2,2679,psychology,J,G,False
llama3.1-8b,T2,2681,psychology,I,I,True
llama3.1-8b,T2,2682,psychology,H,H,True
llama3.1-8b,T2,2684,psychology,J,F,False
llama3.1-8b,T2,2687,psychology,B,D,False
llama3.1-8b,T2,2688,psychology,D,D,True
llama3.1-8b,T2,2692,psychology,G,G,True
llama3.1-8b,T2,2694,psychology,G,F,False
llama3.1-8b,T2,2695,psychology,B,E,False
llama3.1-8b,T2,2696,psychology,E,E,True
llama3.1-8b,T2,2699,psychology,B,C,False
llama3.1-8b,T2,2702,psychology,G,C,False
llama3.1-8b,T2,2703,psychology,H,H,True
llama3.1-8b,T2,2704,psychology,C,H,False
llama3.1-8b,T2,2709,psychology,G,J,False
llama3.1-8b,T2,2711,psychology,E,E,True
llama3.1-8b,T2,2712,psychology,F,H,False
llama3.1-8b,T2,2713,psychology,C,C,True
llama3.1-8b,T2,2714,psychology,B,B,True
llama3.1-8b,T2,2716,psychology,A,C,False
llama3.1-8b,T2,2718,psychology,H,H,True
llama3.1-8b,T2,2719,psychology,D,D,True
llama3.1-8b,T2,2724,psychology,D,D,True
llama3.1-8b,T2,2725,psychology,F,F,True
llama3.1-8b,T2,2727,psychology,D,D,True
llama3.1-8b,T2,2728,psychology,B,J,False
llama3.1-8b,T2,2731,psychology,G,I,False
llama3.1-8b,T2,2732,psychology,E,E,True
llama3.1-8b,T2,2733,psychology,J,B,False
llama3.1-8b,T2,2735,psychology,B,B,True
llama3.1-8b,T2,2736,psychology,D,D,True
llama3.1-8b,T2,2737,psychology,H,F,False
llama3.1-8b,T2,2739,psychology,I,H,False
llama3.1-8b,T2,2741,psychology,F,F,True
llama3.1-8b,T2,2742,psychology,H,H,True
llama3.1-8b,T2,2743,psychology,A,D,False
llama3.1-8b,T2,2744,psychology,F,F,True
llama3.1-8b,T2,2745,psychology,F,F,True
llama3.1-8b,T2,2746,psychology,I,I,True
llama3.1-8b,T2,2747,psychology,E,E,True
llama3.1-8b,T2,2748,psychology,F,F,True
llama3.1-8b,T2,2749,psychology,J,C,False
llama3.1-8b,T2,2750,psychology,B,B,True
llama3.1-8b,T2,2751,psychology,G,G,True
llama3.1-8b,T2,2752,psychology,D,D,True
llama3.1-8b,T2,2753,psychology,I,I,True
llama3.1-8b,T2,2754,psychology,G,H,False
llama3.1-8b,T2,2756,psychology,E,E,True
llama3.1-8b,T2,2758,psychology,J,I,False
llama3.1-8b,T2,2762,psychology,B,B,True
llama3.1-8b,T2,2763,psychology,D,D,True
llama3.1-8b,T2,2765,psychology,B,E,False
llama3.1-8b,T2,2766,psychology,I,I,True
llama3.1-8b,T2,2768,psychology,E,H,False
llama3.1-8b,T2,2769,psychology,H,E,False
llama3.1-8b,T2,2770,psychology,G,G,True
llama3.1-8b,T2,2775,psychology,E,G,False
llama3.1-8b,T2,2778,psychology,C,A,False
llama3.1-8b,T2,2781,psychology,D,D,True
llama3.1-8b,T2,2782,psychology,D,D,True
llama3.1-8b,T2,2783,psychology,F,I,False
llama3.1-8b,T2,2784,psychology,A,A,True
llama3.1-8b,T2,2785,psychology,E,E,True
llama3.1-8b,T2,2786,psychology,B,B,True
llama3.1-8b,T2,2787,psychology,G,G,True
llama3.1-8b,T2,2788,psychology,B,B,True
llama3.1-8b,T2,2789,psychology,G,G,True
llama3.1-8b,T2,2790,psychology,B,F,False
llama3.1-8b,T2,2792,psychology,B,E,False
llama3.1-8b,T2,2794,psychology,E,B,False
llama3.1-8b,T2,2797,psychology,H,H,True
llama3.1-8b,T2,2798,psychology,B,B,True
llama3.1-8b,T2,2799,psychology,I,I,True
llama3.1-8b,T2,2800,psychology,C,C,True
llama3.1-8b,T2,2802,psychology,G,G,True
llama3.1-8b,T2,6827,economics,C,A,False
llama3.1-8b,T2,6829,economics,D,I,False
llama3.1-8b,T2,6833,economics,J,B,False
llama3.1-8b,T2,6834,economics,H,I,False
llama3.1-8b,T2,6836,economics,I,E,False
llama3.1-8b,T2,6837,economics,F,A,False
llama3.1-8b,T2,6839,economics,A,D,False
llama3.1-8b,T2,6840,economics,G,G,True
llama3.1-8b,T2,6842,economics,H,A,False
llama3.1-8b,T2,6843,economics,H,E,False
llama3.1-8b,T2,6844,economics,D,H,False
llama3.1-8b,T2,6846,economics,H,A,False
llama3.1-8b,T2,6853,economics,B,F,False
llama3.1-8b,T2,6854,economics,H,I,False
llama3.1-8b,T2,6857,economics,A,A,True
llama3.1-8b,T2,6858,economics,C,C,True
llama3.1-8b,T2,6859,economics,J,G,False
llama3.1-8b,T2,6860,economics,B,J,False
llama3.1-8b,T2,6864,economics,D,D,True
llama3.1-8b,T2,6865,economics,J,H,False
llama3.1-8b,T2,6866,economics,E,G,False
llama3.1-8b,T2,6867,economics,C,C,True
llama3.1-8b,T2,6869,economics,E,C,False
llama3.1-8b,T2,6872,economics,C,C,True
llama3.1-8b,T2,6873,economics,I,I,True
llama3.1-8b,T2,6875,economics,A,A,True
llama3.1-8b,T2,6876,economics,H,A,False
llama3.1-8b,T2,6877,economics,E,E,True
llama3.1-8b,T2,6878,economics,E,C,False
llama3.1-8b,T2,6879,economics,G,G,True
llama3.1-8b,T2,6880,economics,E,D,False
llama3.1-8b,T2,6881,economics,F,G,False
llama3.1-8b,T2,6882,economics,J,J,True
llama3.1-8b,T2,6883,economics,J,C,False
llama3.1-8b,T2,6887,economics,I,I,True
llama3.1-8b,T2,6888,economics,G,G,True
llama3.1-8b,T2,6889,economics,H,H,True
llama3.1-8b,T2,6894,economics,J,F,False
llama3.1-8b,T2,6895,economics,B,J,False
llama3.1-8b,T2,6896,economics,H,F,False
llama3.1-8b,T2,6897,economics,H,B,False
llama3.1-8b,T2,6900,economics,C,C,True
llama3.1-8b,T2,6905,economics,H,I,False
llama3.1-8b,T2,6906,economics,E,E,True
llama3.1-8b,T2,6908,economics,J,C,False
llama3.1-8b,T2,6909,economics,H,C,False
llama3.1-8b,T2,6910,economics,H,J,False
llama3.1-8b,T2,6912,economics,F,B,False
llama3.1-8b,T2,6913,economics,F,C,False
llama3.1-8b,T2,6917,economics,J,J,True
llama3.1-8b,T2,6918,economics,A,A,True
llama3.1-8b,T2,6919,economics,A,A,True
llama3.1-8b,T2,6921,economics,A,A,True
llama3.1-8b,T2,6923,economics,H,B,False
llama3.1-8b,T2,6929,economics,C,B,False
llama3.1-8b,T2,6930,economics,G,G,True
llama3.1-8b,T2,6931,economics,J,C,False
llama3.1-8b,T2,6932,economics,G,I,False
llama3.1-8b,T2,6933,economics,C,C,True
llama3.1-8b,T2,6934,economics,E,E,True
llama3.1-8b,T2,6935,economics,G,G,True
llama3.1-8b,T2,6936,economics,E,E,True
llama3.1-8b,T2,6937,economics,G,E,False
llama3.1-8b,T2,6938,economics,D,D,True
llama3.1-8b,T2,6939,economics,J,H,False
llama3.1-8b,T2,6941,economics,J,J,True
llama3.1-8b,T2,6944,economics,A,A,True
llama3.1-8b,T2,6946,economics,H,H,True
llama3.1-8b,T2,6947,economics,I,I,True
llama3.1-8b,T2,6948,economics,A,D,False
llama3.1-8b,T2,6950,economics,J,J,True
llama3.1-8b,T2,6951,economics,B,J,False
llama3.1-8b,T2,6952,economics,F,F,True
llama3.1-8b,T2,6953,economics,I,I,True
llama3.1-8b,T2,6955,economics,J,G,False
llama3.1-8b,T2,6956,economics,H,H,True
llama3.1-8b,T2,6958,economics,A,B,False
llama3.1-8b,T2,6959,economics,G,G,True
llama3.1-8b,T2,6965,economics,F,B,False
llama3.1-8b,T2,6966,economics,G,A,False
llama3.1-8b,T2,6970,economics,I,B,False
llama3.1-8b,T2,6971,economics,G,J,False
llama3.1-8b,T2,6973,economics,D,F,False
llama3.1-8b,T2,6974,economics,A,A,True
llama3.1-8b,T2,6975,economics,A,E,False
llama3.1-8b,T2,6976,economics,B,B,True
llama3.1-8b,T2,6977,economics,I,I,True
llama3.1-8b,T2,6978,economics,F,G,False
llama3.1-8b,T2,6979,economics,E,E,True
llama3.1-8b,T2,6980,economics,G,G,True
llama3.1-8b,T2,6981,economics,B,J,False
llama3.1-8b,T2,6982,economics,H,H,True
llama3.1-8b,T2,6984,economics,F,F,True
llama3.1-8b,T2,6986,economics,A,A,True
llama3.1-8b,T2,6987,economics,H,H,True
llama3.1-8b,T2,6988,economics,I,E,False
llama3.1-8b,T2,6996,economics,A,A,True
llama3.1-8b,T2,6998,economics,E,H,False
llama3.1-8b,T2,6999,economics,A,A,True
llama3.1-8b,T2,7000,economics,J,H,False
llama3.1-8b,T2,7002,economics,C,C,True
llama3.1-8b,T2,7003,economics,C,A,False
llama3.1-8b,T2,7005,economics,I,I,True
llama3.1-8b,T2,7009,economics,I,D,False
llama3.1-8b,T2,7012,economics,B,B,True
llama3.1-8b,T2,7014,economics,J,B,False
llama3.1-8b,T2,7015,economics,E,E,True
llama3.1-8b,T2,7018,economics,E,E,True
llama3.1-8b,T2,7019,economics,F,F,True
llama3.1-8b,T2,7020,economics,D,J,False
llama3.1-8b,T2,7021,economics,C,C,True
llama3.1-8b,T2,7022,economics,J,J,True
llama3.1-8b,T2,7023,economics,B,C,False
llama3.1-8b,T2,7026,economics,E,E,True
llama3.1-8b,T2,7027,economics,A,B,False
llama3.1-8b,T2,7032,economics,B,C,False
llama3.1-8b,T2,7033,economics,F,I,False
llama3.1-8b,T2,7034,economics,E,D,False
llama3.1-8b,T2,7035,economics,H,H,True
llama3.1-8b,T2,7037,economics,F,F,True
llama3.1-8b,T2,7038,economics,F,E,False
llama3.1-8b,T2,7040,economics,F,I,False
llama3.1-8b,T2,7041,economics,G,A,False
llama3.1-8b,T2,7042,economics,H,H,True
llama3.1-8b,T2,7043,economics,F,C,False
llama3.1-8b,T2,7044,economics,F,C,False
llama3.1-8b,T2,7050,economics,B,B,True
llama3.1-8b,T2,7051,economics,F,J,False
llama3.1-8b,T2,7052,economics,H,D,False
llama3.1-8b,T2,7053,economics,G,G,True
llama3.1-8b,T2,7054,economics,B,C,False
llama3.1-8b,T2,7056,economics,D,C,False
llama3.1-8b,T2,7057,economics,G,G,True
llama3.1-8b,T2,7059,economics,H,I,False
llama3.1-8b,T2,7064,economics,H,A,False
llama3.1-8b,T2,7065,economics,J,J,True
llama3.1-8b,T2,7066,economics,D,C,False
llama3.1-8b,T2,7068,economics,B,D,False
llama3.1-8b,T2,7073,economics,B,E,False
llama3.1-8b,T2,7075,economics,A,F,False
llama3.1-8b,T2,7076,economics,J,J,True
llama3.1-8b,T2,7077,economics,F,J,False
llama3.1-8b,T2,7078,economics,F,F,True
llama3.1-8b,T2,7079,economics,F,F,True
llama3.1-8b,T2,7081,economics,D,D,True
llama3.1-8b,T2,7082,economics,J,J,True
llama3.1-8b,T2,7083,economics,E,A,False
llama3.1-8b,T2,7086,economics,G,F,False
llama3.1-8b,T2,7087,economics,B,B,True
llama3.1-8b,T2,7088,economics,E,I,False
llama3.1-8b,T2,7089,economics,H,H,True
llama3.1-8b,T2,7090,economics,J,J,True
llama3.1-8b,T2,7091,economics,E,E,True
llama3.1-8b,T2,7092,economics,G,G,True
llama3.1-8b,T2,7093,economics,G,B,False
llama3.1-8b,T2,7094,economics,A,I,False
llama3.1-8b,T2,7097,economics,F,B,False
llama3.1-8b,T2,7107,economics,G,B,False
llama3.1-8b,T2,7108,economics,H,H,True
llama3.1-8b,T2,7109,economics,F,F,True
llama3.1-8b,T2,7110,economics,I,I,True
llama3.1-8b,T2,7111,economics,F,F,True
llama3.1-8b,T2,7112,economics,B,G,False
llama3.1-8b,T2,7114,economics,J,G,False
llama3.1-8b,T2,7115,economics,B,A,False
llama3.1-8b,T2,7116,economics,H,J,False
llama3.1-8b,T2,7119,economics,J,J,True
llama3.1-8b,T2,7123,economics,G,F,False
llama3.1-8b,T2,7124,economics,J,B,False
llama3.1-8b,T2,7126,economics,J,J,True
llama3.1-8b,T2,7127,economics,F,F,True
llama3.1-8b,T2,7128,economics,D,J,False
llama3.1-8b,T2,7129,economics,I,I,True
llama3.1-8b,T2,7133,economics,H,C,False
llama3.1-8b,T2,7134,economics,B,B,True
llama3.1-8b,T2,7135,economics,A,D,False
llama3.1-8b,T2,7136,economics,H,H,True
llama3.1-8b,T2,7137,economics,F,H,False
llama3.1-8b,T2,7138,economics,D,D,True
llama3.1-8b,T2,7139,economics,I,I,True
llama3.1-8b,T2,7140,economics,D,A,False
llama3.1-8b,T2,7142,economics,C,C,True
llama3.1-8b,T2,7146,economics,D,D,True
llama3.1-8b,T2,7147,economics,D,D,True
llama3.1-8b,T2,7148,economics,G,G,True
llama3.1-8b,T2,7149,economics,D,D,True
llama3.1-8b,T2,7150,economics,E,H,False
llama3.1-8b,T2,7153,economics,C,C,True
llama3.1-8b,T2,7158,economics,C,G,False
llama3.1-8b,T2,7159,economics,B,H,False
llama3.1-8b,T2,7160,economics,A,D,False
llama3.1-8b,T2,7165,economics,F,F,True
llama3.1-8b,T2,7167,economics,G,J,False
llama3.1-8b,T2,7169,economics,C,C,True
llama3.1-8b,T2,7170,economics,G,H,False
llama3.1-8b,T2,7172,economics,B,B,True
llama3.1-8b,T2,7174,economics,J,D,False
llama3.1-8b,T2,7175,economics,B,B,True
llama3.1-8b,T2,7176,economics,G,D,False
llama3.1-8b,T2,7177,economics,G,C,False
llama3.1-8b,T2,7181,economics,H,D,False
llama3.1-8b,T2,7182,economics,H,F,False
llama3.1-8b,T2,7183,economics,J,A,False
llama3.1-8b,T2,7186,economics,G,D,False
llama3.1-8b,T2,7188,economics,A,A,True
llama3.1-8b,T2,7191,economics,B,A,False
llama3.1-8b,T2,7194,economics,E,B,False
llama3.1-8b,T2,7196,economics,I,B,False
llama3.1-8b,T2,7198,economics,C,G,False
llama3.1-8b,T2,7200,economics,F,B,False
llama3.1-8b,T2,7201,economics,H,H,True
llama3.1-8b,T2,7203,economics,G,G,True
llama3.1-8b,T2,7204,economics,C,C,True
llama3.1-8b,T2,7208,economics,E,E,True
llama3.1-8b,T2,7210,economics,H,F,False
llama3.1-8b,T2,7211,economics,J,F,False
llama3.1-8b,T2,7213,economics,J,J,True
llama3.1-8b,T2,7215,economics,F,A,False
llama3.1-8b,T2,7216,economics,A,A,True
llama3.1-8b,T2,7217,economics,H,B,False
llama3.1-8b,T2,7218,economics,G,E,False
llama3.1-8b,T2,7219,economics,G,G,True
llama3.1-8b,T2,7223,economics,D,A,False
llama3.1-8b,T2,7225,economics,B,H,False
llama3.1-8b,T2,7228,economics,H,C,False
llama3.1-8b,T2,7233,economics,A,A,True
llama3.1-8b,T2,7234,economics,E,A,False
llama3.1-8b,T2,7235,economics,F,I,False
llama3.1-8b,T2,7236,economics,D,D,True
llama3.1-8b,T2,7237,economics,C,I,False
llama3.1-8b,T2,7238,economics,F,E,False
llama3.1-8b,T2,7239,economics,E,F,False
llama3.1-8b,T2,7240,economics,H,B,False
llama3.1-8b,T2,7241,economics,G,I,False
llama3.1-8b,T2,7243,economics,D,D,True
llama3.1-8b,T2,7245,economics,F,B,False
llama3.1-8b,T2,7246,economics,B,B,True
llama3.1-8b,T2,7248,economics,H,A,False
llama3.1-8b,T2,7249,economics,F,J,False
llama3.1-8b,T2,7250,economics,J,G,False
llama3.1-8b,T2,7251,economics,J,E,False
llama3.1-8b,T2,7253,economics,I,A,False
llama3.1-8b,T2,7256,economics,D,D,True
llama3.1-8b,T2,7258,economics,J,J,True
llama3.1-8b,T2,7259,economics,C,C,True
llama3.1-8b,T2,7260,economics,J,G,False
llama3.1-8b,T2,7262,economics,J,B,False
llama3.1-8b,T2,7263,economics,F,F,True
llama3.1-8b,T2,7264,economics,G,J,False
llama3.1-8b,T2,7265,economics,E,E,True
llama3.1-8b,T2,7266,economics,H,I,False
llama3.1-8b,T2,7267,economics,B,I,False
llama3.1-8b,T2,7268,economics,H,H,True
llama3.1-8b,T2,7269,economics,C,C,True
llama3.1-8b,T2,7270,economics,E,E,True
llama3.1-8b,T2,7271,economics,H,H,True
llama3.1-8b,T2,7273,economics,I,B,False
llama3.1-8b,T2,7275,economics,E,E,True
llama3.1-8b,T2,7277,economics,B,B,True
llama3.1-8b,T2,7278,economics,J,J,True
llama3.1-8b,T2,7279,economics,E,E,True
llama3.1-8b,T2,7280,economics,F,F,True
llama3.1-8b,T2,7282,economics,F,F,True
llama3.1-8b,T2,7283,economics,E,E,True
llama3.1-8b,T2,7284,economics,G,C,False
llama3.1-8b,T2,7285,economics,E,E,True
llama3.1-8b,T2,7286,economics,H,H,True
llama3.1-8b,T2,7287,economics,B,I,False
llama3.1-8b,T2,7290,economics,J,J,True
llama3.1-8b,T2,7291,economics,G,G,True
llama3.1-8b,T2,7295,economics,A,A,True
llama3.1-8b,T2,7296,economics,B,D,False
llama3.1-8b,T2,7297,economics,I,I,True
llama3.1-8b,T2,7298,economics,C,D,False
llama3.1-8b,T2,7299,economics,F,H,False
llama3.1-8b,T2,7300,economics,G,G,True
llama3.1-8b,T2,7302,economics,B,G,False
llama3.1-8b,T2,7304,economics,C,C,True
llama3.1-8b,T2,7309,economics,C,J,False
llama3.1-8b,T2,7310,economics,I,I,True
llama3.1-8b,T2,7313,economics,E,E,True
llama3.1-8b,T2,7314,economics,J,J,True
llama3.1-8b,T2,7315,economics,E,H,False
llama3.1-8b,T2,7317,economics,B,F,False
llama3.1-8b,T2,7318,economics,D,F,False
llama3.1-8b,T2,7325,economics,C,C,True
llama3.1-8b,T2,7326,economics,E,E,True
llama3.1-8b,T2,7327,economics,C,C,True
llama3.1-8b,T2,7328,economics,G,A,False
llama3.1-8b,T2,7329,economics,B,B,True
llama3.1-8b,T2,7331,economics,F,F,True
llama3.1-8b,T2,7339,economics,F,F,True
llama3.1-8b,T2,7341,economics,B,F,False
llama3.1-8b,T2,7342,economics,G,F,False
llama3.1-8b,T2,7344,economics,J,J,True
llama3.1-8b,T2,7345,economics,F,G,False
llama3.1-8b,T2,7346,economics,E,C,False
llama3.1-8b,T2,7348,economics,J,I,False
llama3.1-8b,T2,7351,economics,C,F,False
llama3.1-8b,T2,7352,economics,J,F,False
llama3.1-8b,T2,7358,economics,G,A,False
llama3.1-8b,T2,7359,economics,J,B,False
llama3.1-8b,T2,7360,economics,H,H,True
llama3.1-8b,T2,7361,economics,G,I,False
llama3.1-8b,T2,7363,economics,E,G,False
llama3.1-8b,T2,7365,economics,J,F,False
llama3.1-8b,T2,7366,economics,I,D,False
llama3.1-8b,T2,7370,economics,B,E,False
llama3.1-8b,T2,7371,economics,J,C,False
llama3.1-8b,T2,7372,economics,G,F,False
llama3.1-8b,T2,7374,economics,J,J,True
llama3.1-8b,T2,7375,economics,H,I,False
llama3.1-8b,T2,7376,economics,H,H,True
llama3.1-8b,T2,7377,economics,B,F,False
llama3.1-8b,T2,7380,economics,F,F,True
llama3.1-8b,T2,7383,economics,E,G,False
llama3.1-8b,T2,7384,economics,B,B,True
llama3.1-8b,T2,7385,economics,H,H,True
llama3.1-8b,T2,7386,economics,G,G,True
llama3.1-8b,T2,7388,economics,A,A,True
llama3.1-8b,T2,7391,economics,A,A,True
llama3.1-8b,T2,7392,economics,B,B,True
llama3.1-8b,T2,7394,economics,F,C,False
llama3.1-8b,T2,7396,economics,G,G,True
llama3.1-8b,T2,7398,economics,F,F,True
llama3.1-8b,T2,7399,economics,A,I,False
llama3.1-8b,T2,7400,economics,C,C,True
llama3.1-8b,T2,7402,economics,D,B,False
llama3.1-8b,T2,7403,economics,A,B,False
llama3.1-8b,T2,7404,economics,J,J,True
llama3.1-8b,T2,7405,economics,C,C,True
llama3.1-8b,T2,7406,economics,H,J,False
llama3.1-8b,T2,7407,economics,G,G,True
llama3.1-8b,T2,7408,economics,A,A,True
llama3.1-8b,T2,7409,economics,C,C,True
llama3.1-8b,T2,7410,economics,C,D,False
llama3.1-8b,T2,7411,economics,D,D,True
llama3.1-8b,T2,7412,economics,J,J,True
llama3.1-8b,T2,7415,economics,H,H,True
llama3.1-8b,T2,7417,economics,A,I,False
llama3.1-8b,T2,7418,economics,D,D,True
llama3.1-8b,T2,7419,economics,J,J,True
llama3.1-8b,T2,7428,economics,G,F,False
llama3.1-8b,T2,7429,economics,E,E,True
llama3.1-8b,T2,7430,economics,J,H,False
llama3.1-8b,T2,7431,economics,H,E,False
llama3.1-8b,T2,7433,economics,G,H,False
llama3.1-8b,T2,7434,economics,G,G,True
llama3.1-8b,T2,7436,economics,D,D,True
llama3.1-8b,T2,7437,economics,J,A,False
llama3.1-8b,T2,7439,economics,G,G,True
llama3.1-8b,T2,7442,economics,F,I,False
llama3.1-8b,T2,7443,economics,J,F,False
llama3.1-8b,T2,7444,economics,C,A,False
llama3.1-8b,T2,7445,economics,I,I,True
llama3.1-8b,T2,7447,economics,G,J,False
llama3.1-8b,T2,7449,economics,H,G,False
llama3.1-8b,T2,7450,economics,I,H,False
llama3.1-8b,T2,7452,economics,C,C,True
llama3.1-8b,T2,7453,economics,I,I,True
llama3.1-8b,T2,7456,economics,C,F,False
llama3.1-8b,T2,7459,economics,C,C,True
llama3.1-8b,T2,7460,economics,G,G,True
llama3.1-8b,T2,7461,economics,G,G,True
llama3.1-8b,T2,7464,economics,H,H,True
llama3.1-8b,T2,7466,economics,H,H,True
llama3.1-8b,T2,7469,economics,G,G,True
llama3.1-8b,T2,7470,economics,E,E,True
llama3.1-8b,T2,7471,economics,F,C,False
llama3.1-8b,T2,7473,economics,C,H,False
llama3.1-8b,T2,7474,economics,F,A,False
llama3.1-8b,T2,7477,economics,I,I,True
llama3.1-8b,T2,7479,economics,J,J,True
llama3.1-8b,T2,7483,economics,D,I,False
llama3.1-8b,T2,7484,economics,I,B,False
llama3.1-8b,T2,7485,economics,C,F,False
llama3.1-8b,T2,7492,economics,F,I,False
llama3.1-8b,T2,7493,economics,G,G,True
llama3.1-8b,T2,7494,economics,E,J,False
llama3.1-8b,T2,7496,economics,H,G,False
llama3.1-8b,T2,7500,economics,B,H,False
llama3.1-8b,T2,7501,economics,B,G,False
llama3.1-8b,T2,7502,economics,F,F,True
llama3.1-8b,T2,7504,economics,H,C,False
llama3.1-8b,T2,7505,economics,J,J,True
llama3.1-8b,T2,7508,economics,H,C,False
llama3.1-8b,T2,7509,economics,E,E,True
llama3.1-8b,T2,7510,economics,F,I,False
llama3.1-8b,T2,7512,economics,H,J,False
llama3.1-8b,T2,7514,economics,J,C,False
llama3.1-8b,T2,7516,economics,G,A,False
llama3.1-8b,T2,7521,economics,H,H,True
llama3.1-8b,T2,7522,economics,J,F,False
llama3.1-8b,T2,7523,economics,C,C,True
llama3.1-8b,T2,7524,economics,I,I,True
llama3.1-8b,T2,7525,economics,C,C,True
llama3.1-8b,T2,7529,economics,G,G,True
llama3.1-8b,T2,7530,economics,I,I,True
llama3.1-8b,T2,7532,economics,F,A,False
llama3.1-8b,T2,7533,economics,E,E,True
llama3.1-8b,T2,7534,economics,E,H,False
llama3.1-8b,T2,7536,economics,B,F,False
llama3.1-8b,T2,7537,economics,I,B,False
llama3.1-8b,T2,7538,economics,B,B,True
llama3.1-8b,T2,7539,economics,F,C,False
llama3.1-8b,T2,7540,economics,F,G,False
llama3.1-8b,T2,7542,economics,H,A,False
llama3.1-8b,T2,7543,economics,D,H,False
llama3.1-8b,T2,7544,economics,B,I,False
llama3.1-8b,T2,7545,economics,A,A,True
llama3.1-8b,T2,7546,economics,A,A,True
llama3.1-8b,T2,7547,economics,G,G,True
llama3.1-8b,T2,7548,economics,B,B,True
llama3.1-8b,T2,7549,economics,D,D,True
llama3.1-8b,T2,7550,economics,I,I,True
llama3.1-8b,T2,7551,economics,D,D,True
llama3.1-8b,T2,7552,economics,J,C,False
llama3.1-8b,T2,7554,economics,E,E,True
llama3.1-8b,T2,7556,economics,J,D,False
llama3.1-8b,T2,7560,economics,I,J,False
llama3.1-8b,T2,7561,economics,G,G,True
llama3.1-8b,T2,7562,economics,I,E,False
llama3.1-8b,T2,7564,economics,E,D,False
llama3.1-8b,T2,7565,economics,G,D,False
llama3.1-8b,T2,7566,economics,D,C,False
llama3.1-8b,T2,7567,economics,F,E,False
llama3.1-8b,T2,7568,economics,J,D,False
llama3.1-8b,T2,7572,economics,I,E,False
llama3.1-8b,T2,7573,economics,F,F,True
llama3.1-8b,T2,7575,economics,A,D,False
llama3.1-8b,T2,7580,economics,E,J,False
llama3.1-8b,T2,7582,economics,B,E,False
llama3.1-8b,T2,7583,economics,F,E,False
llama3.1-8b,T2,7584,economics,J,J,True
llama3.1-8b,T2,7586,economics,G,G,True
llama3.1-8b,T2,7590,economics,J,A,False
llama3.1-8b,T2,7592,economics,J,G,False
llama3.1-8b,T2,7593,economics,G,B,False
llama3.1-8b,T2,7594,economics,G,C,False
llama3.1-8b,T2,7596,economics,G,G,True
llama3.1-8b,T2,7599,economics,J,J,True
llama3.1-8b,T2,7600,economics,C,C,True
llama3.1-8b,T2,7602,economics,B,B,True
llama3.1-8b,T2,7603,economics,B,B,True
llama3.1-8b,T2,7604,economics,D,A,False
llama3.1-8b,T2,7606,economics,H,H,True
llama3.1-8b,T2,7607,economics,J,J,True
llama3.1-8b,T2,7608,economics,B,D,False
llama3.1-8b,T2,7610,economics,D,A,False
llama3.1-8b,T2,7611,economics,E,E,True
llama3.1-8b,T2,7613,economics,G,G,True
llama3.1-8b,T2,7614,economics,G,J,False
llama3.1-8b,T2,7617,economics,H,D,False
llama3.1-8b,T2,7618,economics,A,A,True
llama3.1-8b,T2,7619,economics,H,B,False
llama3.1-8b,T2,7620,economics,G,G,True
llama3.1-8b,T2,7621,economics,J,A,False
llama3.1-8b,T2,7622,economics,J,B,False
llama3.1-8b,T2,7623,economics,B,D,False
llama3.1-8b,T2,7626,economics,G,G,True
llama3.1-8b,T2,7629,economics,G,A,False
llama3.1-8b,T2,7630,economics,I,I,True
llama3.1-8b,T2,7632,economics,G,D,False
llama3.1-8b,T2,7634,economics,C,H,False
llama3.1-8b,T2,7638,economics,H,E,False
llama3.1-8b,T2,7639,economics,H,D,False
llama3.1-8b,T2,7640,economics,H,G,False
llama3.1-8b,T2,7641,economics,H,A,False
llama3.1-8b,T2,7644,economics,G,D,False
llama3.1-8b,T2,7645,economics,G,D,False
llama3.1-8b,T2,7646,economics,J,J,True
llama3.1-8b,T2,7648,economics,E,I,False
llama3.1-8b,T2,7649,economics,G,G,True
llama3.1-8b,T2,7650,economics,H,H,True
llama3.1-8b,T2,7651,economics,B,B,True
llama3.1-8b,T2,7655,economics,I,F,False
llama3.1-8b,T2,7656,economics,A,J,False
llama3.1-8b,T2,7657,economics,J,D,False
llama3.1-8b,T2,7658,economics,H,I,False
llama3.1-8b,T2,7662,economics,B,F,False
llama3.1-8b,T2,7664,economics,B,B,True
llama3.1-8b,T2,7665,economics,C,E,False
llama3.1-8b,T2,7667,economics,B,B,True
llama3.1-8b,T2,7669,economics,E,E,True
llama3.1-8b,T2,7670,economics,E,H,False
llama3.1-8b,T2,7671,economics,J,J,True
llama3.1-8b,T2,7672,economics,E,H,False
llama3.1-8b,T2,7673,economics,E,E,True
llama3.1-8b,T2,7674,economics,A,A,True
llama3.1-8b,T2,7675,economics,H,H,True
llama3.1-8b,T2,7676,economics,B,B,True
llama3.1-8b,T2,7677,economics,E,E,True
llama3.1-8b,T2,7678,economics,B,B,True
llama3.1-8b,T2,7679,economics,H,B,False
llama3.1-8b,T2,7681,economics,F,F,True
llama3.1-8b,T2,7684,economics,H,I,False
llama3.1-8b,T2,7686,economics,E,J,False
llama3.1-8b,S5,9047,physics,I,B,False
llama3.1-8b,S5,9048,physics,I,J,False
llama3.1-8b,S5,9049,physics,I,F,False
llama3.1-8b,S5,9052,physics,I,C,False
llama3.1-8b,S5,9054,physics,A,H,False
llama3.1-8b,S5,9055,physics,I,F,False
llama3.1-8b,S5,9059,physics,I,B,False
llama3.1-8b,S5,9060,physics,I,A,False
llama3.1-8b,S5,9061,physics,B,C,False
llama3.1-8b,S5,9069,physics,I,G,False
llama3.1-8b,S5,9070,physics,I,D,False
llama3.1-8b,S5,9071,physics,I,D,False
llama3.1-8b,S5,9074,physics,I,H,False
llama3.1-8b,S5,9082,physics,I,E,False
llama3.1-8b,S5,9085,physics,I,I,True
llama3.1-8b,S5,9086,physics,I,G,False
llama3.1-8b,S5,9088,physics,I,G,False
llama3.1-8b,S5,9089,physics,I,D,False
llama3.1-8b,S5,9091,physics,I,A,False
llama3.1-8b,S5,9097,physics,I,A,False
llama3.1-8b,S5,9098,physics,I,A,False
llama3.1-8b,S5,9100,physics,I,B,False
llama3.1-8b,S5,9104,physics,I,J,False
llama3.1-8b,S5,9105,physics,I,B,False
llama3.1-8b,S5,9106,physics,I,E,False
llama3.1-8b,S5,9107,physics,I,A,False
llama3.1-8b,S5,9108,physics,I,G,False
llama3.1-8b,S5,9110,physics,I,B,False
llama3.1-8b,S5,9111,physics,I,B,False
llama3.1-8b,S5,9115,physics,I,J,False
llama3.1-8b,S5,9116,physics,I,A,False
llama3.1-8b,S5,9117,physics,I,F,False
llama3.1-8b,S5,9120,physics,A,D,False
llama3.1-8b,S5,9121,physics,A,H,False
llama3.1-8b,S5,9123,physics,A,A,True
llama3.1-8b,S5,9129,physics,I,F,False
llama3.1-8b,S5,9130,physics,I,J,False
llama3.1-8b,S5,9135,physics,I,E,False
llama3.1-8b,S5,9140,physics,I,D,False
llama3.1-8b,S5,9141,physics,I,A,False
llama3.1-8b,S5,9142,physics,I,G,False
llama3.1-8b,S5,9143,physics,I,H,False
llama3.1-8b,S5,9147,physics,I,J,False
llama3.1-8b,S5,9149,physics,I,I,True
llama3.1-8b,S5,9152,physics,I,D,False
llama3.1-8b,S5,9153,physics,I,H,False
llama3.1-8b,S5,9156,physics,I,A,False
llama3.1-8b,S5,9157,physics,I,C,False
llama3.1-8b,S5,9158,physics,I,E,False
llama3.1-8b,S5,9161,physics,I,A,False
llama3.1-8b,S5,9165,physics,I,B,False
llama3.1-8b,S5,9167,physics,I,C,False
llama3.1-8b,S5,9169,physics,I,F,False
llama3.1-8b,S5,9171,physics,I,F,False
llama3.1-8b,S5,9178,physics,I,D,False
llama3.1-8b,S5,9179,physics,I,G,False
llama3.1-8b,S5,9181,physics,I,A,False
llama3.1-8b,S5,9182,physics,I,F,False
llama3.1-8b,S5,9183,physics,I,H,False
llama3.1-8b,S5,9185,physics,I,J,False
llama3.1-8b,S5,9186,physics,I,B,False
llama3.1-8b,S5,9189,physics,I,J,False
llama3.1-8b,S5,9190,physics,I,F,False
llama3.1-8b,S5,9193,physics,I,D,False
llama3.1-8b,S5,9194,physics,I,C,False
llama3.1-8b,S5,9199,physics,I,E,False
llama3.1-8b,S5,9200,physics,I,E,False
llama3.1-8b,S5,9206,physics,I,E,False
llama3.1-8b,S5,9207,physics,I,A,False
llama3.1-8b,S5,9209,physics,A,G,False
llama3.1-8b,S5,9211,physics,I,B,False
llama3.1-8b,S5,9213,physics,A,H,False
llama3.1-8b,S5,9214,physics,I,J,False
llama3.1-8b,S5,9216,physics,I,D,False
llama3.1-8b,S5,9218,physics,I,C,False
llama3.1-8b,S5,9223,physics,I,J,False
llama3.1-8b,S5,9226,physics,I,C,False
llama3.1-8b,S5,9229,physics,B,A,False
llama3.1-8b,S5,9230,physics,I,G,False
llama3.1-8b,S5,9231,physics,I,D,False
llama3.1-8b,S5,9234,physics,I,D,False
llama3.1-8b,S5,9237,physics,I,A,False
llama3.1-8b,S5,9238,physics,I,B,False
llama3.1-8b,S5,9239,physics,I,B,False
llama3.1-8b,S5,9241,physics,I,C,False
llama3.1-8b,S5,9242,physics,I,A,False
llama3.1-8b,S5,9245,physics,I,J,False
llama3.1-8b,S5,9246,physics,I,J,False
llama3.1-8b,S5,9249,physics,J,J,True
llama3.1-8b,S5,9252,physics,I,D,False
llama3.1-8b,S5,9255,physics,I,D,False
llama3.1-8b,S5,9257,physics,A,D,False
llama3.1-8b,S5,9258,physics,I,C,False
llama3.1-8b,S5,9265,physics,I,D,False
llama3.1-8b,S5,9267,physics,I,F,False
llama3.1-8b,S5,9268,physics,F,F,True
llama3.1-8b,S5,9272,physics,I,J,False
llama3.1-8b,S5,9273,physics,I,A,False
llama3.1-8b,S5,9274,physics,I,B,False
llama3.1-8b,S5,9277,physics,I,A,False
llama3.1-8b,S5,9278,physics,I,E,False
llama3.1-8b,S5,9279,physics,I,E,False
llama3.1-8b,S5,9283,physics,I,G,False
llama3.1-8b,S5,9284,physics,A,I,False
llama3.1-8b,S5,9290,physics,I,I,True
llama3.1-8b,S5,9292,physics,I,E,False
llama3.1-8b,S5,9294,physics,I,B,False
llama3.1-8b,S5,9297,physics,I,J,False
llama3.1-8b,S5,9300,physics,I,H,False
llama3.1-8b,S5,9302,physics,I,D,False
llama3.1-8b,S5,9305,physics,I,H,False
llama3.1-8b,S5,9306,physics,I,F,False
llama3.1-8b,S5,9309,physics,I,F,False
llama3.1-8b,S5,9313,physics,I,D,False
llama3.1-8b,S5,9315,physics,I,E,False
llama3.1-8b,S5,9321,physics,I,I,True
llama3.1-8b,S5,9322,physics,I,E,False
llama3.1-8b,S5,9325,physics,I,B,False
llama3.1-8b,S5,9326,physics,I,B,False
llama3.1-8b,S5,9328,physics,I,I,True
llama3.1-8b,S5,9333,physics,A,A,True
llama3.1-8b,S5,9338,physics,I,J,False
llama3.1-8b,S5,9340,physics,I,I,True
llama3.1-8b,S5,9342,physics,I,J,False
llama3.1-8b,S5,9343,physics,I,H,False
llama3.1-8b,S5,9346,physics,I,A,False
llama3.1-8b,S5,9347,physics,I,C,False
llama3.1-8b,S5,9362,physics,A,D,False
llama3.1-8b,S5,9365,physics,A,A,True
llama3.1-8b,S5,9367,physics,I,J,False
llama3.1-8b,S5,9369,physics,I,C,False
llama3.1-8b,S5,9373,physics,I,G,False
llama3.1-8b,S5,9374,physics,I,D,False
llama3.1-8b,S5,9376,physics,I,H,False
llama3.1-8b,S5,9380,physics,I,A,False
llama3.1-8b,S5,9383,physics,I,I,True
llama3.1-8b,S5,9385,physics,A,A,True
llama3.1-8b,S5,9388,physics,I,I,True
llama3.1-8b,S5,9389,physics,I,F,False
llama3.1-8b,S5,9392,physics,I,E,False
llama3.1-8b,S5,9395,physics,I,F,False
llama3.1-8b,S5,9396,physics,I,D,False
llama3.1-8b,S5,9398,physics,I,G,False
llama3.1-8b,S5,9400,physics,I,H,False
llama3.1-8b,S5,9401,physics,I,J,False
llama3.1-8b,S5,9402,physics,I,F,False
llama3.1-8b,S5,9403,physics,I,G,False
llama3.1-8b,S5,9412,physics,I,G,False
llama3.1-8b,S5,9414,physics,I,G,False
llama3.1-8b,S5,9416,physics,I,D,False
llama3.1-8b,S5,9422,physics,I,B,False
llama3.1-8b,S5,9423,physics,A,J,False
llama3.1-8b,S5,9424,physics,I,J,False
llama3.1-8b,S5,9427,physics,I,B,False
llama3.1-8b,S5,9430,physics,I,E,False
llama3.1-8b,S5,9431,physics,I,G,False
llama3.1-8b,S5,9438,physics,I,B,False
llama3.1-8b,S5,9440,physics,I,I,True
llama3.1-8b,S5,9443,physics,I,B,False
llama3.1-8b,S5,9453,physics,I,C,False
llama3.1-8b,S5,9454,physics,I,I,True
llama3.1-8b,S5,9456,physics,I,I,True
llama3.1-8b,S5,9457,physics,B,J,False
llama3.1-8b,S5,9459,physics,I,G,False
llama3.1-8b,S5,9460,physics,E,F,False
llama3.1-8b,S5,9465,physics,A,B,False
llama3.1-8b,S5,9471,physics,I,G,False
llama3.1-8b,S5,9473,physics,I,F,False
llama3.1-8b,S5,9474,physics,I,G,False
llama3.1-8b,S5,9475,physics,I,C,False
llama3.1-8b,S5,9476,physics,A,A,True
llama3.1-8b,S5,9477,physics,I,D,False
llama3.1-8b,S5,9479,physics,I,D,False
llama3.1-8b,S5,9482,physics,I,H,False
llama3.1-8b,S5,9487,physics,I,H,False
llama3.1-8b,S5,9488,physics,I,G,False
llama3.1-8b,S5,9495,physics,I,J,False
llama3.1-8b,S5,9498,physics,I,C,False
llama3.1-8b,S5,9499,physics,I,A,False
llama3.1-8b,S5,9501,physics,I,G,False
llama3.1-8b,S5,9503,physics,I,D,False
llama3.1-8b,S5,9504,physics,I,G,False
llama3.1-8b,S5,9506,physics,I,G,False
llama3.1-8b,S5,9510,physics,I,D,False
llama3.1-8b,S5,9512,physics,I,C,False
llama3.1-8b,S5,9513,physics,I,I,True
llama3.1-8b,S5,9514,physics,I,D,False
llama3.1-8b,S5,9515,physics,I,A,False
llama3.1-8b,S5,9517,physics,I,A,False
llama3.1-8b,S5,9518,physics,I,H,False
llama3.1-8b,S5,9519,physics,I,E,False
llama3.1-8b,S5,9523,physics,I,F,False
llama3.1-8b,S5,9526,physics,I,C,False
llama3.1-8b,S5,9531,physics,I,F,False
llama3.1-8b,S5,9532,physics,I,E,False
llama3.1-8b,S5,9535,physics,I,H,False
llama3.1-8b,S5,9536,physics,I,B,False
llama3.1-8b,S5,9540,physics,I,G,False
llama3.1-8b,S5,9545,physics,I,C,False
llama3.1-8b,S5,9551,physics,I,B,False
llama3.1-8b,S5,9557,physics,I,E,False
llama3.1-8b,S5,9559,physics,B,H,False
llama3.1-8b,S5,9561,physics,I,F,False
llama3.1-8b,S5,9563,physics,I,J,False
llama3.1-8b,S5,9564,physics,I,I,True
llama3.1-8b,S5,9568,physics,I,G,False
llama3.1-8b,S5,9569,physics,I,C,False
llama3.1-8b,S5,9571,physics,I,G,False
llama3.1-8b,S5,9572,physics,F,C,False
llama3.1-8b,S5,9576,physics,I,B,False
llama3.1-8b,S5,9578,physics,I,A,False
llama3.1-8b,S5,9580,physics,I,E,False
llama3.1-8b,S5,9582,physics,I,B,False
llama3.1-8b,S5,9585,physics,D,D,True
llama3.1-8b,S5,9588,physics,I,B,False
llama3.1-8b,S5,9589,physics,I,A,False
llama3.1-8b,S5,9591,physics,I,H,False
llama3.1-8b,S5,9592,physics,I,J,False
llama3.1-8b,S5,9594,physics,I,E,False
llama3.1-8b,S5,9607,physics,I,A,False
llama3.1-8b,S5,9610,physics,I,A,False
llama3.1-8b,S5,9611,physics,I,E,False
llama3.1-8b,S5,9613,physics,I,C,False
llama3.1-8b,S5,9614,physics,I,E,False
llama3.1-8b,S5,9615,physics,I,J,False
llama3.1-8b,S5,9618,physics,I,B,False
llama3.1-8b,S5,9620,physics,I,D,False
llama3.1-8b,S5,9621,physics,I,B,False
llama3.1-8b,S5,9622,physics,I,F,False
llama3.1-8b,S5,9624,physics,I,I,True
llama3.1-8b,S5,9625,physics,I,I,True
llama3.1-8b,S5,9627,physics,I,C,False
llama3.1-8b,S5,9628,physics,I,B,False
llama3.1-8b,S5,9630,physics,I,F,False
llama3.1-8b,S5,9636,physics,I,C,False
llama3.1-8b,S5,9637,physics,I,F,False
llama3.1-8b,S5,9639,physics,A,A,True
llama3.1-8b,S5,9640,physics,I,F,False
llama3.1-8b,S5,9642,physics,I,J,False
llama3.1-8b,S5,9644,physics,A,I,False
llama3.1-8b,S5,9645,physics,I,I,True
llama3.1-8b,S5,9648,physics,B,E,False
llama3.1-8b,S5,9649,physics,I,A,False
llama3.1-8b,S5,9651,physics,I,A,False
llama3.1-8b,S5,9653,physics,I,A,False
llama3.1-8b,S5,9659,physics,I,J,False
llama3.1-8b,S5,9666,physics,I,E,False
llama3.1-8b,S5,9668,physics,I,F,False
llama3.1-8b,S5,9669,physics,G,G,True
llama3.1-8b,S5,9670,physics,I,E,False
llama3.1-8b,S5,9672,physics,I,I,True
llama3.1-8b,S5,9673,physics,I,F,False
llama3.1-8b,S5,9674,physics,I,C,False
llama3.1-8b,S5,9676,physics,I,G,False
llama3.1-8b,S5,9677,physics,I,C,False
llama3.1-8b,S5,9685,physics,A,G,False
llama3.1-8b,S5,9686,physics,I,H,False
llama3.1-8b,S5,9687,physics,I,G,False
llama3.1-8b,S5,9688,physics,I,H,False
llama3.1-8b,S5,9696,physics,I,E,False
llama3.1-8b,S5,9697,physics,I,H,False
llama3.1-8b,S5,9703,physics,I,B,False
llama3.1-8b,S5,9706,physics,I,E,False
llama3.1-8b,S5,9711,physics,B,D,False
llama3.1-8b,S5,9712,physics,I,C,False
llama3.1-8b,S5,9713,physics,I,D,False
llama3.1-8b,S5,9715,physics,I,E,False
llama3.1-8b,S5,9721,physics,I,J,False
llama3.1-8b,S5,9723,physics,I,H,False
llama3.1-8b,S5,9726,physics,I,I,True
llama3.1-8b,S5,9731,physics,I,D,False
llama3.1-8b,S5,9736,physics,I,E,False
llama3.1-8b,S5,9740,physics,I,F,False
llama3.1-8b,S5,9743,physics,I,H,False
llama3.1-8b,S5,9744,physics,I,I,True
llama3.1-8b,S5,9749,physics,C,A,False
llama3.1-8b,S5,9751,physics,I,G,False
llama3.1-8b,S5,9755,physics,I,D,False
llama3.1-8b,S5,9757,physics,I,A,False
llama3.1-8b,S5,9758,physics,B,J,False
llama3.1-8b,S5,9759,physics,I,H,False
llama3.1-8b,S5,9761,physics,I,B,False
llama3.1-8b,S5,9764,physics,I,D,False
llama3.1-8b,S5,9765,physics,I,I,True
llama3.1-8b,S5,9767,physics,I,A,False
llama3.1-8b,S5,9769,physics,A,E,False
llama3.1-8b,S5,9771,physics,I,F,False
llama3.1-8b,S5,9773,physics,I,E,False
llama3.1-8b,S5,9774,physics,I,D,False
llama3.1-8b,S5,9776,physics,F,D,False
llama3.1-8b,S5,9777,physics,B,A,False
llama3.1-8b,S5,9778,physics,I,E,False
llama3.1-8b,S5,9780,physics,F,B,False
llama3.1-8b,S5,9785,physics,I,H,False
llama3.1-8b,S5,9786,physics,I,A,False
llama3.1-8b,S5,9789,physics,I,D,False
llama3.1-8b,S5,9795,physics,I,C,False
llama3.1-8b,S5,9800,physics,I,C,False
llama3.1-8b,S5,9802,physics,I,I,True
llama3.1-8b,S5,9804,physics,I,H,False
llama3.1-8b,S5,9807,physics,I,I,True
llama3.1-8b,S5,9809,physics,I,F,False
llama3.1-8b,S5,9817,physics,I,B,False
llama3.1-8b,S5,9818,physics,I,D,False
llama3.1-8b,S5,9819,physics,A,I,False
llama3.1-8b,S5,9824,physics,I,I,True
llama3.1-8b,S5,9825,physics,I,F,False
llama3.1-8b,S5,9827,physics,I,C,False
llama3.1-8b,S5,9831,physics,I,I,True
llama3.1-8b,S5,9832,physics,I,I,True
llama3.1-8b,S5,9833,physics,I,H,False
llama3.1-8b,S5,9837,physics,I,C,False
llama3.1-8b,S5,9838,physics,I,G,False
llama3.1-8b,S5,9839,physics,A,I,False
llama3.1-8b,S5,9843,physics,I,A,False
llama3.1-8b,S5,9844,physics,I,B,False
llama3.1-8b,S5,9845,physics,I,G,False
llama3.1-8b,S5,9849,physics,I,H,False
llama3.1-8b,S5,9850,physics,C,F,False
llama3.1-8b,S5,9852,physics,I,G,False
llama3.1-8b,S5,9854,physics,I,D,False
llama3.1-8b,S5,9856,physics,I,D,False
llama3.1-8b,S5,9861,physics,I,A,False
llama3.1-8b,S5,9862,physics,I,I,True
llama3.1-8b,S5,9863,physics,I,A,False
llama3.1-8b,S5,9864,physics,I,H,False
llama3.1-8b,S5,9867,physics,I,B,False
llama3.1-8b,S5,9874,physics,I,A,False
llama3.1-8b,S5,9875,physics,I,H,False
llama3.1-8b,S5,9876,physics,I,C,False
llama3.1-8b,S5,9885,physics,I,C,False
llama3.1-8b,S5,9889,physics,I,A,False
llama3.1-8b,S5,9890,physics,I,J,False
llama3.1-8b,S5,9897,physics,I,B,False
llama3.1-8b,S5,9902,physics,I,J,False
llama3.1-8b,S5,9904,physics,I,B,False
llama3.1-8b,S5,9908,physics,I,I,True
llama3.1-8b,S5,9911,physics,I,G,False
llama3.1-8b,S5,9913,physics,I,J,False
llama3.1-8b,S5,9914,physics,I,A,False
llama3.1-8b,S5,9920,physics,A,E,False
llama3.1-8b,S5,9923,physics,I,J,False
llama3.1-8b,S5,9930,physics,I,J,False
llama3.1-8b,S5,9939,physics,A,I,False
llama3.1-8b,S5,9942,physics,I,F,False
llama3.1-8b,S5,9943,physics,I,I,True
llama3.1-8b,S5,9946,physics,I,B,False
llama3.1-8b,S5,9949,physics,I,H,False
llama3.1-8b,S5,9953,physics,I,F,False
llama3.1-8b,S5,9954,physics,I,F,False
llama3.1-8b,S5,9955,physics,I,F,False
llama3.1-8b,S5,9957,physics,I,C,False
llama3.1-8b,S5,9958,physics,I,E,False
llama3.1-8b,S5,9959,physics,C,I,False
llama3.1-8b,S5,9960,physics,I,D,False
llama3.1-8b,S5,9962,physics,I,E,False
llama3.1-8b,S5,9964,physics,I,B,False
llama3.1-8b,S5,9967,physics,I,A,False
llama3.1-8b,S5,9968,physics,I,C,False
llama3.1-8b,S5,9973,physics,I,G,False
llama3.1-8b,S5,9976,physics,I,E,False
llama3.1-8b,S5,9981,physics,I,A,False
llama3.1-8b,S5,9986,physics,I,B,False
llama3.1-8b,S5,9988,physics,I,G,False
llama3.1-8b,S5,9994,physics,I,H,False
llama3.1-8b,S5,10004,physics,I,C,False
llama3.1-8b,S5,10011,physics,I,I,True
llama3.1-8b,S5,10012,physics,I,I,True
llama3.1-8b,S5,10014,physics,I,H,False
llama3.1-8b,S5,10016,physics,I,C,False
llama3.1-8b,S5,10017,physics,I,E,False
llama3.1-8b,S5,10018,physics,I,D,False
llama3.1-8b,S5,10020,physics,I,H,False
llama3.1-8b,S5,10021,physics,I,I,True
llama3.1-8b,S5,10022,physics,I,D,False
llama3.1-8b,S5,10029,physics,I,F,False
llama3.1-8b,S5,10032,physics,I,B,False
llama3.1-8b,S5,10033,physics,I,B,False
llama3.1-8b,S5,10034,physics,I,E,False
llama3.1-8b,S5,10038,physics,I,B,False
llama3.1-8b,S5,10040,physics,I,H,False
llama3.1-8b,S5,10041,physics,I,E,False
llama3.1-8b,S5,10042,physics,I,A,False
llama3.1-8b,S5,10043,physics,I,A,False
llama3.1-8b,S5,10049,physics,I,I,True
llama3.1-8b,S5,10050,physics,I,H,False
llama3.1-8b,S5,10052,physics,I,C,False
llama3.1-8b,S5,10058,physics,I,J,False
llama3.1-8b,S5,10059,physics,I,A,False
llama3.1-8b,S5,10060,physics,I,C,False
llama3.1-8b,S5,10063,physics,I,A,False
llama3.1-8b,S5,10069,physics,I,C,False
llama3.1-8b,S5,10070,physics,I,G,False
llama3.1-8b,S5,10076,physics,I,A,False
llama3.1-8b,S5,10079,physics,I,I,True
llama3.1-8b,S5,10083,physics,I,F,False
llama3.1-8b,S5,10086,physics,I,A,False
llama3.1-8b,S5,10089,physics,I,I,True
llama3.1-8b,S5,10091,physics,I,H,False
llama3.1-8b,S5,10092,physics,I,B,False
llama3.1-8b,S5,10095,physics,I,F,False
llama3.1-8b,S5,10099,physics,I,J,False
llama3.1-8b,S5,10100,physics,A,J,False
llama3.1-8b,S5,10102,physics,I,J,False
llama3.1-8b,S5,10105,physics,I,E,False
llama3.1-8b,S5,10110,physics,I,J,False
llama3.1-8b,S5,10113,physics,I,G,False
llama3.1-8b,S5,10116,physics,I,A,False
llama3.1-8b,S5,10118,physics,I,F,False
llama3.1-8b,S5,10123,physics,I,H,False
llama3.1-8b,S5,10126,physics,I,G,False
llama3.1-8b,S5,10135,physics,I,J,False
llama3.1-8b,S5,10139,physics,I,I,True
llama3.1-8b,S5,10140,physics,I,H,False
llama3.1-8b,S5,10143,physics,I,A,False
llama3.1-8b,S5,10144,physics,I,E,False
llama3.1-8b,S5,10147,physics,I,E,False
llama3.1-8b,S5,10149,physics,I,C,False
llama3.1-8b,S5,10150,physics,I,D,False
llama3.1-8b,S5,10151,physics,I,D,False
llama3.1-8b,S5,10152,physics,I,E,False
llama3.1-8b,S5,10153,physics,I,F,False
llama3.1-8b,S5,10155,physics,I,H,False
llama3.1-8b,S5,10162,physics,I,E,False
llama3.1-8b,S5,10165,physics,I,H,False
llama3.1-8b,S5,10168,physics,I,B,False
llama3.1-8b,S5,10173,physics,B,F,False
llama3.1-8b,S5,10180,physics,I,J,False
llama3.1-8b,S5,10182,physics,I,E,False
llama3.1-8b,S5,10188,physics,I,I,True
llama3.1-8b,S5,10190,physics,I,B,False
llama3.1-8b,S5,10191,physics,I,H,False
llama3.1-8b,S5,10193,physics,I,H,False
llama3.1-8b,S5,10194,physics,A,A,True
llama3.1-8b,S5,10195,physics,I,H,False
llama3.1-8b,S5,10199,physics,I,D,False
llama3.1-8b,S5,10201,physics,I,D,False
llama3.1-8b,S5,10206,physics,I,A,False
llama3.1-8b,S5,10207,physics,I,I,True
llama3.1-8b,S5,10209,physics,I,B,False
llama3.1-8b,S5,10211,physics,I,I,True
llama3.1-8b,S5,10213,physics,I,A,False
llama3.1-8b,S5,10220,physics,I,J,False
llama3.1-8b,S5,10226,physics,I,D,False
llama3.1-8b,S5,10229,physics,I,I,True
llama3.1-8b,S5,10235,physics,I,A,False
llama3.1-8b,S5,10237,physics,I,J,False
llama3.1-8b,S5,10240,physics,I,G,False
llama3.1-8b,S5,10241,physics,I,G,False
llama3.1-8b,S5,10243,physics,I,J,False
llama3.1-8b,S5,10249,physics,I,J,False
llama3.1-8b,S5,10250,physics,I,B,False
llama3.1-8b,S5,10251,physics,I,E,False
llama3.1-8b,S5,10253,physics,I,A,False
llama3.1-8b,S5,10255,physics,I,J,False
llama3.1-8b,S5,10259,physics,I,J,False
llama3.1-8b,S5,10260,physics,I,H,False
llama3.1-8b,S5,10261,physics,I,F,False
llama3.1-8b,S5,10268,physics,I,A,False
llama3.1-8b,S5,10273,physics,I,A,False
llama3.1-8b,S5,10274,physics,I,I,True
llama3.1-8b,S5,10276,physics,I,B,False
llama3.1-8b,S5,10283,physics,I,I,True
llama3.1-8b,S5,10286,physics,I,D,False
llama3.1-8b,S5,10287,physics,I,A,False
llama3.1-8b,S5,10292,physics,C,G,False
llama3.1-8b,S5,10293,physics,I,I,True
llama3.1-8b,S5,10295,physics,I,G,False
llama3.1-8b,S5,10298,physics,A,C,False
llama3.1-8b,S5,10299,physics,I,E,False
llama3.1-8b,S5,10307,physics,I,C,False
llama3.1-8b,S5,10308,physics,I,E,False
llama3.1-8b,S5,10310,physics,I,C,False
llama3.1-8b,S5,10311,physics,I,F,False
llama3.1-8b,S5,10314,physics,I,F,False
llama3.1-8b,S5,10316,physics,I,J,False
llama3.1-8b,S5,10317,physics,I,F,False
llama3.1-8b,S5,10318,physics,I,G,False
llama3.1-8b,S5,10319,physics,I,B,False
llama3.1-8b,S5,10320,physics,I,J,False
llama3.1-8b,S5,10322,physics,I,A,False
llama3.1-8b,S5,10324,physics,I,D,False
llama3.1-8b,S5,10326,physics,I,B,False
llama3.1-8b,S5,10330,physics,I,C,False
llama3.1-8b,S5,10333,physics,I,C,False
llama3.1-8b,S5,10335,physics,I,H,False
llama3.1-8b,S5,10336,physics,I,E,False
llama3.1-8b,S5,10337,physics,I,G,False
llama3.1-8b,S5,10340,physics,I,D,False
llama3.1-8b,S5,10344,physics,I,A,False
llama3.1-8b,S5,10345,physics,I,G,False
llama3.1-8b,S5,10346,physics,I,I,True
llama3.1-8b,S5,10348,physics,I,J,False
llama3.1-8b,S5,10349,physics,I,A,False
llama3.1-8b,S5,10350,physics,I,B,False
llama3.1-8b,S5,10352,physics,I,D,False
llama3.1-8b,S5,10353,physics,I,H,False
llama3.1-8b,S5,10354,physics,I,H,False
llama3.1-8b,S5,10355,physics,I,E,False
llama3.1-8b,S5,866,law,I,D,False
llama3.1-8b,S5,867,law,I,B,False
llama3.1-8b,S5,871,law,I,C,False
llama3.1-8b,S5,872,law,I,G,False
llama3.1-8b,S5,873,law,I,E,False
llama3.1-8b,S5,874,law,I,A,False
llama3.1-8b,S5,876,law,I,I,True
llama3.1-8b,S5,879,law,I,A,False
llama3.1-8b,S5,885,law,I,C,False
llama3.1-8b,S5,889,law,I,C,False
llama3.1-8b,S5,890,law,I,G,False
llama3.1-8b,S5,894,law,I,H,False
llama3.1-8b,S5,895,law,I,H,False
llama3.1-8b,S5,896,law,I,G,False
llama3.1-8b,S5,899,law,I,G,False
llama3.1-8b,S5,902,law,I,I,True
llama3.1-8b,S5,903,law,I,B,False
llama3.1-8b,S5,905,law,I,A,False
llama3.1-8b,S5,907,law,I,J,False
llama3.1-8b,S5,908,law,I,B,False
llama3.1-8b,S5,909,law,I,B,False
llama3.1-8b,S5,913,law,I,E,False
llama3.1-8b,S5,915,law,I,G,False
llama3.1-8b,S5,917,law,I,I,True
llama3.1-8b,S5,918,law,I,J,False
llama3.1-8b,S5,919,law,I,E,False
llama3.1-8b,S5,922,law,A,D,False
llama3.1-8b,S5,923,law,I,F,False
llama3.1-8b,S5,924,law,I,J,False
llama3.1-8b,S5,925,law,I,J,False
llama3.1-8b,S5,933,law,I,H,False
llama3.1-8b,S5,937,law,I,D,False
llama3.1-8b,S5,939,law,I,G,False
llama3.1-8b,S5,942,law,I,F,False
llama3.1-8b,S5,943,law,I,F,False
llama3.1-8b,S5,944,law,I,D,False
llama3.1-8b,S5,946,law,I,B,False
llama3.1-8b,S5,952,law,I,D,False
llama3.1-8b,S5,954,law,I,E,False
llama3.1-8b,S5,955,law,I,A,False
llama3.1-8b,S5,958,law,I,J,False
llama3.1-8b,S5,959,law,I,A,False
llama3.1-8b,S5,965,law,I,F,False
llama3.1-8b,S5,969,law,I,I,True
llama3.1-8b,S5,971,law,I,C,False
llama3.1-8b,S5,973,law,I,H,False
llama3.1-8b,S5,974,law,I,G,False
llama3.1-8b,S5,975,law,I,D,False
llama3.1-8b,S5,976,law,I,E,False
llama3.1-8b,S5,981,law,I,I,True
llama3.1-8b,S5,983,law,I,G,False
llama3.1-8b,S5,984,law,I,B,False
llama3.1-8b,S5,985,law,I,G,False
llama3.1-8b,S5,986,law,A,B,False
llama3.1-8b,S5,988,law,I,B,False
llama3.1-8b,S5,990,law,I,G,False
llama3.1-8b,S5,991,law,I,E,False
llama3.1-8b,S5,994,law,I,H,False
llama3.1-8b,S5,995,law,I,F,False
llama3.1-8b,S5,1000,law,I,A,False
llama3.1-8b,S5,1004,law,I,F,False
llama3.1-8b,S5,1005,law,I,D,False
llama3.1-8b,S5,1007,law,I,A,False
llama3.1-8b,S5,1008,law,I,J,False
llama3.1-8b,S5,1010,law,I,E,False
llama3.1-8b,S5,1015,law,I,F,False
llama3.1-8b,S5,1016,law,I,H,False
llama3.1-8b,S5,1017,law,I,B,False
llama3.1-8b,S5,1019,law,I,A,False
llama3.1-8b,S5,1032,law,I,D,False
llama3.1-8b,S5,1036,law,I,B,False
llama3.1-8b,S5,1038,law,I,B,False
llama3.1-8b,S5,1040,law,I,I,True
llama3.1-8b,S5,1041,law,I,I,True
llama3.1-8b,S5,1042,law,I,E,False
llama3.1-8b,S5,1044,law,I,B,False
llama3.1-8b,S5,1045,law,I,E,False
llama3.1-8b,S5,1050,law,A,A,True
llama3.1-8b,S5,1051,law,I,D,False
llama3.1-8b,S5,1052,law,A,A,True
llama3.1-8b,S5,1053,law,I,B,False
llama3.1-8b,S5,1055,law,I,C,False
llama3.1-8b,S5,1061,law,I,F,False
llama3.1-8b,S5,1063,law,I,A,False
llama3.1-8b,S5,1064,law,I,A,False
llama3.1-8b,S5,1065,law,I,F,False
llama3.1-8b,S5,1067,law,I,J,False
llama3.1-8b,S5,1068,law,I,B,False
llama3.1-8b,S5,1069,law,I,F,False
llama3.1-8b,S5,1070,law,I,E,False
llama3.1-8b,S5,1071,law,I,A,False
llama3.1-8b,S5,1072,law,I,F,False
llama3.1-8b,S5,1073,law,I,F,False
llama3.1-8b,S5,1076,law,I,D,False
llama3.1-8b,S5,1077,law,I,I,True
llama3.1-8b,S5,1078,law,I,B,False
llama3.1-8b,S5,1079,law,I,I,True
llama3.1-8b,S5,1083,law,I,A,False
llama3.1-8b,S5,1084,law,I,J,False
llama3.1-8b,S5,1085,law,I,I,True
llama3.1-8b,S5,1086,law,I,C,False
llama3.1-8b,S5,1090,law,I,A,False
llama3.1-8b,S5,1091,law,I,A,False
llama3.1-8b,S5,1094,law,I,A,False
llama3.1-8b,S5,1096,law,I,A,False
llama3.1-8b,S5,1099,law,I,I,True
llama3.1-8b,S5,1100,law,I,D,False
llama3.1-8b,S5,1101,law,I,E,False
llama3.1-8b,S5,1103,law,I,G,False
llama3.1-8b,S5,1106,law,I,C,False
llama3.1-8b,S5,1108,law,I,G,False
llama3.1-8b,S5,1110,law,I,I,True
llama3.1-8b,S5,1114,law,I,B,False
llama3.1-8b,S5,1116,law,I,A,False
llama3.1-8b,S5,1117,law,I,D,False
llama3.1-8b,S5,1123,law,I,D,False
llama3.1-8b,S5,1124,law,I,C,False
llama3.1-8b,S5,1132,law,C,F,False
llama3.1-8b,S5,1136,law,I,H,False
llama3.1-8b,S5,1137,law,I,C,False
llama3.1-8b,S5,1139,law,I,I,True
llama3.1-8b,S5,1142,law,I,I,True
llama3.1-8b,S5,1143,law,I,A,False
llama3.1-8b,S5,1144,law,I,E,False
llama3.1-8b,S5,1145,law,I,J,False
llama3.1-8b,S5,1146,law,A,E,False
llama3.1-8b,S5,1147,law,A,C,False
llama3.1-8b,S5,1154,law,I,D,False
llama3.1-8b,S5,1155,law,I,G,False
llama3.1-8b,S5,1156,law,I,C,False
llama3.1-8b,S5,1158,law,I,C,False
llama3.1-8b,S5,1159,law,I,D,False
llama3.1-8b,S5,1161,law,I,I,True
llama3.1-8b,S5,1162,law,F,F,True
llama3.1-8b,S5,1163,law,I,D,False
llama3.1-8b,S5,1165,law,I,C,False
llama3.1-8b,S5,1168,law,I,H,False
llama3.1-8b,S5,1169,law,I,F,False
llama3.1-8b,S5,1172,law,I,A,False
llama3.1-8b,S5,1174,law,I,B,False
llama3.1-8b,S5,1179,law,I,F,False
llama3.1-8b,S5,1183,law,A,A,True
llama3.1-8b,S5,1184,law,I,I,True
llama3.1-8b,S5,1185,law,I,I,True
llama3.1-8b,S5,1187,law,I,F,False
llama3.1-8b,S5,1189,law,I,E,False
llama3.1-8b,S5,1190,law,I,E,False
llama3.1-8b,S5,1191,law,I,J,False
llama3.1-8b,S5,1193,law,I,A,False
llama3.1-8b,S5,1195,law,I,J,False
llama3.1-8b,S5,1199,law,I,J,False
llama3.1-8b,S5,1203,law,I,I,True
llama3.1-8b,S5,1204,law,I,F,False
llama3.1-8b,S5,1205,law,I,H,False
llama3.1-8b,S5,1206,law,I,D,False
llama3.1-8b,S5,1207,law,I,H,False
llama3.1-8b,S5,1208,law,I,A,False
llama3.1-8b,S5,1209,law,I,I,True
llama3.1-8b,S5,1211,law,I,C,False
llama3.1-8b,S5,1212,law,I,A,False
llama3.1-8b,S5,1214,law,I,H,False
llama3.1-8b,S5,1215,law,I,J,False
llama3.1-8b,S5,1216,law,I,H,False
llama3.1-8b,S5,1218,law,I,E,False
llama3.1-8b,S5,1220,law,I,A,False
llama3.1-8b,S5,1221,law,I,G,False
llama3.1-8b,S5,1223,law,B,G,False
llama3.1-8b,S5,1227,law,I,I,True
llama3.1-8b,S5,1228,law,I,G,False
llama3.1-8b,S5,1229,law,I,H,False
llama3.1-8b,S5,1231,law,I,B,False
llama3.1-8b,S5,1237,law,I,G,False
llama3.1-8b,S5,1241,law,I,I,True
llama3.1-8b,S5,1243,law,I,B,False
llama3.1-8b,S5,1244,law,I,G,False
llama3.1-8b,S5,1245,law,I,I,True
llama3.1-8b,S5,1248,law,I,D,False
llama3.1-8b,S5,1252,law,I,A,False
llama3.1-8b,S5,1255,law,I,A,False
llama3.1-8b,S5,1259,law,I,H,False
llama3.1-8b,S5,1261,law,I,G,False
llama3.1-8b,S5,1263,law,I,B,False
llama3.1-8b,S5,1266,law,I,C,False
llama3.1-8b,S5,1267,law,I,E,False
llama3.1-8b,S5,1268,law,I,D,False
llama3.1-8b,S5,1276,law,I,A,False
llama3.1-8b,S5,1278,law,I,I,True
llama3.1-8b,S5,1279,law,I,F,False
llama3.1-8b,S5,1281,law,I,G,False
llama3.1-8b,S5,1283,law,I,I,True
llama3.1-8b,S5,1288,law,I,G,False
llama3.1-8b,S5,1291,law,A,E,False
llama3.1-8b,S5,1292,law,I,H,False
llama3.1-8b,S5,1294,law,A,H,False
llama3.1-8b,S5,1295,law,I,E,False
llama3.1-8b,S5,1302,law,I,G,False
llama3.1-8b,S5,1303,law,I,A,False
llama3.1-8b,S5,1304,law,I,A,False
llama3.1-8b,S5,1305,law,I,G,False
llama3.1-8b,S5,1307,law,I,A,False
llama3.1-8b,S5,1308,law,I,I,True
llama3.1-8b,S5,1309,law,I,E,False
llama3.1-8b,S5,1311,law,I,I,True
llama3.1-8b,S5,1317,law,I,I,True
llama3.1-8b,S5,1318,law,I,E,False
llama3.1-8b,S5,1319,law,I,A,False
llama3.1-8b,S5,1320,law,I,A,False
llama3.1-8b,S5,1322,law,I,I,True
llama3.1-8b,S5,1323,law,I,A,False
llama3.1-8b,S5,1324,law,I,B,False
llama3.1-8b,S5,1325,law,I,G,False
llama3.1-8b,S5,1326,law,I,J,False
llama3.1-8b,S5,1328,law,I,A,False
llama3.1-8b,S5,1336,law,I,J,False
llama3.1-8b,S5,1339,law,I,A,False
llama3.1-8b,S5,1344,law,I,F,False
llama3.1-8b,S5,1348,law,I,I,True
llama3.1-8b,S5,1350,law,I,H,False
llama3.1-8b,S5,1353,law,I,D,False
llama3.1-8b,S5,1356,law,I,B,False
llama3.1-8b,S5,1357,law,I,I,True
llama3.1-8b,S5,1359,law,I,A,False
llama3.1-8b,S5,1362,law,I,D,False
llama3.1-8b,S5,1363,law,I,F,False
llama3.1-8b,S5,1364,law,I,G,False
llama3.1-8b,S5,1365,law,I,H,False
llama3.1-8b,S5,1366,law,I,J,False
llama3.1-8b,S5,1368,law,I,G,False
llama3.1-8b,S5,1371,law,I,F,False
llama3.1-8b,S5,1372,law,I,J,False
llama3.1-8b,S5,1373,law,I,C,False
llama3.1-8b,S5,1375,law,A,G,False
llama3.1-8b,S5,1376,law,I,I,True
llama3.1-8b,S5,1380,law,I,C,False
llama3.1-8b,S5,1386,law,I,I,True
llama3.1-8b,S5,1388,law,I,I,True
llama3.1-8b,S5,1391,law,I,A,False
llama3.1-8b,S5,1393,law,I,B,False
llama3.1-8b,S5,1395,law,I,B,False
llama3.1-8b,S5,1398,law,I,B,False
llama3.1-8b,S5,1399,law,I,D,False
llama3.1-8b,S5,1401,law,I,G,False
llama3.1-8b,S5,1403,law,I,F,False
llama3.1-8b,S5,1404,law,I,I,True
llama3.1-8b,S5,1406,law,I,B,False
llama3.1-8b,S5,1410,law,I,H,False
llama3.1-8b,S5,1411,law,I,E,False
llama3.1-8b,S5,1413,law,I,F,False
llama3.1-8b,S5,1415,law,I,E,False
llama3.1-8b,S5,1418,law,I,B,False
llama3.1-8b,S5,1419,law,I,F,False
llama3.1-8b,S5,1420,law,I,H,False
llama3.1-8b,S5,1422,law,I,G,False
llama3.1-8b,S5,1423,law,I,G,False
llama3.1-8b,S5,1424,law,I,H,False
llama3.1-8b,S5,1425,law,I,A,False
llama3.1-8b,S5,1426,law,I,B,False
llama3.1-8b,S5,1427,law,I,J,False
llama3.1-8b,S5,1429,law,I,A,False
llama3.1-8b,S5,1431,law,I,D,False
llama3.1-8b,S5,1433,law,I,D,False
llama3.1-8b,S5,1437,law,I,J,False
llama3.1-8b,S5,1440,law,I,B,False
llama3.1-8b,S5,1441,law,I,H,False
llama3.1-8b,S5,1445,law,I,D,False
llama3.1-8b,S5,1446,law,I,G,False
llama3.1-8b,S5,1447,law,I,F,False
llama3.1-8b,S5,1449,law,I,G,False
llama3.1-8b,S5,1450,law,I,I,True
llama3.1-8b,S5,1452,law,I,D,False
llama3.1-8b,S5,1463,law,I,J,False
llama3.1-8b,S5,1464,law,I,H,False
llama3.1-8b,S5,1465,law,I,F,False
llama3.1-8b,S5,1468,law,I,E,False
llama3.1-8b,S5,1472,law,I,J,False
llama3.1-8b,S5,1473,law,I,I,True
llama3.1-8b,S5,1474,law,I,I,True
llama3.1-8b,S5,1475,law,I,B,False
llama3.1-8b,S5,1476,law,I,D,False
llama3.1-8b,S5,1479,law,I,A,False
llama3.1-8b,S5,1482,law,I,E,False
llama3.1-8b,S5,1483,law,I,G,False
llama3.1-8b,S5,1484,law,I,J,False
llama3.1-8b,S5,1486,law,I,F,False
llama3.1-8b,S5,1488,law,I,G,False
llama3.1-8b,S5,1491,law,I,H,False
llama3.1-8b,S5,1492,law,I,E,False
llama3.1-8b,S5,1496,law,I,C,False
llama3.1-8b,S5,1500,law,I,D,False
llama3.1-8b,S5,1503,law,I,F,False
llama3.1-8b,S5,1504,law,I,H,False
llama3.1-8b,S5,1505,law,I,I,True
llama3.1-8b,S5,1506,law,I,H,False
llama3.1-8b,S5,1507,law,I,H,False
llama3.1-8b,S5,1508,law,I,F,False
llama3.1-8b,S5,1510,law,I,F,False
llama3.1-8b,S5,1513,law,I,D,False
llama3.1-8b,S5,1514,law,I,H,False
llama3.1-8b,S5,1515,law,I,I,True
llama3.1-8b,S5,1516,law,I,D,False
llama3.1-8b,S5,1521,law,I,I,True
llama3.1-8b,S5,1523,law,I,D,False
llama3.1-8b,S5,1524,law,I,F,False
llama3.1-8b,S5,1526,law,I,I,True
llama3.1-8b,S5,1527,law,I,C,False
llama3.1-8b,S5,1530,law,I,I,True
llama3.1-8b,S5,1531,law,I,A,False
llama3.1-8b,S5,1533,law,I,J,False
llama3.1-8b,S5,1534,law,I,A,False
llama3.1-8b,S5,1536,law,I,F,False
llama3.1-8b,S5,1537,law,I,G,False
llama3.1-8b,S5,1539,law,I,H,False
llama3.1-8b,S5,1540,law,I,I,True
llama3.1-8b,S5,1547,law,I,G,False
llama3.1-8b,S5,1548,law,I,E,False
llama3.1-8b,S5,1550,law,I,G,False
llama3.1-8b,S5,1551,law,I,I,True
llama3.1-8b,S5,1555,law,I,F,False
llama3.1-8b,S5,1559,law,I,C,False
llama3.1-8b,S5,1560,law,I,A,False
llama3.1-8b,S5,1562,law,I,A,False
llama3.1-8b,S5,1563,law,I,A,False
llama3.1-8b,S5,1564,law,I,C,False
llama3.1-8b,S5,1565,law,I,A,False
llama3.1-8b,S5,1567,law,I,H,False
llama3.1-8b,S5,1574,law,I,F,False
llama3.1-8b,S5,1577,law,I,E,False
llama3.1-8b,S5,1580,law,I,A,False
llama3.1-8b,S5,1585,law,I,C,False
llama3.1-8b,S5,1586,law,I,E,False
llama3.1-8b,S5,1588,law,I,I,True
llama3.1-8b,S5,1590,law,I,F,False
llama3.1-8b,S5,1592,law,I,C,False
llama3.1-8b,S5,1595,law,I,J,False
llama3.1-8b,S5,1598,law,I,A,False
llama3.1-8b,S5,1599,law,I,I,True
llama3.1-8b,S5,1601,law,I,G,False
llama3.1-8b,S5,1602,law,I,E,False
llama3.1-8b,S5,1605,law,I,D,False
llama3.1-8b,S5,1606,law,I,E,False
llama3.1-8b,S5,1607,law,I,H,False
llama3.1-8b,S5,1608,law,I,C,False
llama3.1-8b,S5,1609,law,I,E,False
llama3.1-8b,S5,1612,law,I,E,False
llama3.1-8b,S5,1613,law,I,I,True
llama3.1-8b,S5,1614,law,I,E,False
llama3.1-8b,S5,1615,law,I,H,False
llama3.1-8b,S5,1619,law,I,G,False
llama3.1-8b,S5,1620,law,I,D,False
llama3.1-8b,S5,1621,law,I,G,False
llama3.1-8b,S5,1624,law,I,E,False
llama3.1-8b,S5,1634,law,I,B,False
llama3.1-8b,S5,1638,law,I,J,False
llama3.1-8b,S5,1639,law,I,C,False
llama3.1-8b,S5,1641,law,I,E,False
llama3.1-8b,S5,1642,law,I,C,False
llama3.1-8b,S5,1643,law,I,G,False
llama3.1-8b,S5,1644,law,I,I,True
llama3.1-8b,S5,1646,law,I,I,True
llama3.1-8b,S5,1647,law,I,A,False
llama3.1-8b,S5,1648,law,I,C,False
llama3.1-8b,S5,1652,law,I,I,True
llama3.1-8b,S5,1659,law,I,H,False
llama3.1-8b,S5,1660,law,A,G,False
llama3.1-8b,S5,1663,law,I,J,False
llama3.1-8b,S5,1664,law,I,C,False
llama3.1-8b,S5,1668,law,I,G,False
llama3.1-8b,S5,1669,law,I,E,False
llama3.1-8b,S5,1674,law,I,E,False
llama3.1-8b,S5,1675,law,A,G,False
llama3.1-8b,S5,1677,law,I,J,False
llama3.1-8b,S5,1678,law,I,C,False
llama3.1-8b,S5,1679,law,I,I,True
llama3.1-8b,S5,1681,law,I,A,False
llama3.1-8b,S5,1683,law,I,G,False
llama3.1-8b,S5,1688,law,I,J,False
llama3.1-8b,S5,1689,law,I,A,False
llama3.1-8b,S5,1691,law,I,J,False
llama3.1-8b,S5,1693,law,I,E,False
llama3.1-8b,S5,1695,law,I,I,True
llama3.1-8b,S5,1696,law,I,B,False
llama3.1-8b,S5,1697,law,I,C,False
llama3.1-8b,S5,1702,law,I,C,False
llama3.1-8b,S5,1704,law,I,G,False
llama3.1-8b,S5,1706,law,I,C,False
llama3.1-8b,S5,1707,law,I,H,False
llama3.1-8b,S5,1708,law,I,G,False
llama3.1-8b,S5,1709,law,I,B,False
llama3.1-8b,S5,1710,law,I,E,False
llama3.1-8b,S5,1711,law,I,E,False
llama3.1-8b,S5,1713,law,I,H,False
llama3.1-8b,S5,1714,law,I,B,False
llama3.1-8b,S5,1720,law,I,G,False
llama3.1-8b,S5,1721,law,I,A,False
llama3.1-8b,S5,1723,law,I,J,False
llama3.1-8b,S5,1725,law,I,B,False
llama3.1-8b,S5,1726,law,I,C,False
llama3.1-8b,S5,1735,law,I,F,False
llama3.1-8b,S5,1737,law,I,B,False
llama3.1-8b,S5,1740,law,I,D,False
llama3.1-8b,S5,1741,law,I,E,False
llama3.1-8b,S5,1745,law,A,A,True
llama3.1-8b,S5,1747,law,I,B,False
llama3.1-8b,S5,1748,law,I,D,False
llama3.1-8b,S5,1749,law,I,B,False
llama3.1-8b,S5,1751,law,I,J,False
llama3.1-8b,S5,1752,law,I,A,False
llama3.1-8b,S5,1754,law,I,E,False
llama3.1-8b,S5,1760,law,A,A,True
llama3.1-8b,S5,1764,law,I,A,False
llama3.1-8b,S5,1765,law,I,J,False
llama3.1-8b,S5,1769,law,I,H,False
llama3.1-8b,S5,1770,law,I,D,False
llama3.1-8b,S5,1771,law,I,G,False
llama3.1-8b,S5,1772,law,I,J,False
llama3.1-8b,S5,1773,law,I,I,True
llama3.1-8b,S5,1775,law,I,E,False
llama3.1-8b,S5,1776,law,I,J,False
llama3.1-8b,S5,1778,law,I,J,False
llama3.1-8b,S5,1779,law,I,H,False
llama3.1-8b,S5,1782,law,I,C,False
llama3.1-8b,S5,1785,law,I,A,False
llama3.1-8b,S5,1787,law,I,C,False
llama3.1-8b,S5,1788,law,I,J,False
llama3.1-8b,S5,1793,law,I,G,False
llama3.1-8b,S5,1796,law,I,E,False
llama3.1-8b,S5,1797,law,I,J,False
llama3.1-8b,S5,1798,law,I,F,False
llama3.1-8b,S5,1802,law,I,C,False
llama3.1-8b,S5,1803,law,I,J,False
llama3.1-8b,S5,1804,law,I,H,False
llama3.1-8b,S5,1810,law,I,I,True
llama3.1-8b,S5,1813,law,I,C,False
llama3.1-8b,S5,1817,law,I,F,False
llama3.1-8b,S5,1820,law,I,D,False
llama3.1-8b,S5,1826,law,I,A,False
llama3.1-8b,S5,1827,law,I,B,False
llama3.1-8b,S5,1829,law,I,C,False
llama3.1-8b,S5,1831,law,I,J,False
llama3.1-8b,S5,1832,law,I,G,False
llama3.1-8b,S5,1834,law,I,E,False
llama3.1-8b,S5,1835,law,I,B,False
llama3.1-8b,S5,1836,law,I,E,False
llama3.1-8b,S5,1837,law,I,B,False
llama3.1-8b,S5,1838,law,I,G,False
llama3.1-8b,S5,1839,law,I,B,False
llama3.1-8b,S5,1842,law,I,D,False
llama3.1-8b,S5,1848,law,A,B,False
llama3.1-8b,S5,1849,law,I,E,False
llama3.1-8b,S5,1851,law,I,G,False
llama3.1-8b,S5,1852,law,I,H,False
llama3.1-8b,S5,1853,law,I,J,False
llama3.1-8b,S5,1854,law,I,F,False
llama3.1-8b,S5,1855,law,I,H,False
llama3.1-8b,S5,1857,law,I,J,False
llama3.1-8b,S5,1860,law,I,F,False
llama3.1-8b,S5,1864,law,I,J,False
llama3.1-8b,S5,1868,law,I,C,False
llama3.1-8b,S5,1869,law,I,E,False
llama3.1-8b,S5,1871,law,I,H,False
llama3.1-8b,S5,1873,law,I,A,False
llama3.1-8b,S5,1876,law,I,E,False
llama3.1-8b,S5,1878,law,I,E,False
llama3.1-8b,S5,1879,law,I,I,True
llama3.1-8b,S5,1886,law,I,I,True
llama3.1-8b,S5,1891,law,I,H,False
llama3.1-8b,S5,1892,law,I,A,False
llama3.1-8b,S5,1895,law,I,C,False
llama3.1-8b,S5,1898,law,I,G,False
llama3.1-8b,S5,1914,law,A,C,False
llama3.1-8b,S5,1915,law,I,C,False
llama3.1-8b,S5,1917,law,I,A,False
llama3.1-8b,S5,1918,law,I,H,False
llama3.1-8b,S5,1919,law,I,I,True
llama3.1-8b,S5,1928,law,A,E,False
llama3.1-8b,S5,1931,law,I,C,False
llama3.1-8b,S5,1932,law,I,D,False
llama3.1-8b,S5,1935,law,I,H,False
llama3.1-8b,S5,1936,law,I,I,True
llama3.1-8b,S5,1940,law,I,G,False
llama3.1-8b,S5,1942,law,I,I,True
llama3.1-8b,S5,1943,law,I,G,False
llama3.1-8b,S5,1944,law,I,E,False
llama3.1-8b,S5,1947,law,I,F,False
llama3.1-8b,S5,1949,law,I,D,False
llama3.1-8b,S5,1953,law,I,A,False
llama3.1-8b,S5,1954,law,I,B,False
llama3.1-8b,S5,1956,law,A,H,False
llama3.1-8b,S5,1962,law,I,D,False
llama3.1-8b,S5,1964,law,I,G,False
llama3.1-8b,S5,1965,law,I,J,False
llama3.1-8b,S5,1966,law,I,G,False
llama3.1-8b,S5,1967,law,I,E,False
llama3.1-8b,S5,1968,law,I,G,False
llama3.1-8b,S5,1970,law,I,F,False
llama3.1-8b,S5,1971,law,I,D,False
llama3.1-8b,S5,1977,law,I,H,False
llama3.1-8b,S5,1982,law,I,G,False
llama3.1-8b,S5,1983,law,I,I,True
llama3.1-8b,S5,1984,law,I,A,False
llama3.1-8b,S5,1990,psychology,A,B,False
llama3.1-8b,S5,1993,psychology,A,J,False
llama3.1-8b,S5,1995,psychology,I,G,False
llama3.1-8b,S5,1998,psychology,I,B,False
llama3.1-8b,S5,2003,psychology,I,C,False
llama3.1-8b,S5,2004,psychology,I,E,False
llama3.1-8b,S5,2005,psychology,I,D,False
llama3.1-8b,S5,2006,psychology,I,A,False
llama3.1-8b,S5,2008,psychology,A,A,True
llama3.1-8b,S5,2009,psychology,I,H,False
llama3.1-8b,S5,2010,psychology,A,A,True
llama3.1-8b,S5,2011,psychology,I,C,False
llama3.1-8b,S5,2013,psychology,A,A,True
llama3.1-8b,S5,2014,psychology,I,B,False
llama3.1-8b,S5,2015,psychology,I,J,False
llama3.1-8b,S5,2016,psychology,A,C,False
llama3.1-8b,S5,2018,psychology,I,J,False
llama3.1-8b,S5,2019,psychology,I,I,True
llama3.1-8b,S5,2020,psychology,I,B,False
llama3.1-8b,S5,2021,psychology,I,I,True
llama3.1-8b,S5,2022,psychology,I,I,True
llama3.1-8b,S5,2023,psychology,I,E,False
llama3.1-8b,S5,2024,psychology,A,G,False
llama3.1-8b,S5,2027,psychology,A,G,False
llama3.1-8b,S5,2028,psychology,I,G,False
llama3.1-8b,S5,2030,psychology,A,F,False
llama3.1-8b,S5,2032,psychology,I,I,True
llama3.1-8b,S5,2034,psychology,I,H,False
llama3.1-8b,S5,2035,psychology,I,F,False
llama3.1-8b,S5,2036,psychology,I,F,False
llama3.1-8b,S5,2037,psychology,I,F,False
llama3.1-8b,S5,2042,psychology,I,I,True
llama3.1-8b,S5,2045,psychology,I,A,False
llama3.1-8b,S5,2048,psychology,I,F,False
llama3.1-8b,S5,2049,psychology,I,B,False
llama3.1-8b,S5,2050,psychology,I,D,False
llama3.1-8b,S5,2051,psychology,I,F,False
llama3.1-8b,S5,2053,psychology,I,F,False
llama3.1-8b,S5,2054,psychology,I,B,False
llama3.1-8b,S5,2055,psychology,I,G,False
llama3.1-8b,S5,2058,psychology,A,C,False
llama3.1-8b,S5,2059,psychology,I,C,False
llama3.1-8b,S5,2063,psychology,I,G,False
llama3.1-8b,S5,2064,psychology,A,E,False
llama3.1-8b,S5,2065,psychology,I,H,False
llama3.1-8b,S5,2066,psychology,A,E,False
llama3.1-8b,S5,2067,psychology,A,B,False
llama3.1-8b,S5,2068,psychology,I,I,True
llama3.1-8b,S5,2071,psychology,I,D,False
llama3.1-8b,S5,2072,psychology,I,B,False
llama3.1-8b,S5,2073,psychology,A,C,False
llama3.1-8b,S5,2074,psychology,I,C,False
llama3.1-8b,S5,2077,psychology,I,F,False
llama3.1-8b,S5,2078,psychology,I,J,False
llama3.1-8b,S5,2080,psychology,I,D,False
llama3.1-8b,S5,2081,psychology,I,G,False
llama3.1-8b,S5,2082,psychology,A,F,False
llama3.1-8b,S5,2084,psychology,I,G,False
llama3.1-8b,S5,2085,psychology,A,B,False
llama3.1-8b,S5,2087,psychology,I,G,False
llama3.1-8b,S5,2088,psychology,I,J,False
llama3.1-8b,S5,2089,psychology,I,E,False
llama3.1-8b,S5,2090,psychology,I,J,False
llama3.1-8b,S5,2091,psychology,I,J,False
llama3.1-8b,S5,2092,psychology,I,E,False
llama3.1-8b,S5,2096,psychology,A,A,True
llama3.1-8b,S5,2097,psychology,I,B,False
llama3.1-8b,S5,2101,psychology,A,A,True
llama3.1-8b,S5,2102,psychology,I,B,False
llama3.1-8b,S5,2104,psychology,A,J,False
llama3.1-8b,S5,2106,psychology,I,G,False
llama3.1-8b,S5,2110,psychology,I,J,False
llama3.1-8b,S5,2111,psychology,A,A,True
llama3.1-8b,S5,2114,psychology,I,J,False
llama3.1-8b,S5,2115,psychology,I,I,True
llama3.1-8b,S5,2116,psychology,I,B,False
llama3.1-8b,S5,2118,psychology,I,J,False
llama3.1-8b,S5,2119,psychology,I,E,False
llama3.1-8b,S5,2120,psychology,I,F,False
llama3.1-8b,S5,2121,psychology,I,F,False
llama3.1-8b,S5,2122,psychology,A,A,True
llama3.1-8b,S5,2123,psychology,B,B,True
llama3.1-8b,S5,2124,psychology,I,G,False
llama3.1-8b,S5,2125,psychology,I,E,False
llama3.1-8b,S5,2126,psychology,A,A,True
llama3.1-8b,S5,2127,psychology,I,B,False
llama3.1-8b,S5,2128,psychology,I,I,True
llama3.1-8b,S5,2130,psychology,I,E,False
llama3.1-8b,S5,2132,psychology,I,C,False
llama3.1-8b,S5,2133,psychology,I,H,False
llama3.1-8b,S5,2134,psychology,I,J,False
llama3.1-8b,S5,2137,psychology,I,A,False
llama3.1-8b,S5,2138,psychology,A,D,False
llama3.1-8b,S5,2139,psychology,I,A,False
llama3.1-8b,S5,2143,psychology,I,G,False
llama3.1-8b,S5,2144,psychology,A,D,False
llama3.1-8b,S5,2147,psychology,I,J,False
llama3.1-8b,S5,2148,psychology,A,F,False
llama3.1-8b,S5,2150,psychology,I,F,False
llama3.1-8b,S5,2152,psychology,A,B,False
llama3.1-8b,S5,2153,psychology,I,D,False
llama3.1-8b,S5,2159,psychology,A,H,False
llama3.1-8b,S5,2160,psychology,I,E,False
llama3.1-8b,S5,2161,psychology,A,B,False
llama3.1-8b,S5,2162,psychology,I,D,False
llama3.1-8b,S5,2163,psychology,B,H,False
llama3.1-8b,S5,2166,psychology,I,G,False
llama3.1-8b,S5,2167,psychology,I,I,True
llama3.1-8b,S5,2168,psychology,A,G,False
llama3.1-8b,S5,2170,psychology,I,H,False
llama3.1-8b,S5,2171,psychology,A,E,False
llama3.1-8b,S5,2172,psychology,A,E,False
llama3.1-8b,S5,2173,psychology,I,D,False
llama3.1-8b,S5,2174,psychology,A,A,True
llama3.1-8b,S5,2175,psychology,A,G,False
llama3.1-8b,S5,2176,psychology,A,A,True
llama3.1-8b,S5,2178,psychology,I,F,False
llama3.1-8b,S5,2179,psychology,I,F,False
llama3.1-8b,S5,2180,psychology,I,H,False
llama3.1-8b,S5,2183,psychology,I,B,False
llama3.1-8b,S5,2185,psychology,I,D,False
llama3.1-8b,S5,2187,psychology,I,D,False
llama3.1-8b,S5,2188,psychology,I,J,False
llama3.1-8b,S5,2189,psychology,I,J,False
llama3.1-8b,S5,2191,psychology,I,E,False
llama3.1-8b,S5,2193,psychology,I,B,False
llama3.1-8b,S5,2194,psychology,I,C,False
llama3.1-8b,S5,2196,psychology,I,I,True
llama3.1-8b,S5,2198,psychology,I,E,False
llama3.1-8b,S5,2201,psychology,I,F,False
llama3.1-8b,S5,2202,psychology,I,G,False
llama3.1-8b,S5,2203,psychology,A,J,False
llama3.1-8b,S5,2207,psychology,I,J,False
llama3.1-8b,S5,2208,psychology,I,C,False
llama3.1-8b,S5,2209,psychology,A,G,False
llama3.1-8b,S5,2212,psychology,I,H,False
llama3.1-8b,S5,2214,psychology,A,H,False
llama3.1-8b,S5,2215,psychology,I,E,False
llama3.1-8b,S5,2217,psychology,I,B,False
llama3.1-8b,S5,2218,psychology,I,C,False
llama3.1-8b,S5,2219,psychology,I,I,True
llama3.1-8b,S5,2220,psychology,I,G,False
llama3.1-8b,S5,2221,psychology,I,C,False
llama3.1-8b,S5,2222,psychology,I,B,False
llama3.1-8b,S5,2225,psychology,I,J,False
llama3.1-8b,S5,2226,psychology,I,D,False
llama3.1-8b,S5,2228,psychology,I,J,False
llama3.1-8b,S5,2229,psychology,A,C,False
llama3.1-8b,S5,2230,psychology,I,E,False
llama3.1-8b,S5,2232,psychology,I,G,False
llama3.1-8b,S5,2234,psychology,I,C,False
llama3.1-8b,S5,2240,psychology,I,H,False
llama3.1-8b,S5,2241,psychology,I,J,False
llama3.1-8b,S5,2242,psychology,I,F,False
llama3.1-8b,S5,2245,psychology,I,A,False
llama3.1-8b,S5,2247,psychology,I,I,True
llama3.1-8b,S5,2251,psychology,A,A,True
llama3.1-8b,S5,2252,psychology,I,G,False
llama3.1-8b,S5,2254,psychology,I,E,False
llama3.1-8b,S5,2257,psychology,I,D,False
llama3.1-8b,S5,2260,psychology,I,F,False
llama3.1-8b,S5,2261,psychology,A,E,False
llama3.1-8b,S5,2264,psychology,A,G,False
llama3.1-8b,S5,2265,psychology,I,G,False
llama3.1-8b,S5,2267,psychology,I,C,False
llama3.1-8b,S5,2269,psychology,I,G,False
llama3.1-8b,S5,2273,psychology,I,G,False
llama3.1-8b,S5,2276,psychology,I,H,False
llama3.1-8b,S5,2277,psychology,B,B,True
llama3.1-8b,S5,2278,psychology,I,I,True
llama3.1-8b,S5,2279,psychology,I,A,False
llama3.1-8b,S5,2280,psychology,A,F,False
llama3.1-8b,S5,2281,psychology,A,C,False
llama3.1-8b,S5,2282,psychology,A,H,False
llama3.1-8b,S5,2283,psychology,A,H,False
llama3.1-8b,S5,2285,psychology,A,G,False
llama3.1-8b,S5,2288,psychology,A,A,True
llama3.1-8b,S5,2289,psychology,I,G,False
llama3.1-8b,S5,2291,psychology,I,C,False
llama3.1-8b,S5,2292,psychology,A,E,False
llama3.1-8b,S5,2294,psychology,I,F,False
llama3.1-8b,S5,2295,psychology,A,J,False
llama3.1-8b,S5,2297,psychology,A,B,False
llama3.1-8b,S5,2298,psychology,I,G,False
llama3.1-8b,S5,2300,psychology,A,A,True
llama3.1-8b,S5,2302,psychology,I,E,False
llama3.1-8b,S5,2303,psychology,I,I,True
llama3.1-8b,S5,2304,psychology,I,C,False
llama3.1-8b,S5,2305,psychology,I,J,False
llama3.1-8b,S5,2306,psychology,I,F,False
llama3.1-8b,S5,2308,psychology,I,H,False
llama3.1-8b,S5,2309,psychology,A,H,False
llama3.1-8b,S5,2310,psychology,I,C,False
llama3.1-8b,S5,2312,psychology,I,E,False
llama3.1-8b,S5,2316,psychology,I,B,False
llama3.1-8b,S5,2319,psychology,I,B,False
llama3.1-8b,S5,2321,psychology,I,J,False
llama3.1-8b,S5,2324,psychology,I,G,False
llama3.1-8b,S5,2326,psychology,I,J,False
llama3.1-8b,S5,2327,psychology,I,E,False
llama3.1-8b,S5,2329,psychology,I,C,False
llama3.1-8b,S5,2330,psychology,I,E,False
llama3.1-8b,S5,2331,psychology,I,I,True
llama3.1-8b,S5,2333,psychology,A,E,False
llama3.1-8b,S5,2335,psychology,A,F,False
llama3.1-8b,S5,2339,psychology,A,H,False
llama3.1-8b,S5,2340,psychology,I,J,False
llama3.1-8b,S5,2343,psychology,A,A,True
llama3.1-8b,S5,2344,psychology,A,C,False
llama3.1-8b,S5,2345,psychology,I,F,False
llama3.1-8b,S5,2346,psychology,I,G,False
llama3.1-8b,S5,2347,psychology,I,F,False
llama3.1-8b,S5,2349,psychology,I,A,False
llama3.1-8b,S5,2351,psychology,B,B,True
llama3.1-8b,S5,2355,psychology,I,B,False
llama3.1-8b,S5,2357,psychology,I,I,True
llama3.1-8b,S5,2358,psychology,I,B,False
llama3.1-8b,S5,2359,psychology,I,I,True
llama3.1-8b,S5,2360,psychology,I,D,False
llama3.1-8b,S5,2361,psychology,A,A,True
llama3.1-8b,S5,2362,psychology,I,D,False
llama3.1-8b,S5,2363,psychology,I,A,False
llama3.1-8b,S5,2364,psychology,I,B,False
llama3.1-8b,S5,2365,psychology,I,J,False
llama3.1-8b,S5,2366,psychology,I,F,False
llama3.1-8b,S5,2368,psychology,I,C,False
llama3.1-8b,S5,2371,psychology,I,D,False
llama3.1-8b,S5,2372,psychology,I,D,False
llama3.1-8b,S5,2374,psychology,B,E,False
llama3.1-8b,S5,2377,psychology,I,J,False
llama3.1-8b,S5,2381,psychology,I,D,False
llama3.1-8b,S5,2382,psychology,I,D,False
llama3.1-8b,S5,2383,psychology,B,H,False
llama3.1-8b,S5,2387,psychology,A,A,True
llama3.1-8b,S5,2390,psychology,I,H,False
llama3.1-8b,S5,2392,psychology,A,I,False
llama3.1-8b,S5,2393,psychology,I,F,False
llama3.1-8b,S5,2394,psychology,A,A,True
llama3.1-8b,S5,2397,psychology,I,G,False
llama3.1-8b,S5,2398,psychology,A,H,False
llama3.1-8b,S5,2399,psychology,I,F,False
llama3.1-8b,S5,2400,psychology,A,B,False
llama3.1-8b,S5,2401,psychology,I,I,True
llama3.1-8b,S5,2403,psychology,I,J,False
llama3.1-8b,S5,2404,psychology,I,D,False
llama3.1-8b,S5,2405,psychology,I,E,False
llama3.1-8b,S5,2406,psychology,B,B,True
llama3.1-8b,S5,2407,psychology,A,A,True
llama3.1-8b,S5,2408,psychology,I,I,True
llama3.1-8b,S5,2409,psychology,I,E,False
llama3.1-8b,S5,2410,psychology,I,C,False
llama3.1-8b,S5,2411,psychology,I,E,False
llama3.1-8b,S5,2412,psychology,I,C,False
llama3.1-8b,S5,2413,psychology,I,I,True
llama3.1-8b,S5,2414,psychology,I,C,False
llama3.1-8b,S5,2416,psychology,I,J,False
llama3.1-8b,S5,2417,psychology,I,J,False
llama3.1-8b,S5,2418,psychology,I,H,False
llama3.1-8b,S5,2419,psychology,I,F,False
llama3.1-8b,S5,2420,psychology,A,A,True
llama3.1-8b,S5,2421,psychology,I,D,False
llama3.1-8b,S5,2422,psychology,B,B,True
llama3.1-8b,S5,2423,psychology,I,C,False
llama3.1-8b,S5,2424,psychology,I,I,True
llama3.1-8b,S5,2425,psychology,I,B,False
llama3.1-8b,S5,2426,psychology,I,H,False
llama3.1-8b,S5,2429,psychology,I,B,False
llama3.1-8b,S5,2430,psychology,I,G,False
llama3.1-8b,S5,2432,psychology,A,E,False
llama3.1-8b,S5,2434,psychology,I,F,False
llama3.1-8b,S5,2437,psychology,I,B,False
llama3.1-8b,S5,2438,psychology,A,B,False
llama3.1-8b,S5,2441,psychology,I,E,False
llama3.1-8b,S5,2442,psychology,I,G,False
llama3.1-8b,S5,2443,psychology,I,H,False
llama3.1-8b,S5,2448,psychology,I,I,True
llama3.1-8b,S5,2449,psychology,I,E,False
llama3.1-8b,S5,2450,psychology,I,G,False
llama3.1-8b,S5,2451,psychology,I,D,False
llama3.1-8b,S5,2452,psychology,I,J,False
llama3.1-8b,S5,2455,psychology,I,C,False
llama3.1-8b,S5,2458,psychology,A,F,False
llama3.1-8b,S5,2459,psychology,I,J,False
llama3.1-8b,S5,2460,psychology,I,D,False
llama3.1-8b,S5,2461,psychology,I,H,False
llama3.1-8b,S5,2463,psychology,I,C,False
llama3.1-8b,S5,2464,psychology,A,G,False
llama3.1-8b,S5,2467,psychology,A,G,False
llama3.1-8b,S5,2468,psychology,I,G,False
llama3.1-8b,S5,2470,psychology,I,C,False
llama3.1-8b,S5,2471,psychology,I,C,False
llama3.1-8b,S5,2472,psychology,I,I,True
llama3.1-8b,S5,2474,psychology,A,B,False
llama3.1-8b,S5,2475,psychology,I,C,False
llama3.1-8b,S5,2476,psychology,I,C,False
llama3.1-8b,S5,2479,psychology,A,I,False
llama3.1-8b,S5,2480,psychology,A,B,False
llama3.1-8b,S5,2481,psychology,A,D,False
llama3.1-8b,S5,2482,psychology,I,I,True
llama3.1-8b,S5,2484,psychology,I,G,False
llama3.1-8b,S5,2485,psychology,I,A,False
llama3.1-8b,S5,2486,psychology,F,F,True
llama3.1-8b,S5,2489,psychology,I,H,False
llama3.1-8b,S5,2490,psychology,I,C,False
llama3.1-8b,S5,2491,psychology,I,H,False
llama3.1-8b,S5,2492,psychology,I,A,False
llama3.1-8b,S5,2493,psychology,I,I,True
llama3.1-8b,S5,2494,psychology,I,G,False
llama3.1-8b,S5,2495,psychology,I,D,False
llama3.1-8b,S5,2497,psychology,I,A,False
llama3.1-8b,S5,2499,psychology,D,D,True
llama3.1-8b,S5,2500,psychology,I,F,False
llama3.1-8b,S5,2501,psychology,I,C,False
llama3.1-8b,S5,2502,psychology,A,C,False
llama3.1-8b,S5,2503,psychology,I,J,False
llama3.1-8b,S5,2504,psychology,I,H,False
llama3.1-8b,S5,2507,psychology,I,E,False
llama3.1-8b,S5,2508,psychology,A,E,False
llama3.1-8b,S5,2512,psychology,I,E,False
llama3.1-8b,S5,2513,psychology,I,F,False
llama3.1-8b,S5,2514,psychology,A,I,False
llama3.1-8b,S5,2515,psychology,I,B,False
llama3.1-8b,S5,2516,psychology,I,H,False
llama3.1-8b,S5,2519,psychology,I,J,False
llama3.1-8b,S5,2520,psychology,A,G,False
llama3.1-8b,S5,2522,psychology,I,H,False
llama3.1-8b,S5,2524,psychology,I,G,False
llama3.1-8b,S5,2527,psychology,A,H,False
llama3.1-8b,S5,2528,psychology,I,J,False
llama3.1-8b,S5,2530,psychology,A,C,False
llama3.1-8b,S5,2532,psychology,I,B,False
llama3.1-8b,S5,2533,psychology,A,E,False
llama3.1-8b,S5,2534,psychology,A,A,True
llama3.1-8b,S5,2535,psychology,I,D,False
llama3.1-8b,S5,2536,psychology,I,J,False
llama3.1-8b,S5,2540,psychology,I,G,False
llama3.1-8b,S5,2541,psychology,I,B,False
llama3.1-8b,S5,2542,psychology,I,H,False
llama3.1-8b,S5,2543,psychology,I,H,False
llama3.1-8b,S5,2545,psychology,A,H,False
llama3.1-8b,S5,2546,psychology,I,I,True
llama3.1-8b,S5,2548,psychology,I,G,False
llama3.1-8b,S5,2549,psychology,I,D,False
llama3.1-8b,S5,2551,psychology,I,D,False
llama3.1-8b,S5,2552,psychology,I,B,False
llama3.1-8b,S5,2554,psychology,A,A,True
llama3.1-8b,S5,2556,psychology,A,A,True
llama3.1-8b,S5,2557,psychology,I,H,False
llama3.1-8b,S5,2558,psychology,I,J,False
llama3.1-8b,S5,2560,psychology,I,A,False
llama3.1-8b,S5,2562,psychology,I,D,False
llama3.1-8b,S5,2564,psychology,I,D,False
llama3.1-8b,S5,2566,psychology,I,B,False
llama3.1-8b,S5,2568,psychology,I,E,False
llama3.1-8b,S5,2569,psychology,I,A,False
llama3.1-8b,S5,2571,psychology,I,E,False
llama3.1-8b,S5,2572,psychology,I,G,False
llama3.1-8b,S5,2573,psychology,I,B,False
llama3.1-8b,S5,2577,psychology,I,H,False
llama3.1-8b,S5,2578,psychology,A,A,True
llama3.1-8b,S5,2579,psychology,A,B,False
llama3.1-8b,S5,2581,psychology,I,B,False
llama3.1-8b,S5,2584,psychology,A,I,False
llama3.1-8b,S5,2586,psychology,I,C,False
llama3.1-8b,S5,2587,psychology,A,C,False
llama3.1-8b,S5,2588,psychology,I,C,False
llama3.1-8b,S5,2589,psychology,I,C,False
llama3.1-8b,S5,2590,psychology,I,B,False
llama3.1-8b,S5,2591,psychology,A,G,False
llama3.1-8b,S5,2593,psychology,A,F,False
llama3.1-8b,S5,2596,psychology,I,G,False
llama3.1-8b,S5,2597,psychology,I,A,False
llama3.1-8b,S5,2598,psychology,I,F,False
llama3.1-8b,S5,2599,psychology,I,A,False
llama3.1-8b,S5,2600,psychology,I,B,False
llama3.1-8b,S5,2601,psychology,I,J,False
llama3.1-8b,S5,2603,psychology,I,D,False
llama3.1-8b,S5,2604,psychology,I,D,False
llama3.1-8b,S5,2605,psychology,I,H,False
llama3.1-8b,S5,2606,psychology,I,F,False
llama3.1-8b,S5,2609,psychology,I,B,False
llama3.1-8b,S5,2610,psychology,I,J,False
llama3.1-8b,S5,2611,psychology,I,G,False
llama3.1-8b,S5,2612,psychology,I,E,False
llama3.1-8b,S5,2613,psychology,I,E,False
llama3.1-8b,S5,2614,psychology,I,G,False
llama3.1-8b,S5,2616,psychology,I,B,False
llama3.1-8b,S5,2617,psychology,I,C,False
llama3.1-8b,S5,2618,psychology,I,F,False
llama3.1-8b,S5,2619,psychology,A,F,False
llama3.1-8b,S5,2620,psychology,I,H,False
llama3.1-8b,S5,2621,psychology,I,F,False
llama3.1-8b,S5,2622,psychology,A,A,True
llama3.1-8b,S5,2625,psychology,I,G,False
llama3.1-8b,S5,2626,psychology,I,J,False
llama3.1-8b,S5,2632,psychology,I,E,False
llama3.1-8b,S5,2635,psychology,I,J,False
llama3.1-8b,S5,2639,psychology,I,H,False
llama3.1-8b,S5,2642,psychology,A,A,True
llama3.1-8b,S5,2644,psychology,I,J,False
llama3.1-8b,S5,2645,psychology,I,J,False
llama3.1-8b,S5,2646,psychology,A,I,False
llama3.1-8b,S5,2647,psychology,I,J,False
llama3.1-8b,S5,2649,psychology,I,I,True
llama3.1-8b,S5,2650,psychology,A,H,False
llama3.1-8b,S5,2651,psychology,I,D,False
llama3.1-8b,S5,2652,psychology,I,B,False
llama3.1-8b,S5,2653,psychology,I,G,False
llama3.1-8b,S5,2654,psychology,A,H,False
llama3.1-8b,S5,2655,psychology,A,A,True
llama3.1-8b,S5,2657,psychology,I,C,False
llama3.1-8b,S5,2658,psychology,C,G,False
llama3.1-8b,S5,2659,psychology,A,I,False
llama3.1-8b,S5,2661,psychology,A,B,False
llama3.1-8b,S5,2663,psychology,I,C,False
llama3.1-8b,S5,2666,psychology,I,B,False
llama3.1-8b,S5,2667,psychology,I,J,False
llama3.1-8b,S5,2668,psychology,I,E,False
llama3.1-8b,S5,2671,psychology,I,A,False
llama3.1-8b,S5,2672,psychology,I,E,False
llama3.1-8b,S5,2673,psychology,A,A,True
llama3.1-8b,S5,2674,psychology,I,F,False
llama3.1-8b,S5,2675,psychology,I,B,False
llama3.1-8b,S5,2677,psychology,I,H,False
llama3.1-8b,S5,2678,psychology,I,F,False
llama3.1-8b,S5,2679,psychology,I,G,False
llama3.1-8b,S5,2681,psychology,I,I,True
llama3.1-8b,S5,2682,psychology,I,H,False
llama3.1-8b,S5,2684,psychology,I,F,False
llama3.1-8b,S5,2687,psychology,A,D,False
llama3.1-8b,S5,2688,psychology,I,D,False
llama3.1-8b,S5,2692,psychology,A,G,False
llama3.1-8b,S5,2694,psychology,A,F,False
llama3.1-8b,S5,2695,psychology,I,E,False
llama3.1-8b,S5,2696,psychology,I,E,False
llama3.1-8b,S5,2699,psychology,A,C,False
llama3.1-8b,S5,2702,psychology,I,C,False
llama3.1-8b,S5,2703,psychology,I,H,False
llama3.1-8b,S5,2704,psychology,I,H,False
llama3.1-8b,S5,2709,psychology,I,J,False
llama3.1-8b,S5,2711,psychology,A,E,False
llama3.1-8b,S5,2712,psychology,I,H,False
llama3.1-8b,S5,2713,psychology,A,C,False
llama3.1-8b,S5,2714,psychology,I,B,False
llama3.1-8b,S5,2716,psychology,A,C,False
llama3.1-8b,S5,2718,psychology,I,H,False
llama3.1-8b,S5,2719,psychology,A,D,False
llama3.1-8b,S5,2724,psychology,I,D,False
llama3.1-8b,S5,2725,psychology,I,F,False
llama3.1-8b,S5,2727,psychology,I,D,False
llama3.1-8b,S5,2728,psychology,I,J,False
llama3.1-8b,S5,2731,psychology,I,I,True
llama3.1-8b,S5,2732,psychology,I,E,False
llama3.1-8b,S5,2733,psychology,I,B,False
llama3.1-8b,S5,2735,psychology,I,B,False
llama3.1-8b,S5,2736,psychology,I,D,False
llama3.1-8b,S5,2737,psychology,I,F,False
llama3.1-8b,S5,2739,psychology,I,H,False
llama3.1-8b,S5,2741,psychology,I,F,False
llama3.1-8b,S5,2742,psychology,I,H,False
llama3.1-8b,S5,2743,psychology,I,D,False
llama3.1-8b,S5,2744,psychology,I,F,False
llama3.1-8b,S5,2745,psychology,I,F,False
llama3.1-8b,S5,2746,psychology,I,I,True
llama3.1-8b,S5,2747,psychology,I,E,False
llama3.1-8b,S5,2748,psychology,I,F,False
llama3.1-8b,S5,2749,psychology,I,C,False
llama3.1-8b,S5,2750,psychology,I,B,False
llama3.1-8b,S5,2751,psychology,I,G,False
llama3.1-8b,S5,2752,psychology,A,D,False
llama3.1-8b,S5,2753,psychology,I,I,True
llama3.1-8b,S5,2754,psychology,I,H,False
llama3.1-8b,S5,2756,psychology,I,E,False
llama3.1-8b,S5,2758,psychology,I,I,True
llama3.1-8b,S5,2762,psychology,I,B,False
llama3.1-8b,S5,2763,psychology,I,D,False
llama3.1-8b,S5,2765,psychology,I,E,False
llama3.1-8b,S5,2766,psychology,A,I,False
llama3.1-8b,S5,2768,psychology,I,H,False
llama3.1-8b,S5,2769,psychology,I,E,False
llama3.1-8b,S5,2770,psychology,I,G,False
llama3.1-8b,S5,2775,psychology,I,G,False
llama3.1-8b,S5,2778,psychology,I,A,False
llama3.1-8b,S5,2781,psychology,I,D,False
llama3.1-8b,S5,2782,psychology,I,D,False
llama3.1-8b,S5,2783,psychology,I,I,True
llama3.1-8b,S5,2784,psychology,I,A,False
llama3.1-8b,S5,2785,psychology,I,E,False
llama3.1-8b,S5,2786,psychology,I,B,False
llama3.1-8b,S5,2787,psychology,I,G,False
llama3.1-8b,S5,2788,psychology,I,B,False
llama3.1-8b,S5,2789,psychology,I,G,False
llama3.1-8b,S5,2790,psychology,I,F,False
llama3.1-8b,S5,2792,psychology,I,E,False
llama3.1-8b,S5,2794,psychology,I,B,False
llama3.1-8b,S5,2797,psychology,I,H,False
llama3.1-8b,S5,2798,psychology,I,B,False
llama3.1-8b,S5,2799,psychology,I,I,True
llama3.1-8b,S5,2800,psychology,I,C,False
llama3.1-8b,S5,2802,psychology,I,G,False
llama3.1-8b,S5,6827,economics,I,A,False
llama3.1-8b,S5,6829,economics,I,I,True
llama3.1-8b,S5,6833,economics,I,B,False
llama3.1-8b,S5,6834,economics,I,I,True
llama3.1-8b,S5,6836,economics,I,E,False
llama3.1-8b,S5,6837,economics,I,A,False
llama3.1-8b,S5,6839,economics,I,D,False
llama3.1-8b,S5,6840,economics,I,G,False
llama3.1-8b,S5,6842,economics,A,A,True
llama3.1-8b,S5,6843,economics,I,E,False
llama3.1-8b,S5,6844,economics,A,H,False
llama3.1-8b,S5,6846,economics,I,A,False
llama3.1-8b,S5,6853,economics,A,F,False
llama3.1-8b,S5,6854,economics,I,I,True
llama3.1-8b,S5,6857,economics,I,A,False
llama3.1-8b,S5,6858,economics,I,C,False
llama3.1-8b,S5,6859,economics,I,G,False
llama3.1-8b,S5,6860,economics,I,J,False
llama3.1-8b,S5,6864,economics,I,D,False
llama3.1-8b,S5,6865,economics,I,H,False
llama3.1-8b,S5,6866,economics,I,G,False
llama3.1-8b,S5,6867,economics,I,C,False
llama3.1-8b,S5,6869,economics,I,C,False
llama3.1-8b,S5,6872,economics,I,C,False
llama3.1-8b,S5,6873,economics,I,I,True
llama3.1-8b,S5,6875,economics,I,A,False
llama3.1-8b,S5,6876,economics,I,A,False
llama3.1-8b,S5,6877,economics,I,E,False
llama3.1-8b,S5,6878,economics,I,C,False
llama3.1-8b,S5,6879,economics,I,G,False
llama3.1-8b,S5,6880,economics,I,D,False
llama3.1-8b,S5,6881,economics,I,G,False
llama3.1-8b,S5,6882,economics,I,J,False
llama3.1-8b,S5,6883,economics,I,C,False
llama3.1-8b,S5,6887,economics,I,I,True
llama3.1-8b,S5,6888,economics,A,G,False
llama3.1-8b,S5,6889,economics,I,H,False
llama3.1-8b,S5,6894,economics,I,F,False
llama3.1-8b,S5,6895,economics,I,J,False
llama3.1-8b,S5,6896,economics,I,F,False
llama3.1-8b,S5,6897,economics,A,B,False
llama3.1-8b,S5,6900,economics,I,C,False
llama3.1-8b,S5,6905,economics,A,I,False
llama3.1-8b,S5,6906,economics,I,E,False
llama3.1-8b,S5,6908,economics,I,C,False
llama3.1-8b,S5,6909,economics,I,C,False
llama3.1-8b,S5,6910,economics,I,J,False
llama3.1-8b,S5,6912,economics,A,B,False
llama3.1-8b,S5,6913,economics,I,C,False
llama3.1-8b,S5,6917,economics,A,J,False
llama3.1-8b,S5,6918,economics,A,A,True
llama3.1-8b,S5,6919,economics,I,A,False
llama3.1-8b,S5,6921,economics,A,A,True
llama3.1-8b,S5,6923,economics,I,B,False
llama3.1-8b,S5,6929,economics,I,B,False
llama3.1-8b,S5,6930,economics,I,G,False
llama3.1-8b,S5,6931,economics,I,C,False
llama3.1-8b,S5,6932,economics,I,I,True
llama3.1-8b,S5,6933,economics,I,C,False
llama3.1-8b,S5,6934,economics,I,E,False
llama3.1-8b,S5,6935,economics,I,G,False
llama3.1-8b,S5,6936,economics,I,E,False
llama3.1-8b,S5,6937,economics,I,E,False
llama3.1-8b,S5,6938,economics,I,D,False
llama3.1-8b,S5,6939,economics,I,H,False
llama3.1-8b,S5,6940,economics,I,B,False
llama3.1-8b,S5,6941,economics,I,J,False
llama3.1-8b,S5,6944,economics,I,A,False
llama3.1-8b,S5,6946,economics,I,H,False
llama3.1-8b,S5,6947,economics,I,I,True
llama3.1-8b,S5,6948,economics,A,D,False
llama3.1-8b,S5,6950,economics,I,J,False
llama3.1-8b,S5,6951,economics,I,J,False
llama3.1-8b,S5,6952,economics,I,F,False
llama3.1-8b,S5,6953,economics,I,I,True
llama3.1-8b,S5,6955,economics,I,G,False
llama3.1-8b,S5,6956,economics,I,H,False
llama3.1-8b,S5,6958,economics,I,B,False
llama3.1-8b,S5,6959,economics,I,G,False
llama3.1-8b,S5,6965,economics,I,B,False
llama3.1-8b,S5,6966,economics,A,A,True
llama3.1-8b,S5,6970,economics,I,B,False
llama3.1-8b,S5,6971,economics,I,J,False
llama3.1-8b,S5,6973,economics,I,F,False
llama3.1-8b,S5,6974,economics,A,A,True
llama3.1-8b,S5,6975,economics,I,E,False
llama3.1-8b,S5,6976,economics,I,B,False
llama3.1-8b,S5,6977,economics,I,I,True
llama3.1-8b,S5,6978,economics,I,G,False
llama3.1-8b,S5,6979,economics,I,E,False
llama3.1-8b,S5,6980,economics,I,G,False
llama3.1-8b,S5,6981,economics,I,J,False
llama3.1-8b,S5,6982,economics,I,H,False
llama3.1-8b,S5,6984,economics,I,F,False
llama3.1-8b,S5,6986,economics,A,A,True
llama3.1-8b,S5,6987,economics,I,H,False
llama3.1-8b,S5,6988,economics,I,E,False
llama3.1-8b,S5,6996,economics,I,A,False
llama3.1-8b,S5,6998,economics,I,H,False
llama3.1-8b,S5,6999,economics,A,A,True
llama3.1-8b,S5,7000,economics,I,H,False
llama3.1-8b,S5,7002,economics,I,C,False
llama3.1-8b,S5,7003,economics,I,A,False
llama3.1-8b,S5,7005,economics,I,I,True
llama3.1-8b,S5,7009,economics,D,D,True
llama3.1-8b,S5,7012,economics,I,B,False
llama3.1-8b,S5,7014,economics,I,B,False
llama3.1-8b,S5,7015,economics,I,E,False
llama3.1-8b,S5,7018,economics,I,E,False
llama3.1-8b,S5,7019,economics,I,F,False
llama3.1-8b,S5,7020,economics,I,J,False
llama3.1-8b,S5,7021,economics,I,C,False
llama3.1-8b,S5,7022,economics,I,J,False
llama3.1-8b,S5,7023,economics,I,C,False
llama3.1-8b,S5,7026,economics,I,E,False
llama3.1-8b,S5,7027,economics,A,B,False
llama3.1-8b,S5,7032,economics,I,C,False
llama3.1-8b,S5,7033,economics,I,I,True
llama3.1-8b,S5,7034,economics,I,D,False
llama3.1-8b,S5,7035,economics,I,H,False
llama3.1-8b,S5,7037,economics,A,F,False
llama3.1-8b,S5,7038,economics,I,E,False
llama3.1-8b,S5,7040,economics,I,I,True
llama3.1-8b,S5,7041,economics,I,A,False
llama3.1-8b,S5,7042,economics,I,H,False
llama3.1-8b,S5,7043,economics,I,C,False
llama3.1-8b,S5,7044,economics,I,C,False
llama3.1-8b,S5,7050,economics,I,B,False
llama3.1-8b,S5,7051,economics,I,J,False
llama3.1-8b,S5,7052,economics,I,D,False
llama3.1-8b,S5,7053,economics,I,G,False
llama3.1-8b,S5,7054,economics,A,C,False
llama3.1-8b,S5,7056,economics,I,C,False
llama3.1-8b,S5,7057,economics,I,G,False
llama3.1-8b,S5,7059,economics,I,I,True
llama3.1-8b,S5,7064,economics,A,A,True
llama3.1-8b,S5,7065,economics,I,J,False
llama3.1-8b,S5,7066,economics,I,C,False
llama3.1-8b,S5,7068,economics,I,D,False
llama3.1-8b,S5,7073,economics,I,E,False
llama3.1-8b,S5,7075,economics,I,F,False
llama3.1-8b,S5,7076,economics,I,J,False
llama3.1-8b,S5,7077,economics,I,J,False
llama3.1-8b,S5,7078,economics,I,F,False
llama3.1-8b,S5,7079,economics,I,F,False
llama3.1-8b,S5,7081,economics,I,D,False
llama3.1-8b,S5,7082,economics,A,J,False
llama3.1-8b,S5,7083,economics,I,A,False
llama3.1-8b,S5,7086,economics,I,F,False
llama3.1-8b,S5,7087,economics,I,B,False
llama3.1-8b,S5,7088,economics,I,I,True
llama3.1-8b,S5,7089,economics,I,H,False
llama3.1-8b,S5,7090,economics,I,J,False
llama3.1-8b,S5,7091,economics,I,E,False
llama3.1-8b,S5,7092,economics,I,G,False
llama3.1-8b,S5,7093,economics,I,B,False
llama3.1-8b,S5,7094,economics,I,I,True
llama3.1-8b,S5,7097,economics,I,B,False
llama3.1-8b,S5,7107,economics,I,B,False
llama3.1-8b,S5,7108,economics,I,H,False
llama3.1-8b,S5,7109,economics,I,F,False
llama3.1-8b,S5,7110,economics,I,I,True
llama3.1-8b,S5,7111,economics,I,F,False
llama3.1-8b,S5,7112,economics,I,G,False
llama3.1-8b,S5,7114,economics,A,G,False
llama3.1-8b,S5,7115,economics,I,A,False
llama3.1-8b,S5,7116,economics,A,J,False
llama3.1-8b,S5,7119,economics,I,J,False
llama3.1-8b,S5,7123,economics,I,F,False
llama3.1-8b,S5,7124,economics,I,B,False
llama3.1-8b,S5,7126,economics,I,J,False
llama3.1-8b,S5,7127,economics,F,F,True
llama3.1-8b,S5,7128,economics,I,J,False
llama3.1-8b,S5,7129,economics,I,I,True
llama3.1-8b,S5,7133,economics,I,C,False
llama3.1-8b,S5,7134,economics,B,B,True
llama3.1-8b,S5,7135,economics,I,D,False
llama3.1-8b,S5,7136,economics,I,H,False
llama3.1-8b,S5,7137,economics,I,H,False
llama3.1-8b,S5,7138,economics,I,D,False
llama3.1-8b,S5,7139,economics,I,I,True
llama3.1-8b,S5,7140,economics,I,A,False
llama3.1-8b,S5,7142,economics,I,C,False
llama3.1-8b,S5,7146,economics,I,D,False
llama3.1-8b,S5,7147,economics,I,D,False
llama3.1-8b,S5,7148,economics,I,G,False
llama3.1-8b,S5,7149,economics,I,D,False
llama3.1-8b,S5,7150,economics,I,H,False
llama3.1-8b,S5,7153,economics,I,C,False
llama3.1-8b,S5,7158,economics,I,G,False
llama3.1-8b,S5,7159,economics,I,H,False
llama3.1-8b,S5,7160,economics,A,D,False
llama3.1-8b,S5,7165,economics,I,F,False
llama3.1-8b,S5,7167,economics,I,J,False
llama3.1-8b,S5,7169,economics,A,C,False
llama3.1-8b,S5,7170,economics,I,H,False
llama3.1-8b,S5,7172,economics,I,B,False
llama3.1-8b,S5,7174,economics,I,D,False
llama3.1-8b,S5,7175,economics,I,B,False
llama3.1-8b,S5,7176,economics,D,D,True
llama3.1-8b,S5,7177,economics,I,C,False
llama3.1-8b,S5,7181,economics,I,D,False
llama3.1-8b,S5,7182,economics,F,F,True
llama3.1-8b,S5,7183,economics,I,A,False
llama3.1-8b,S5,7186,economics,I,D,False
llama3.1-8b,S5,7188,economics,A,A,True
llama3.1-8b,S5,7191,economics,A,A,True
llama3.1-8b,S5,7194,economics,I,B,False
llama3.1-8b,S5,7196,economics,A,B,False
llama3.1-8b,S5,7198,economics,I,G,False
llama3.1-8b,S5,7200,economics,I,B,False
llama3.1-8b,S5,7201,economics,I,H,False
llama3.1-8b,S5,7203,economics,I,G,False
llama3.1-8b,S5,7204,economics,I,C,False
llama3.1-8b,S5,7208,economics,I,E,False
llama3.1-8b,S5,7210,economics,I,F,False
llama3.1-8b,S5,7211,economics,I,F,False
llama3.1-8b,S5,7213,economics,I,J,False
llama3.1-8b,S5,7215,economics,I,A,False
llama3.1-8b,S5,7216,economics,A,A,True
llama3.1-8b,S5,7217,economics,I,B,False
llama3.1-8b,S5,7218,economics,I,E,False
llama3.1-8b,S5,7219,economics,I,G,False
llama3.1-8b,S5,7223,economics,I,A,False
llama3.1-8b,S5,7225,economics,I,H,False
llama3.1-8b,S5,7228,economics,I,C,False
llama3.1-8b,S5,7233,economics,I,A,False
llama3.1-8b,S5,7234,economics,I,A,False
llama3.1-8b,S5,7235,economics,A,I,False
llama3.1-8b,S5,7236,economics,I,D,False
llama3.1-8b,S5,7237,economics,I,I,True
llama3.1-8b,S5,7238,economics,I,E,False
llama3.1-8b,S5,7239,economics,I,F,False
llama3.1-8b,S5,7240,economics,I,B,False
llama3.1-8b,S5,7241,economics,I,I,True
llama3.1-8b,S5,7243,economics,I,D,False
llama3.1-8b,S5,7245,economics,I,B,False
llama3.1-8b,S5,7246,economics,I,B,False
llama3.1-8b,S5,7248,economics,I,A,False
llama3.1-8b,S5,7249,economics,A,J,False
llama3.1-8b,S5,7250,economics,I,G,False
llama3.1-8b,S5,7251,economics,I,E,False
llama3.1-8b,S5,7253,economics,I,A,False
llama3.1-8b,S5,7256,economics,I,D,False
llama3.1-8b,S5,7258,economics,I,J,False
llama3.1-8b,S5,7259,economics,I,C,False
llama3.1-8b,S5,7260,economics,I,G,False
llama3.1-8b,S5,7262,economics,I,B,False
llama3.1-8b,S5,7263,economics,I,F,False
llama3.1-8b,S5,7264,economics,I,J,False
llama3.1-8b,S5,7265,economics,I,E,False
llama3.1-8b,S5,7266,economics,I,I,True
llama3.1-8b,S5,7267,economics,I,I,True
llama3.1-8b,S5,7268,economics,I,H,False
llama3.1-8b,S5,7269,economics,I,C,False
llama3.1-8b,S5,7270,economics,I,E,False
llama3.1-8b,S5,7271,economics,I,H,False
llama3.1-8b,S5,7273,economics,I,B,False
llama3.1-8b,S5,7275,economics,I,E,False
llama3.1-8b,S5,7277,economics,I,B,False
llama3.1-8b,S5,7278,economics,I,J,False
llama3.1-8b,S5,7279,economics,I,E,False
llama3.1-8b,S5,7280,economics,I,F,False
llama3.1-8b,S5,7282,economics,I,F,False
llama3.1-8b,S5,7283,economics,I,E,False
llama3.1-8b,S5,7284,economics,I,C,False
llama3.1-8b,S5,7285,economics,I,E,False
llama3.1-8b,S5,7286,economics,I,H,False
llama3.1-8b,S5,7287,economics,I,I,True
llama3.1-8b,S5,7290,economics,I,J,False
llama3.1-8b,S5,7291,economics,I,G,False
llama3.1-8b,S5,7295,economics,A,A,True
llama3.1-8b,S5,7296,economics,I,D,False
llama3.1-8b,S5,7297,economics,I,I,True
llama3.1-8b,S5,7298,economics,A,D,False
llama3.1-8b,S5,7299,economics,I,H,False
llama3.1-8b,S5,7300,economics,I,G,False
llama3.1-8b,S5,7302,economics,I,G,False
llama3.1-8b,S5,7304,economics,I,C,False
llama3.1-8b,S5,7309,economics,A,J,False
llama3.1-8b,S5,7310,economics,I,I,True
llama3.1-8b,S5,7313,economics,I,E,False
llama3.1-8b,S5,7314,economics,I,J,False
llama3.1-8b,S5,7315,economics,I,H,False
llama3.1-8b,S5,7317,economics,I,F,False
llama3.1-8b,S5,7318,economics,A,F,False
llama3.1-8b,S5,7325,economics,I,C,False
llama3.1-8b,S5,7326,economics,I,E,False
llama3.1-8b,S5,7327,economics,I,C,False
llama3.1-8b,S5,7328,economics,I,A,False
llama3.1-8b,S5,7329,economics,I,B,False
llama3.1-8b,S5,7331,economics,I,F,False
llama3.1-8b,S5,7339,economics,I,F,False
llama3.1-8b,S5,7341,economics,I,F,False
llama3.1-8b,S5,7342,economics,I,F,False
llama3.1-8b,S5,7344,economics,I,J,False
llama3.1-8b,S5,7345,economics,I,G,False
llama3.1-8b,S5,7346,economics,I,C,False
llama3.1-8b,S5,7348,economics,I,I,True
llama3.1-8b,S5,7351,economics,I,F,False
llama3.1-8b,S5,7352,economics,I,F,False
llama3.1-8b,S5,7358,economics,I,A,False
llama3.1-8b,S5,7359,economics,I,B,False
llama3.1-8b,S5,7360,economics,A,H,False
llama3.1-8b,S5,7361,economics,I,I,True
llama3.1-8b,S5,7363,economics,I,G,False
llama3.1-8b,S5,7365,economics,I,F,False
llama3.1-8b,S5,7366,economics,I,D,False
llama3.1-8b,S5,7370,economics,I,E,False
llama3.1-8b,S5,7371,economics,I,C,False
llama3.1-8b,S5,7372,economics,I,F,False
llama3.1-8b,S5,7374,economics,I,J,False
llama3.1-8b,S5,7375,economics,I,I,True
llama3.1-8b,S5,7376,economics,I,H,False
llama3.1-8b,S5,7377,economics,I,F,False
llama3.1-8b,S5,7380,economics,I,F,False
llama3.1-8b,S5,7383,economics,I,G,False
llama3.1-8b,S5,7384,economics,I,B,False
llama3.1-8b,S5,7385,economics,A,H,False
llama3.1-8b,S5,7386,economics,I,G,False
llama3.1-8b,S5,7388,economics,I,A,False
llama3.1-8b,S5,7391,economics,A,A,True
llama3.1-8b,S5,7392,economics,I,B,False
llama3.1-8b,S5,7393,economics,I,J,False
llama3.1-8b,S5,7394,economics,I,C,False
llama3.1-8b,S5,7396,economics,I,G,False
llama3.1-8b,S5,7398,economics,I,F,False
llama3.1-8b,S5,7399,economics,I,I,True
llama3.1-8b,S5,7400,economics,A,C,False
llama3.1-8b,S5,7402,economics,I,B,False
llama3.1-8b,S5,7403,economics,A,B,False
llama3.1-8b,S5,7404,economics,I,J,False
llama3.1-8b,S5,7405,economics,I,C,False
llama3.1-8b,S5,7406,economics,I,J,False
llama3.1-8b,S5,7407,economics,I,G,False
llama3.1-8b,S5,7408,economics,I,A,False
llama3.1-8b,S5,7409,economics,I,C,False
llama3.1-8b,S5,7410,economics,I,D,False
llama3.1-8b,S5,7411,economics,I,D,False
llama3.1-8b,S5,7412,economics,I,J,False
llama3.1-8b,S5,7415,economics,I,H,False
llama3.1-8b,S5,7417,economics,I,I,True
llama3.1-8b,S5,7418,economics,I,D,False
llama3.1-8b,S5,7419,economics,I,J,False
llama3.1-8b,S5,7428,economics,I,F,False
llama3.1-8b,S5,7429,economics,I,E,False
llama3.1-8b,S5,7430,economics,I,H,False
llama3.1-8b,S5,7431,economics,A,E,False
llama3.1-8b,S5,7433,economics,B,H,False
llama3.1-8b,S5,7434,economics,I,G,False
llama3.1-8b,S5,7436,economics,A,D,False
llama3.1-8b,S5,7437,economics,I,A,False
llama3.1-8b,S5,7439,economics,I,G,False
llama3.1-8b,S5,7442,economics,I,I,True
llama3.1-8b,S5,7443,economics,A,F,False
llama3.1-8b,S5,7444,economics,A,A,True
llama3.1-8b,S5,7445,economics,I,I,True
llama3.1-8b,S5,7447,economics,I,J,False
llama3.1-8b,S5,7449,economics,I,G,False
llama3.1-8b,S5,7450,economics,I,H,False
llama3.1-8b,S5,7452,economics,I,C,False
llama3.1-8b,S5,7453,economics,I,I,True
llama3.1-8b,S5,7456,economics,I,F,False
llama3.1-8b,S5,7459,economics,A,C,False
llama3.1-8b,S5,7460,economics,A,G,False
llama3.1-8b,S5,7461,economics,I,G,False
llama3.1-8b,S5,7464,economics,I,H,False
llama3.1-8b,S5,7466,economics,I,H,False
llama3.1-8b,S5,7469,economics,I,G,False
llama3.1-8b,S5,7470,economics,I,E,False
llama3.1-8b,S5,7471,economics,I,C,False
llama3.1-8b,S5,7473,economics,I,H,False
llama3.1-8b,S5,7474,economics,I,A,False
llama3.1-8b,S5,7477,economics,I,I,True
llama3.1-8b,S5,7479,economics,I,J,False
llama3.1-8b,S5,7483,economics,I,I,True
llama3.1-8b,S5,7484,economics,I,B,False
llama3.1-8b,S5,7485,economics,I,F,False
llama3.1-8b,S5,7492,economics,I,I,True
llama3.1-8b,S5,7493,economics,I,G,False
llama3.1-8b,S5,7494,economics,I,J,False
llama3.1-8b,S5,7496,economics,I,G,False
llama3.1-8b,S5,7500,economics,I,H,False
llama3.1-8b,S5,7501,economics,I,G,False
llama3.1-8b,S5,7502,economics,I,F,False
llama3.1-8b,S5,7504,economics,A,C,False
llama3.1-8b,S5,7505,economics,I,J,False
llama3.1-8b,S5,7508,economics,I,C,False
llama3.1-8b,S5,7509,economics,I,E,False
llama3.1-8b,S5,7510,economics,I,I,True
llama3.1-8b,S5,7512,economics,I,J,False
llama3.1-8b,S5,7514,economics,I,C,False
llama3.1-8b,S5,7516,economics,I,A,False
llama3.1-8b,S5,7521,economics,I,H,False
llama3.1-8b,S5,7522,economics,I,F,False
llama3.1-8b,S5,7523,economics,I,C,False
llama3.1-8b,S5,7524,economics,I,I,True
llama3.1-8b,S5,7525,economics,I,C,False
llama3.1-8b,S5,7526,economics,I,B,False
llama3.1-8b,S5,7529,economics,I,G,False
llama3.1-8b,S5,7530,economics,I,I,True
llama3.1-8b,S5,7532,economics,I,A,False
llama3.1-8b,S5,7533,economics,I,E,False
llama3.1-8b,S5,7534,economics,I,H,False
llama3.1-8b,S5,7536,economics,I,F,False
llama3.1-8b,S5,7537,economics,I,B,False
llama3.1-8b,S5,7538,economics,I,B,False
llama3.1-8b,S5,7539,economics,I,C,False
llama3.1-8b,S5,7540,economics,I,G,False
llama3.1-8b,S5,7542,economics,I,A,False
llama3.1-8b,S5,7543,economics,I,H,False
llama3.1-8b,S5,7544,economics,I,I,True
llama3.1-8b,S5,7545,economics,A,A,True
llama3.1-8b,S5,7546,economics,I,A,False
llama3.1-8b,S5,7547,economics,I,G,False
llama3.1-8b,S5,7548,economics,I,B,False
llama3.1-8b,S5,7549,economics,A,D,False
llama3.1-8b,S5,7550,economics,I,I,True
llama3.1-8b,S5,7551,economics,I,D,False
llama3.1-8b,S5,7552,economics,I,C,False
llama3.1-8b,S5,7554,economics,I,E,False
llama3.1-8b,S5,7556,economics,I,D,False
llama3.1-8b,S5,7560,economics,I,J,False
llama3.1-8b,S5,7561,economics,I,G,False
llama3.1-8b,S5,7562,economics,I,E,False
llama3.1-8b,S5,7564,economics,I,D,False
llama3.1-8b,S5,7565,economics,I,D,False
llama3.1-8b,S5,7566,economics,I,C,False
llama3.1-8b,S5,7567,economics,I,E,False
llama3.1-8b,S5,7568,economics,I,D,False
llama3.1-8b,S5,7572,economics,I,E,False
llama3.1-8b,S5,7573,economics,I,F,False
llama3.1-8b,S5,7575,economics,I,D,False
llama3.1-8b,S5,7580,economics,I,J,False
llama3.1-8b,S5,7582,economics,A,E,False
llama3.1-8b,S5,7583,economics,I,E,False
llama3.1-8b,S5,7584,economics,I,J,False
llama3.1-8b,S5,7586,economics,I,G,False
llama3.1-8b,S5,7590,economics,I,A,False
llama3.1-8b,S5,7592,economics,I,G,False
llama3.1-8b,S5,7593,economics,I,B,False
llama3.1-8b,S5,7594,economics,I,C,False
llama3.1-8b,S5,7596,economics,I,G,False
llama3.1-8b,S5,7599,economics,I,J,False
llama3.1-8b,S5,7600,economics,I,C,False
llama3.1-8b,S5,7602,economics,I,B,False
llama3.1-8b,S5,7603,economics,I,B,False
llama3.1-8b,S5,7604,economics,I,A,False
llama3.1-8b,S5,7606,economics,I,H,False
llama3.1-8b,S5,7607,economics,I,J,False
llama3.1-8b,S5,7608,economics,I,D,False
llama3.1-8b,S5,7610,economics,I,A,False
llama3.1-8b,S5,7611,economics,I,E,False
llama3.1-8b,S5,7613,economics,I,G,False
llama3.1-8b,S5,7614,economics,I,J,False
llama3.1-8b,S5,7617,economics,I,D,False
llama3.1-8b,S5,7618,economics,A,A,True
llama3.1-8b,S5,7619,economics,I,B,False
llama3.1-8b,S5,7620,economics,I,G,False
llama3.1-8b,S5,7621,economics,A,A,True
llama3.1-8b,S5,7622,economics,I,B,False
llama3.1-8b,S5,7623,economics,I,D,False
llama3.1-8b,S5,7626,economics,I,G,False
llama3.1-8b,S5,7629,economics,I,A,False
llama3.1-8b,S5,7630,economics,I,I,True
llama3.1-8b,S5,7632,economics,I,D,False
llama3.1-8b,S5,7634,economics,C,H,False
llama3.1-8b,S5,7638,economics,I,E,False
llama3.1-8b,S5,7639,economics,I,D,False
llama3.1-8b,S5,7640,economics,I,G,False
llama3.1-8b,S5,7641,economics,I,A,False
llama3.1-8b,S5,7644,economics,I,D,False
llama3.1-8b,S5,7645,economics,I,D,False
llama3.1-8b,S5,7646,economics,I,J,False
llama3.1-8b,S5,7648,economics,A,I,False
llama3.1-8b,S5,7649,economics,I,G,False
llama3.1-8b,S5,7650,economics,I,H,False
llama3.1-8b,S5,7651,economics,I,B,False
llama3.1-8b,S5,7655,economics,I,F,False
llama3.1-8b,S5,7656,economics,A,J,False
llama3.1-8b,S5,7657,economics,I,D,False
llama3.1-8b,S5,7658,economics,I,I,True
llama3.1-8b,S5,7662,economics,I,F,False
llama3.1-8b,S5,7664,economics,I,B,False
llama3.1-8b,S5,7665,economics,I,E,False
llama3.1-8b,S5,7667,economics,I,B,False
llama3.1-8b,S5,7669,economics,I,E,False
llama3.1-8b,S5,7670,economics,I,H,False
llama3.1-8b,S5,7671,economics,I,J,False
llama3.1-8b,S5,7672,economics,I,H,False
llama3.1-8b,S5,7673,economics,I,E,False
llama3.1-8b,S5,7674,economics,A,A,True
llama3.1-8b,S5,7675,economics,I,H,False
llama3.1-8b,S5,7676,economics,I,B,False
llama3.1-8b,S5,7677,economics,I,E,False
llama3.1-8b,S5,7678,economics,I,B,False
llama3.1-8b,S5,7679,economics,I,B,False
llama3.1-8b,S5,7681,economics,I,F,False
llama3.1-8b,S5,7684,economics,I,I,True
llama3.1-8b,S5,7686,economics,I,J,False
llama3.1-8b,H,9047,physics,C,B,False
llama3.1-8b,H,9048,physics,B,J,False
llama3.1-8b,H,9049,physics,F,F,True
llama3.1-8b,H,9052,physics,G,C,False
llama3.1-8b,H,9054,physics,C,H,False
llama3.1-8b,H,9055,physics,F,F,True
llama3.1-8b,H,9059,physics,G,B,False
llama3.1-8b,H,9060,physics,C,A,False
llama3.1-8b,H,9061,physics,E,C,False
llama3.1-8b,H,9069,physics,C,G,False
llama3.1-8b,H,9070,physics,G,D,False
llama3.1-8b,H,9071,physics,C,D,False
llama3.1-8b,H,9074,physics,B,H,False
llama3.1-8b,H,9082,physics,J,E,False
llama3.1-8b,H,9085,physics,H,I,False
llama3.1-8b,H,9086,physics,F,G,False
llama3.1-8b,H,9088,physics,F,G,False
llama3.1-8b,H,9089,physics,B,D,False
llama3.1-8b,H,9091,physics,D,A,False
llama3.1-8b,H,9097,physics,B,A,False
llama3.1-8b,H,9098,physics,C,A,False
llama3.1-8b,H,9100,physics,G,B,False
llama3.1-8b,H,9104,physics,C,J,False
llama3.1-8b,H,9105,physics,G,B,False
llama3.1-8b,H,9106,physics,E,E,True
llama3.1-8b,H,9107,physics,B,A,False
llama3.1-8b,H,9108,physics,C,G,False
llama3.1-8b,H,9110,physics,B,B,True
llama3.1-8b,H,9111,physics,G,B,False
llama3.1-8b,H,9115,physics,J,J,True
llama3.1-8b,H,9116,physics,D,A,False
llama3.1-8b,H,9117,physics,F,F,True
llama3.1-8b,H,9120,physics,A,D,False
llama3.1-8b,H,9121,physics,D,H,False
llama3.1-8b,H,9123,physics,D,A,False
llama3.1-8b,H,9129,physics,D,F,False
llama3.1-8b,H,9130,physics,C,J,False
llama3.1-8b,H,9135,physics,H,E,False
llama3.1-8b,H,9140,physics,D,D,True
llama3.1-8b,H,9141,physics,J,A,False
llama3.1-8b,H,9142,physics,E,G,False
llama3.1-8b,H,9147,physics,E,J,False
llama3.1-8b,H,9149,physics,I,I,True
llama3.1-8b,H,9152,physics,E,D,False
llama3.1-8b,H,9153,physics,E,H,False
llama3.1-8b,H,9156,physics,G,A,False
llama3.1-8b,H,9157,physics,B,C,False
llama3.1-8b,H,9158,physics,E,E,True
llama3.1-8b,H,9161,physics,C,A,False
llama3.1-8b,H,9165,physics,B,B,True
llama3.1-8b,H,9167,physics,C,C,True
llama3.1-8b,H,9169,physics,H,F,False
llama3.1-8b,H,9171,physics,C,F,False
llama3.1-8b,H,9178,physics,G,D,False
llama3.1-8b,H,9179,physics,H,G,False
llama3.1-8b,H,9181,physics,E,A,False
llama3.1-8b,H,9182,physics,E,F,False
llama3.1-8b,H,9183,physics,B,H,False
llama3.1-8b,H,9185,physics,H,J,False
llama3.1-8b,H,9186,physics,C,B,False
llama3.1-8b,H,9189,physics,C,J,False
llama3.1-8b,H,9190,physics,F,F,True
llama3.1-8b,H,9193,physics,G,D,False
llama3.1-8b,H,9194,physics,B,C,False
llama3.1-8b,H,9199,physics,J,E,False
llama3.1-8b,H,9200,physics,F,E,False
llama3.1-8b,H,9206,physics,E,E,True
llama3.1-8b,H,9207,physics,G,A,False
llama3.1-8b,H,9209,physics,C,G,False
llama3.1-8b,H,9211,physics,B,B,True
llama3.1-8b,H,9213,physics,A,H,False
llama3.1-8b,H,9214,physics,J,J,True
llama3.1-8b,H,9216,physics,D,D,True
llama3.1-8b,H,9218,physics,G,C,False
llama3.1-8b,H,9223,physics,D,J,False
llama3.1-8b,H,9226,physics,C,C,True
llama3.1-8b,H,9229,physics,J,A,False
llama3.1-8b,H,9230,physics,F,G,False
llama3.1-8b,H,9231,physics,B,D,False
llama3.1-8b,H,9234,physics,E,D,False
llama3.1-8b,H,9237,physics,E,A,False
llama3.1-8b,H,9238,physics,E,B,False
llama3.1-8b,H,9239,physics,D,B,False
llama3.1-8b,H,9241,physics,A,C,False
llama3.1-8b,H,9242,physics,E,A,False
llama3.1-8b,H,9245,physics,J,J,True
llama3.1-8b,H,9246,physics,B,J,False
llama3.1-8b,H,9249,physics,A,J,False
llama3.1-8b,H,9252,physics,F,D,False
llama3.1-8b,H,9255,physics,D,D,True
llama3.1-8b,H,9257,physics,C,D,False
llama3.1-8b,H,9258,physics,D,C,False
llama3.1-8b,H,9265,physics,C,D,False
llama3.1-8b,H,9267,physics,E,F,False
llama3.1-8b,H,9272,physics,B,J,False
llama3.1-8b,H,9273,physics,E,A,False
llama3.1-8b,H,9274,physics,B,B,True
llama3.1-8b,H,9277,physics,C,A,False
llama3.1-8b,H,9278,physics,E,E,True
llama3.1-8b,H,9279,physics,C,E,False
llama3.1-8b,H,9283,physics,G,G,True
llama3.1-8b,H,9284,physics,G,I,False
llama3.1-8b,H,9290,physics,H,I,False
llama3.1-8b,H,9292,physics,B,E,False
llama3.1-8b,H,9294,physics,E,B,False
llama3.1-8b,H,9297,physics,H,J,False
llama3.1-8b,H,9300,physics,G,H,False
llama3.1-8b,H,9302,physics,F,D,False
llama3.1-8b,H,9305,physics,H,H,True
llama3.1-8b,H,9306,physics,F,F,True
llama3.1-8b,H,9309,physics,E,F,False
llama3.1-8b,H,9313,physics,B,D,False
llama3.1-8b,H,9315,physics,E,E,True
llama3.1-8b,H,9321,physics,D,I,False
llama3.1-8b,H,9322,physics,C,E,False
llama3.1-8b,H,9325,physics,G,B,False
llama3.1-8b,H,9326,physics,C,B,False
llama3.1-8b,H,9328,physics,C,I,False
llama3.1-8b,H,9333,physics,A,A,True
llama3.1-8b,H,9338,physics,H,J,False
llama3.1-8b,H,9340,physics,I,I,True
llama3.1-8b,H,9342,physics,E,J,False
llama3.1-8b,H,9343,physics,B,H,False
llama3.1-8b,H,9346,physics,G,A,False
llama3.1-8b,H,9347,physics,C,C,True
llama3.1-8b,H,9362,physics,D,D,True
llama3.1-8b,H,9365,physics,A,A,True
llama3.1-8b,H,9367,physics,J,J,True
llama3.1-8b,H,9369,physics,J,C,False
llama3.1-8b,H,9373,physics,E,G,False
llama3.1-8b,H,9374,physics,J,D,False
llama3.1-8b,H,9376,physics,C,H,False
llama3.1-8b,H,9380,physics,H,A,False
llama3.1-8b,H,9383,physics,E,I,False
llama3.1-8b,H,9385,physics,G,A,False
llama3.1-8b,H,9388,physics,F,I,False
llama3.1-8b,H,9389,physics,C,F,False
llama3.1-8b,H,9392,physics,C,E,False
llama3.1-8b,H,9395,physics,C,F,False
llama3.1-8b,H,9396,physics,C,D,False
llama3.1-8b,H,9398,physics,C,G,False
llama3.1-8b,H,9400,physics,A,H,False
llama3.1-8b,H,9401,physics,J,J,True
llama3.1-8b,H,9402,physics,H,F,False
llama3.1-8b,H,9403,physics,E,G,False
llama3.1-8b,H,9412,physics,G,G,True
llama3.1-8b,H,9414,physics,F,G,False
llama3.1-8b,H,9416,physics,B,D,False
llama3.1-8b,H,9422,physics,G,B,False
llama3.1-8b,H,9423,physics,G,J,False
llama3.1-8b,H,9424,physics,A,J,False
llama3.1-8b,H,9427,physics,B,B,True
llama3.1-8b,H,9430,physics,E,E,True
llama3.1-8b,H,9431,physics,G,G,True
llama3.1-8b,H,9438,physics,B,B,True
llama3.1-8b,H,9440,physics,E,I,False
llama3.1-8b,H,9443,physics,C,B,False
llama3.1-8b,H,9453,physics,J,C,False
llama3.1-8b,H,9454,physics,C,I,False
llama3.1-8b,H,9456,physics,B,I,False
llama3.1-8b,H,9457,physics,J,J,True
llama3.1-8b,H,9459,physics,E,G,False
llama3.1-8b,H,9460,physics,C,F,False
llama3.1-8b,H,9465,physics,B,B,True
llama3.1-8b,H,9471,physics,A,G,False
llama3.1-8b,H,9473,physics,G,F,False
llama3.1-8b,H,9474,physics,C,G,False
llama3.1-8b,H,9475,physics,C,C,True
llama3.1-8b,H,9476,physics,A,A,True
llama3.1-8b,H,9477,physics,D,D,True
llama3.1-8b,H,9479,physics,D,D,True
llama3.1-8b,H,9482,physics,B,H,False
llama3.1-8b,H,9487,physics,C,H,False
llama3.1-8b,H,9488,physics,F,G,False
llama3.1-8b,H,9495,physics,C,J,False
llama3.1-8b,H,9498,physics,E,C,False
llama3.1-8b,H,9499,physics,C,A,False
llama3.1-8b,H,9501,physics,J,G,False
llama3.1-8b,H,9503,physics,D,D,True
llama3.1-8b,H,9504,physics,G,G,True
llama3.1-8b,H,9506,physics,C,G,False
llama3.1-8b,H,9510,physics,D,D,True
llama3.1-8b,H,9512,physics,B,C,False
llama3.1-8b,H,9513,physics,B,I,False
llama3.1-8b,H,9514,physics,C,D,False
llama3.1-8b,H,9515,physics,C,A,False
llama3.1-8b,H,9517,physics,H,A,False
llama3.1-8b,H,9518,physics,H,H,True
llama3.1-8b,H,9519,physics,E,E,True
llama3.1-8b,H,9523,physics,E,F,False
llama3.1-8b,H,9526,physics,C,C,True
llama3.1-8b,H,9531,physics,G,F,False
llama3.1-8b,H,9532,physics,J,E,False
llama3.1-8b,H,9535,physics,H,H,True
llama3.1-8b,H,9536,physics,H,B,False
llama3.1-8b,H,9540,physics,G,G,True
llama3.1-8b,H,9545,physics,J,C,False
llama3.1-8b,H,9551,physics,B,B,True
llama3.1-8b,H,9557,physics,J,E,False
llama3.1-8b,H,9559,physics,C,H,False
llama3.1-8b,H,9561,physics,H,F,False
llama3.1-8b,H,9563,physics,B,J,False
llama3.1-8b,H,9564,physics,B,I,False
llama3.1-8b,H,9568,physics,G,G,True
llama3.1-8b,H,9569,physics,C,C,True
llama3.1-8b,H,9571,physics,F,G,False
llama3.1-8b,H,9572,physics,F,C,False
llama3.1-8b,H,9576,physics,C,B,False
llama3.1-8b,H,9578,physics,D,A,False
llama3.1-8b,H,9580,physics,C,E,False
llama3.1-8b,H,9582,physics,D,B,False
llama3.1-8b,H,9585,physics,D,D,True
llama3.1-8b,H,9588,physics,C,B,False
llama3.1-8b,H,9589,physics,H,A,False
llama3.1-8b,H,9591,physics,H,H,True
llama3.1-8b,H,9592,physics,J,J,True
llama3.1-8b,H,9594,physics,H,E,False
llama3.1-8b,H,9607,physics,J,A,False
llama3.1-8b,H,9610,physics,F,A,False
llama3.1-8b,H,9611,physics,B,E,False
llama3.1-8b,H,9613,physics,H,C,False
llama3.1-8b,H,9614,physics,E,E,True
llama3.1-8b,H,9615,physics,E,J,False
llama3.1-8b,H,9618,physics,B,B,True
llama3.1-8b,H,9620,physics,C,D,False
llama3.1-8b,H,9621,physics,B,B,True
llama3.1-8b,H,9622,physics,F,F,True
llama3.1-8b,H,9624,physics,G,I,False
llama3.1-8b,H,9625,physics,D,I,False
llama3.1-8b,H,9627,physics,G,C,False
llama3.1-8b,H,9628,physics,C,B,False
llama3.1-8b,H,9630,physics,G,F,False
llama3.1-8b,H,9636,physics,C,C,True
llama3.1-8b,H,9637,physics,F,F,True
llama3.1-8b,H,9639,physics,H,A,False
llama3.1-8b,H,9640,physics,B,F,False
llama3.1-8b,H,9642,physics,F,J,False
llama3.1-8b,H,9644,physics,E,I,False
llama3.1-8b,H,9645,physics,E,I,False
llama3.1-8b,H,9649,physics,H,A,False
llama3.1-8b,H,9651,physics,J,A,False
llama3.1-8b,H,9653,physics,C,A,False
llama3.1-8b,H,9659,physics,C,J,False
llama3.1-8b,H,9666,physics,E,E,True
llama3.1-8b,H,9668,physics,H,F,False
llama3.1-8b,H,9669,physics,D,G,False
llama3.1-8b,H,9670,physics,H,E,False
llama3.1-8b,H,9672,physics,D,I,False
llama3.1-8b,H,9673,physics,A,F,False
llama3.1-8b,H,9674,physics,C,C,True
llama3.1-8b,H,9676,physics,C,G,False
llama3.1-8b,H,9677,physics,C,C,True
llama3.1-8b,H,9685,physics,B,G,False
llama3.1-8b,H,9686,physics,C,H,False
llama3.1-8b,H,9687,physics,E,G,False
llama3.1-8b,H,9688,physics,J,H,False
llama3.1-8b,H,9696,physics,E,E,True
llama3.1-8b,H,9697,physics,F,H,False
llama3.1-8b,H,9703,physics,B,B,True
llama3.1-8b,H,9706,physics,D,E,False
llama3.1-8b,H,9711,physics,D,D,True
llama3.1-8b,H,9712,physics,J,C,False
llama3.1-8b,H,9713,physics,C,D,False
llama3.1-8b,H,9715,physics,E,E,True
llama3.1-8b,H,9721,physics,E,J,False
llama3.1-8b,H,9723,physics,B,H,False
llama3.1-8b,H,9726,physics,H,I,False
llama3.1-8b,H,9731,physics,J,D,False
llama3.1-8b,H,9736,physics,I,E,False
llama3.1-8b,H,9740,physics,B,F,False
llama3.1-8b,H,9743,physics,D,H,False
llama3.1-8b,H,9744,physics,H,I,False
llama3.1-8b,H,9749,physics,C,A,False
llama3.1-8b,H,9751,physics,J,G,False
llama3.1-8b,H,9755,physics,C,D,False
llama3.1-8b,H,9757,physics,C,A,False
llama3.1-8b,H,9758,physics,B,J,False
llama3.1-8b,H,9759,physics,C,H,False
llama3.1-8b,H,9761,physics,B,B,True
llama3.1-8b,H,9764,physics,C,D,False
llama3.1-8b,H,9765,physics,J,I,False
llama3.1-8b,H,9767,physics,A,A,True
llama3.1-8b,H,9769,physics,F,E,False
llama3.1-8b,H,9771,physics,H,F,False
llama3.1-8b,H,9773,physics,E,E,True
llama3.1-8b,H,9774,physics,C,D,False
llama3.1-8b,H,9776,physics,C,D,False
llama3.1-8b,H,9777,physics,E,A,False
llama3.1-8b,H,9778,physics,D,E,False
llama3.1-8b,H,9780,physics,F,B,False
llama3.1-8b,H,9785,physics,F,H,False
llama3.1-8b,H,9786,physics,C,A,False
llama3.1-8b,H,9789,physics,E,D,False
llama3.1-8b,H,9795,physics,G,C,False
llama3.1-8b,H,9800,physics,C,C,True
llama3.1-8b,H,9802,physics,D,I,False
llama3.1-8b,H,9804,physics,F,H,False
llama3.1-8b,H,9807,physics,I,I,True
llama3.1-8b,H,9809,physics,C,F,False
llama3.1-8b,H,9817,physics,E,B,False
llama3.1-8b,H,9818,physics,G,D,False
llama3.1-8b,H,9819,physics,I,I,True
llama3.1-8b,H,9824,physics,C,I,False
llama3.1-8b,H,9825,physics,F,F,True
llama3.1-8b,H,9827,physics,G,C,False
llama3.1-8b,H,9831,physics,C,I,False
llama3.1-8b,H,9832,physics,B,I,False
llama3.1-8b,H,9833,physics,C,H,False
llama3.1-8b,H,9837,physics,C,C,True
llama3.1-8b,H,9838,physics,E,G,False
llama3.1-8b,H,9839,physics,C,I,False
llama3.1-8b,H,9843,physics,C,A,False
llama3.1-8b,H,9844,physics,C,B,False
llama3.1-8b,H,9845,physics,C,G,False
llama3.1-8b,H,9849,physics,H,H,True
llama3.1-8b,H,9850,physics,E,F,False
llama3.1-8b,H,9852,physics,G,G,True
llama3.1-8b,H,9854,physics,F,D,False
llama3.1-8b,H,9856,physics,I,D,False
llama3.1-8b,H,9861,physics,G,A,False
llama3.1-8b,H,9862,physics,H,I,False
llama3.1-8b,H,9863,physics,C,A,False
llama3.1-8b,H,9864,physics,D,H,False
llama3.1-8b,H,9867,physics,B,B,True
llama3.1-8b,H,9874,physics,I,A,False
llama3.1-8b,H,9875,physics,G,H,False
llama3.1-8b,H,9876,physics,C,C,True
llama3.1-8b,H,9885,physics,C,C,True
llama3.1-8b,H,9889,physics,C,A,False
llama3.1-8b,H,9890,physics,E,J,False
llama3.1-8b,H,9897,physics,B,B,True
llama3.1-8b,H,9902,physics,J,J,True
llama3.1-8b,H,9904,physics,G,B,False
llama3.1-8b,H,9908,physics,B,I,False
llama3.1-8b,H,9911,physics,J,G,False
llama3.1-8b,H,9913,physics,D,J,False
llama3.1-8b,H,9914,physics,A,A,True
llama3.1-8b,H,9920,physics,D,E,False
llama3.1-8b,H,9923,physics,C,J,False
llama3.1-8b,H,9930,physics,E,J,False
llama3.1-8b,H,9939,physics,H,I,False
llama3.1-8b,H,9942,physics,G,F,False
llama3.1-8b,H,9943,physics,G,I,False
llama3.1-8b,H,9946,physics,D,B,False
llama3.1-8b,H,9949,physics,E,H,False
llama3.1-8b,H,9953,physics,E,F,False
llama3.1-8b,H,9954,physics,B,F,False
llama3.1-8b,H,9955,physics,G,F,False
llama3.1-8b,H,9957,physics,C,C,True
llama3.1-8b,H,9958,physics,B,E,False
llama3.1-8b,H,9959,physics,C,I,False
llama3.1-8b,H,9960,physics,F,D,False
llama3.1-8b,H,9962,physics,C,E,False
llama3.1-8b,H,9964,physics,C,B,False
llama3.1-8b,H,9967,physics,B,A,False
llama3.1-8b,H,9968,physics,G,C,False
llama3.1-8b,H,9973,physics,B,G,False
llama3.1-8b,H,9976,physics,H,E,False
llama3.1-8b,H,9981,physics,A,A,True
llama3.1-8b,H,9986,physics,E,B,False
llama3.1-8b,H,9988,physics,C,G,False
llama3.1-8b,H,9994,physics,G,H,False
llama3.1-8b,H,10004,physics,F,C,False
llama3.1-8b,H,10011,physics,G,I,False
llama3.1-8b,H,10012,physics,I,I,True
llama3.1-8b,H,10014,physics,H,H,True
llama3.1-8b,H,10016,physics,C,C,True
llama3.1-8b,H,10017,physics,C,E,False
llama3.1-8b,H,10018,physics,D,D,True
llama3.1-8b,H,10020,physics,A,H,False
llama3.1-8b,H,10021,physics,C,I,False
llama3.1-8b,H,10022,physics,H,D,False
llama3.1-8b,H,10029,physics,H,F,False
llama3.1-8b,H,10032,physics,B,B,True
llama3.1-8b,H,10033,physics,B,B,True
llama3.1-8b,H,10034,physics,B,E,False
llama3.1-8b,H,10038,physics,B,B,True
llama3.1-8b,H,10040,physics,E,H,False
llama3.1-8b,H,10041,physics,G,E,False
llama3.1-8b,H,10042,physics,I,A,False
llama3.1-8b,H,10043,physics,G,A,False
llama3.1-8b,H,10049,physics,A,I,False
llama3.1-8b,H,10050,physics,B,H,False
llama3.1-8b,H,10052,physics,J,C,False
llama3.1-8b,H,10058,physics,A,J,False
llama3.1-8b,H,10059,physics,F,A,False
llama3.1-8b,H,10060,physics,B,C,False
llama3.1-8b,H,10063,physics,A,A,True
llama3.1-8b,H,10069,physics,C,C,True
llama3.1-8b,H,10070,physics,E,G,False
llama3.1-8b,H,10076,physics,E,A,False
llama3.1-8b,H,10079,physics,H,I,False
llama3.1-8b,H,10083,physics,B,F,False
llama3.1-8b,H,10086,physics,G,A,False
llama3.1-8b,H,10089,physics,E,I,False
llama3.1-8b,H,10091,physics,C,H,False
llama3.1-8b,H,10092,physics,C,B,False
llama3.1-8b,H,10095,physics,E,F,False
llama3.1-8b,H,10099,physics,G,J,False
llama3.1-8b,H,10100,physics,J,J,True
llama3.1-8b,H,10102,physics,E,J,False
llama3.1-8b,H,10105,physics,B,E,False
llama3.1-8b,H,10110,physics,B,J,False
llama3.1-8b,H,10113,physics,C,G,False
llama3.1-8b,H,10116,physics,C,A,False
llama3.1-8b,H,10118,physics,F,F,True
llama3.1-8b,H,10121,physics,C,J,False
llama3.1-8b,H,10123,physics,H,H,True
llama3.1-8b,H,10126,physics,G,G,True
llama3.1-8b,H,10135,physics,E,J,False
llama3.1-8b,H,10139,physics,F,I,False
llama3.1-8b,H,10140,physics,F,H,False
llama3.1-8b,H,10143,physics,B,A,False
llama3.1-8b,H,10144,physics,E,E,True
llama3.1-8b,H,10147,physics,C,E,False
llama3.1-8b,H,10149,physics,F,C,False
llama3.1-8b,H,10150,physics,D,D,True
llama3.1-8b,H,10151,physics,G,D,False
llama3.1-8b,H,10152,physics,E,E,True
llama3.1-8b,H,10153,physics,H,F,False
llama3.1-8b,H,10155,physics,H,H,True
llama3.1-8b,H,10162,physics,G,E,False
llama3.1-8b,H,10165,physics,F,H,False
llama3.1-8b,H,10168,physics,J,B,False
llama3.1-8b,H,10173,physics,B,F,False
llama3.1-8b,H,10180,physics,G,J,False
llama3.1-8b,H,10182,physics,E,E,True
llama3.1-8b,H,10188,physics,H,I,False
llama3.1-8b,H,10190,physics,H,B,False
llama3.1-8b,H,10191,physics,H,H,True
llama3.1-8b,H,10193,physics,H,H,True
llama3.1-8b,H,10194,physics,C,A,False
llama3.1-8b,H,10195,physics,G,H,False
llama3.1-8b,H,10199,physics,D,D,True
llama3.1-8b,H,10201,physics,B,D,False
llama3.1-8b,H,10206,physics,D,A,False
llama3.1-8b,H,10207,physics,I,I,True
llama3.1-8b,H,10209,physics,C,B,False
llama3.1-8b,H,10211,physics,I,I,True
llama3.1-8b,H,10213,physics,C,A,False
llama3.1-8b,H,10220,physics,C,J,False
llama3.1-8b,H,10226,physics,J,D,False
llama3.1-8b,H,10229,physics,C,I,False
llama3.1-8b,H,10235,physics,E,A,False
llama3.1-8b,H,10237,physics,B,J,False
llama3.1-8b,H,10240,physics,A,G,False
llama3.1-8b,H,10241,physics,C,G,False
llama3.1-8b,H,10243,physics,B,J,False
llama3.1-8b,H,10249,physics,C,J,False
llama3.1-8b,H,10250,physics,F,B,False
llama3.1-8b,H,10251,physics,D,E,False
llama3.1-8b,H,10253,physics,B,A,False
llama3.1-8b,H,10255,physics,F,J,False
llama3.1-8b,H,10259,physics,J,J,True
llama3.1-8b,H,10260,physics,D,H,False
llama3.1-8b,H,10261,physics,I,F,False
llama3.1-8b,H,10268,physics,E,A,False
llama3.1-8b,H,10273,physics,J,A,False
llama3.1-8b,H,10274,physics,C,I,False
llama3.1-8b,H,10276,physics,H,B,False
llama3.1-8b,H,10283,physics,A,I,False
llama3.1-8b,H,10286,physics,D,D,True
llama3.1-8b,H,10287,physics,D,A,False
llama3.1-8b,H,10292,physics,G,G,True
llama3.1-8b,H,10293,physics,D,I,False
llama3.1-8b,H,10295,physics,H,G,False
llama3.1-8b,H,10298,physics,C,C,True
llama3.1-8b,H,10299,physics,E,E,True
llama3.1-8b,H,10307,physics,H,C,False
llama3.1-8b,H,10308,physics,E,E,True
llama3.1-8b,H,10310,physics,C,C,True
llama3.1-8b,H,10311,physics,G,F,False
llama3.1-8b,H,10314,physics,F,F,True
llama3.1-8b,H,10316,physics,A,J,False
llama3.1-8b,H,10317,physics,E,F,False
llama3.1-8b,H,10318,physics,G,G,True
llama3.1-8b,H,10319,physics,F,B,False
llama3.1-8b,H,10320,physics,C,J,False
llama3.1-8b,H,10322,physics,F,A,False
llama3.1-8b,H,10324,physics,E,D,False
llama3.1-8b,H,10326,physics,F,B,False
llama3.1-8b,H,10330,physics,C,C,True
llama3.1-8b,H,10333,physics,C,C,True
llama3.1-8b,H,10335,physics,H,H,True
llama3.1-8b,H,10336,physics,F,E,False
llama3.1-8b,H,10337,physics,G,G,True
llama3.1-8b,H,10340,physics,E,D,False
llama3.1-8b,H,10344,physics,B,A,False
llama3.1-8b,H,10345,physics,E,G,False
llama3.1-8b,H,10346,physics,E,I,False
llama3.1-8b,H,10348,physics,C,J,False
llama3.1-8b,H,10349,physics,G,A,False
llama3.1-8b,H,10350,physics,B,B,True
llama3.1-8b,H,10352,physics,E,D,False
llama3.1-8b,H,10353,physics,H,H,True
llama3.1-8b,H,10354,physics,G,H,False
llama3.1-8b,H,10355,physics,E,E,True
llama3.1-8b,H,866,law,E,D,False
llama3.1-8b,H,867,law,G,B,False
llama3.1-8b,H,871,law,F,C,False
llama3.1-8b,H,872,law,F,G,False
llama3.1-8b,H,873,law,B,E,False
llama3.1-8b,H,874,law,G,A,False
llama3.1-8b,H,876,law,B,I,False
llama3.1-8b,H,879,law,I,A,False
llama3.1-8b,H,885,law,G,C,False
llama3.1-8b,H,889,law,D,C,False
llama3.1-8b,H,890,law,C,G,False
llama3.1-8b,H,894,law,A,H,False
llama3.1-8b,H,895,law,G,H,False
llama3.1-8b,H,896,law,B,G,False
llama3.1-8b,H,899,law,D,G,False
llama3.1-8b,H,902,law,I,I,True
llama3.1-8b,H,903,law,B,B,True
llama3.1-8b,H,905,law,J,A,False
llama3.1-8b,H,907,law,I,J,False
llama3.1-8b,H,908,law,I,B,False
llama3.1-8b,H,909,law,B,B,True
llama3.1-8b,H,913,law,A,E,False
llama3.1-8b,H,915,law,I,G,False
llama3.1-8b,H,917,law,I,I,True
llama3.1-8b,H,918,law,D,J,False
llama3.1-8b,H,919,law,B,E,False
llama3.1-8b,H,922,law,E,D,False
llama3.1-8b,H,923,law,D,F,False
llama3.1-8b,H,924,law,J,J,True
llama3.1-8b,H,925,law,J,J,True
llama3.1-8b,H,933,law,H,H,True
llama3.1-8b,H,937,law,B,D,False
llama3.1-8b,H,939,law,G,G,True
llama3.1-8b,H,942,law,J,F,False
llama3.1-8b,H,943,law,H,F,False
llama3.1-8b,H,944,law,D,D,True
llama3.1-8b,H,946,law,B,B,True
llama3.1-8b,H,952,law,C,D,False
llama3.1-8b,H,954,law,G,E,False
llama3.1-8b,H,955,law,G,A,False
llama3.1-8b,H,958,law,J,J,True
llama3.1-8b,H,959,law,G,A,False
llama3.1-8b,H,965,law,G,F,False
llama3.1-8b,H,969,law,A,I,False
llama3.1-8b,H,971,law,C,C,True
llama3.1-8b,H,973,law,F,H,False
llama3.1-8b,H,974,law,F,G,False
llama3.1-8b,H,975,law,C,D,False
llama3.1-8b,H,976,law,G,E,False
llama3.1-8b,H,981,law,I,I,True
llama3.1-8b,H,983,law,D,G,False
llama3.1-8b,H,984,law,A,B,False
llama3.1-8b,H,985,law,H,G,False
llama3.1-8b,H,986,law,J,B,False
llama3.1-8b,H,988,law,C,B,False
llama3.1-8b,H,990,law,E,G,False
llama3.1-8b,H,991,law,E,E,True
llama3.1-8b,H,994,law,F,H,False
llama3.1-8b,H,995,law,E,F,False
llama3.1-8b,H,1000,law,G,A,False
llama3.1-8b,H,1004,law,A,F,False
llama3.1-8b,H,1005,law,D,D,True
llama3.1-8b,H,1007,law,C,A,False
llama3.1-8b,H,1008,law,G,J,False
llama3.1-8b,H,1010,law,C,E,False
llama3.1-8b,H,1015,law,C,F,False
llama3.1-8b,H,1016,law,G,H,False
llama3.1-8b,H,1017,law,B,B,True
llama3.1-8b,H,1019,law,F,A,False
llama3.1-8b,H,1032,law,B,D,False
llama3.1-8b,H,1036,law,A,B,False
llama3.1-8b,H,1038,law,B,B,True
llama3.1-8b,H,1040,law,B,I,False
llama3.1-8b,H,1041,law,F,I,False
llama3.1-8b,H,1042,law,I,E,False
llama3.1-8b,H,1044,law,E,B,False
llama3.1-8b,H,1045,law,G,E,False
llama3.1-8b,H,1050,law,J,A,False
llama3.1-8b,H,1051,law,F,D,False
llama3.1-8b,H,1052,law,D,A,False
llama3.1-8b,H,1053,law,J,B,False
llama3.1-8b,H,1055,law,H,C,False
llama3.1-8b,H,1061,law,F,F,True
llama3.1-8b,H,1063,law,C,A,False
llama3.1-8b,H,1064,law,J,A,False
llama3.1-8b,H,1065,law,F,F,True
llama3.1-8b,H,1067,law,J,J,True
llama3.1-8b,H,1068,law,G,B,False
llama3.1-8b,H,1069,law,F,F,True
llama3.1-8b,H,1070,law,E,E,True
llama3.1-8b,H,1071,law,C,A,False
llama3.1-8b,H,1072,law,F,F,True
llama3.1-8b,H,1073,law,A,F,False
llama3.1-8b,H,1076,law,D,D,True
llama3.1-8b,H,1077,law,I,I,True
llama3.1-8b,H,1078,law,C,B,False
llama3.1-8b,H,1079,law,J,I,False
llama3.1-8b,H,1083,law,I,A,False
llama3.1-8b,H,1084,law,G,J,False
llama3.1-8b,H,1085,law,B,I,False
llama3.1-8b,H,1086,law,A,C,False
llama3.1-8b,H,1090,law,A,A,True
llama3.1-8b,H,1091,law,C,A,False
llama3.1-8b,H,1094,law,J,A,False
llama3.1-8b,H,1096,law,J,A,False
llama3.1-8b,H,1099,law,J,I,False
llama3.1-8b,H,1100,law,E,D,False
llama3.1-8b,H,1101,law,E,E,True
llama3.1-8b,H,1103,law,J,G,False
llama3.1-8b,H,1106,law,C,C,True
llama3.1-8b,H,1108,law,D,G,False
llama3.1-8b,H,1110,law,C,I,False
llama3.1-8b,H,1114,law,B,B,True
llama3.1-8b,H,1116,law,B,A,False
llama3.1-8b,H,1117,law,G,D,False
llama3.1-8b,H,1123,law,D,D,True
llama3.1-8b,H,1124,law,C,C,True
llama3.1-8b,H,1132,law,B,F,False
llama3.1-8b,H,1136,law,I,H,False
llama3.1-8b,H,1137,law,F,C,False
llama3.1-8b,H,1139,law,A,I,False
llama3.1-8b,H,1142,law,F,I,False
llama3.1-8b,H,1143,law,B,A,False
llama3.1-8b,H,1144,law,E,E,True
llama3.1-8b,H,1145,law,J,J,True
llama3.1-8b,H,1146,law,E,E,True
llama3.1-8b,H,1147,law,H,C,False
llama3.1-8b,H,1154,law,C,D,False
llama3.1-8b,H,1155,law,G,G,True
llama3.1-8b,H,1156,law,C,C,True
llama3.1-8b,H,1158,law,I,C,False
llama3.1-8b,H,1159,law,D,D,True
llama3.1-8b,H,1161,law,I,I,True
llama3.1-8b,H,1162,law,F,F,True
llama3.1-8b,H,1163,law,G,D,False
llama3.1-8b,H,1165,law,C,C,True
llama3.1-8b,H,1168,law,F,H,False
llama3.1-8b,H,1169,law,C,F,False
llama3.1-8b,H,1172,law,A,A,True
llama3.1-8b,H,1174,law,C,B,False
llama3.1-8b,H,1179,law,B,F,False
llama3.1-8b,H,1183,law,F,A,False
llama3.1-8b,H,1184,law,C,I,False
llama3.1-8b,H,1185,law,A,I,False
llama3.1-8b,H,1187,law,H,F,False
llama3.1-8b,H,1189,law,C,E,False
llama3.1-8b,H,1190,law,I,E,False
llama3.1-8b,H,1191,law,H,J,False
llama3.1-8b,H,1193,law,G,A,False
llama3.1-8b,H,1195,law,G,J,False
llama3.1-8b,H,1199,law,J,J,True
llama3.1-8b,H,1203,law,B,I,False
llama3.1-8b,H,1204,law,J,F,False
llama3.1-8b,H,1205,law,C,H,False
llama3.1-8b,H,1206,law,B,D,False
llama3.1-8b,H,1207,law,J,H,False
llama3.1-8b,H,1208,law,A,A,True
llama3.1-8b,H,1209,law,I,I,True
llama3.1-8b,H,1211,law,G,C,False
llama3.1-8b,H,1212,law,A,A,True
llama3.1-8b,H,1214,law,G,H,False
llama3.1-8b,H,1215,law,J,J,True
llama3.1-8b,H,1216,law,H,H,True
llama3.1-8b,H,1218,law,E,E,True
llama3.1-8b,H,1220,law,D,A,False
llama3.1-8b,H,1221,law,J,G,False
llama3.1-8b,H,1223,law,F,G,False
llama3.1-8b,H,1227,law,I,I,True
llama3.1-8b,H,1228,law,G,G,True
llama3.1-8b,H,1229,law,D,H,False
llama3.1-8b,H,1231,law,B,B,True
llama3.1-8b,H,1237,law,J,G,False
llama3.1-8b,H,1241,law,A,I,False
llama3.1-8b,H,1243,law,A,B,False
llama3.1-8b,H,1244,law,D,G,False
llama3.1-8b,H,1245,law,I,I,True
llama3.1-8b,H,1248,law,E,D,False
llama3.1-8b,H,1252,law,F,A,False
llama3.1-8b,H,1255,law,A,A,True
llama3.1-8b,H,1259,law,J,H,False
llama3.1-8b,H,1261,law,C,G,False
llama3.1-8b,H,1263,law,B,B,True
llama3.1-8b,H,1266,law,C,C,True
llama3.1-8b,H,1267,law,D,E,False
llama3.1-8b,H,1268,law,D,D,True
llama3.1-8b,H,1276,law,A,A,True
llama3.1-8b,H,1278,law,J,I,False
llama3.1-8b,H,1279,law,F,F,True
llama3.1-8b,H,1281,law,C,G,False
llama3.1-8b,H,1283,law,I,I,True
llama3.1-8b,H,1288,law,G,G,True
llama3.1-8b,H,1291,law,F,E,False
llama3.1-8b,H,1292,law,A,H,False
llama3.1-8b,H,1294,law,H,H,True
llama3.1-8b,H,1295,law,E,E,True
llama3.1-8b,H,1302,law,G,G,True
llama3.1-8b,H,1303,law,G,A,False
llama3.1-8b,H,1304,law,A,A,True
llama3.1-8b,H,1305,law,G,G,True
llama3.1-8b,H,1307,law,J,A,False
llama3.1-8b,H,1308,law,C,I,False
llama3.1-8b,H,1309,law,E,E,True
llama3.1-8b,H,1311,law,D,I,False
llama3.1-8b,H,1317,law,E,I,False
llama3.1-8b,H,1318,law,C,E,False
llama3.1-8b,H,1319,law,C,A,False
llama3.1-8b,H,1320,law,D,A,False
llama3.1-8b,H,1322,law,I,I,True
llama3.1-8b,H,1323,law,A,A,True
llama3.1-8b,H,1324,law,D,B,False
llama3.1-8b,H,1325,law,G,G,True
llama3.1-8b,H,1326,law,J,J,True
llama3.1-8b,H,1328,law,A,A,True
llama3.1-8b,H,1336,law,G,J,False
llama3.1-8b,H,1339,law,G,A,False
llama3.1-8b,H,1344,law,F,F,True
llama3.1-8b,H,1348,law,C,I,False
llama3.1-8b,H,1350,law,H,H,True
llama3.1-8b,H,1353,law,D,D,True
llama3.1-8b,H,1356,law,A,B,False
llama3.1-8b,H,1357,law,A,I,False
llama3.1-8b,H,1359,law,A,A,True
llama3.1-8b,H,1362,law,F,D,False
llama3.1-8b,H,1363,law,F,F,True
llama3.1-8b,H,1364,law,G,G,True
llama3.1-8b,H,1365,law,D,H,False
llama3.1-8b,H,1366,law,B,J,False
llama3.1-8b,H,1368,law,G,G,True
llama3.1-8b,H,1371,law,J,F,False
llama3.1-8b,H,1372,law,H,J,False
llama3.1-8b,H,1373,law,C,C,True
llama3.1-8b,H,1375,law,D,G,False
llama3.1-8b,H,1376,law,I,I,True
llama3.1-8b,H,1380,law,A,C,False
llama3.1-8b,H,1386,law,G,I,False
llama3.1-8b,H,1388,law,C,I,False
llama3.1-8b,H,1391,law,A,A,True
llama3.1-8b,H,1393,law,B,B,True
llama3.1-8b,H,1395,law,E,B,False
llama3.1-8b,H,1398,law,B,B,True
llama3.1-8b,H,1399,law,J,D,False
llama3.1-8b,H,1401,law,C,G,False
llama3.1-8b,H,1403,law,J,F,False
llama3.1-8b,H,1404,law,J,I,False
llama3.1-8b,H,1406,law,G,B,False
llama3.1-8b,H,1410,law,J,H,False
llama3.1-8b,H,1411,law,C,E,False
llama3.1-8b,H,1413,law,G,F,False
llama3.1-8b,H,1415,law,B,E,False
llama3.1-8b,H,1418,law,C,B,False
llama3.1-8b,H,1419,law,B,F,False
llama3.1-8b,H,1420,law,C,H,False
llama3.1-8b,H,1422,law,C,G,False
llama3.1-8b,H,1423,law,D,G,False
llama3.1-8b,H,1424,law,I,H,False
llama3.1-8b,H,1425,law,A,A,True
llama3.1-8b,H,1426,law,J,B,False
llama3.1-8b,H,1427,law,C,J,False
llama3.1-8b,H,1429,law,A,A,True
llama3.1-8b,H,1431,law,D,D,True
llama3.1-8b,H,1433,law,G,D,False
llama3.1-8b,H,1437,law,J,J,True
llama3.1-8b,H,1440,law,B,B,True
llama3.1-8b,H,1441,law,I,H,False
llama3.1-8b,H,1445,law,J,D,False
llama3.1-8b,H,1446,law,H,G,False
llama3.1-8b,H,1447,law,B,F,False
llama3.1-8b,H,1449,law,G,G,True
llama3.1-8b,H,1450,law,E,I,False
llama3.1-8b,H,1452,law,D,D,True
llama3.1-8b,H,1463,law,G,J,False
llama3.1-8b,H,1464,law,B,H,False
llama3.1-8b,H,1465,law,E,F,False
llama3.1-8b,H,1468,law,C,E,False
llama3.1-8b,H,1472,law,A,J,False
llama3.1-8b,H,1473,law,A,I,False
llama3.1-8b,H,1474,law,D,I,False
llama3.1-8b,H,1475,law,J,B,False
llama3.1-8b,H,1476,law,F,D,False
llama3.1-8b,H,1479,law,A,A,True
llama3.1-8b,H,1482,law,B,E,False
llama3.1-8b,H,1483,law,C,G,False
llama3.1-8b,H,1484,law,D,J,False
llama3.1-8b,H,1486,law,F,F,True
llama3.1-8b,H,1488,law,A,G,False
llama3.1-8b,H,1491,law,H,H,True
llama3.1-8b,H,1492,law,E,E,True
llama3.1-8b,H,1496,law,C,C,True
llama3.1-8b,H,1500,law,E,D,False
llama3.1-8b,H,1503,law,B,F,False
llama3.1-8b,H,1504,law,B,H,False
llama3.1-8b,H,1505,law,E,I,False
llama3.1-8b,H,1506,law,G,H,False
llama3.1-8b,H,1507,law,G,H,False
llama3.1-8b,H,1508,law,D,F,False
llama3.1-8b,H,1510,law,I,F,False
llama3.1-8b,H,1513,law,G,D,False
llama3.1-8b,H,1514,law,A,H,False
llama3.1-8b,H,1515,law,J,I,False
llama3.1-8b,H,1516,law,D,D,True
llama3.1-8b,H,1521,law,G,I,False
llama3.1-8b,H,1523,law,C,D,False
llama3.1-8b,H,1524,law,B,F,False
llama3.1-8b,H,1526,law,E,I,False
llama3.1-8b,H,1527,law,E,C,False
llama3.1-8b,H,1530,law,B,I,False
llama3.1-8b,H,1531,law,A,A,True
llama3.1-8b,H,1533,law,D,J,False
llama3.1-8b,H,1534,law,A,A,True
llama3.1-8b,H,1536,law,H,F,False
llama3.1-8b,H,1537,law,J,G,False
llama3.1-8b,H,1539,law,C,H,False
llama3.1-8b,H,1540,law,C,I,False
llama3.1-8b,H,1547,law,G,G,True
llama3.1-8b,H,1548,law,C,E,False
llama3.1-8b,H,1550,law,C,G,False
llama3.1-8b,H,1551,law,F,I,False
llama3.1-8b,H,1555,law,E,F,False
llama3.1-8b,H,1559,law,C,C,True
llama3.1-8b,H,1560,law,D,A,False
llama3.1-8b,H,1562,law,H,A,False
llama3.1-8b,H,1563,law,J,A,False
llama3.1-8b,H,1564,law,C,C,True
llama3.1-8b,H,1565,law,A,A,True
llama3.1-8b,H,1567,law,G,H,False
llama3.1-8b,H,1574,law,B,F,False
llama3.1-8b,H,1577,law,I,E,False
llama3.1-8b,H,1580,law,C,A,False
llama3.1-8b,H,1585,law,F,C,False
llama3.1-8b,H,1586,law,B,E,False
llama3.1-8b,H,1588,law,F,I,False
llama3.1-8b,H,1590,law,J,F,False
llama3.1-8b,H,1592,law,G,C,False
llama3.1-8b,H,1595,law,J,J,True
llama3.1-8b,H,1598,law,A,A,True
llama3.1-8b,H,1599,law,C,I,False
llama3.1-8b,H,1601,law,H,G,False
llama3.1-8b,H,1602,law,E,E,True
llama3.1-8b,H,1605,law,D,D,True
llama3.1-8b,H,1606,law,D,E,False
llama3.1-8b,H,1607,law,B,H,False
llama3.1-8b,H,1608,law,G,C,False
llama3.1-8b,H,1609,law,E,E,True
llama3.1-8b,H,1612,law,E,E,True
llama3.1-8b,H,1613,law,I,I,True
llama3.1-8b,H,1614,law,E,E,True
llama3.1-8b,H,1615,law,J,H,False
llama3.1-8b,H,1619,law,B,G,False
llama3.1-8b,H,1620,law,D,D,True
llama3.1-8b,H,1621,law,G,G,True
llama3.1-8b,H,1624,law,I,E,False
llama3.1-8b,H,1634,law,B,B,True
llama3.1-8b,H,1638,law,G,J,False
llama3.1-8b,H,1639,law,B,C,False
llama3.1-8b,H,1641,law,H,E,False
llama3.1-8b,H,1642,law,B,C,False
llama3.1-8b,H,1643,law,E,G,False
llama3.1-8b,H,1644,law,H,I,False
llama3.1-8b,H,1646,law,B,I,False
llama3.1-8b,H,1647,law,G,A,False
llama3.1-8b,H,1648,law,H,C,False
llama3.1-8b,H,1652,law,F,I,False
llama3.1-8b,H,1659,law,J,H,False
llama3.1-8b,H,1660,law,A,G,False
llama3.1-8b,H,1663,law,B,J,False
llama3.1-8b,H,1664,law,H,C,False
llama3.1-8b,H,1668,law,G,G,True
llama3.1-8b,H,1669,law,E,E,True
llama3.1-8b,H,1674,law,F,E,False
llama3.1-8b,H,1675,law,B,G,False
llama3.1-8b,H,1677,law,C,J,False
llama3.1-8b,H,1678,law,A,C,False
llama3.1-8b,H,1679,law,A,I,False
llama3.1-8b,H,1681,law,E,A,False
llama3.1-8b,H,1683,law,B,G,False
llama3.1-8b,H,1688,law,C,J,False
llama3.1-8b,H,1689,law,F,A,False
llama3.1-8b,H,1691,law,C,J,False
llama3.1-8b,H,1693,law,B,E,False
llama3.1-8b,H,1695,law,D,I,False
llama3.1-8b,H,1696,law,J,B,False
llama3.1-8b,H,1697,law,F,C,False
llama3.1-8b,H,1702,law,B,C,False
llama3.1-8b,H,1704,law,E,G,False
llama3.1-8b,H,1706,law,C,C,True
llama3.1-8b,H,1707,law,B,H,False
llama3.1-8b,H,1708,law,B,G,False
llama3.1-8b,H,1709,law,H,B,False
llama3.1-8b,H,1710,law,F,E,False
llama3.1-8b,H,1711,law,D,E,False
llama3.1-8b,H,1713,law,G,H,False
llama3.1-8b,H,1714,law,B,B,True
llama3.1-8b,H,1720,law,C,G,False
llama3.1-8b,H,1721,law,D,A,False
llama3.1-8b,H,1723,law,F,J,False
llama3.1-8b,H,1725,law,B,B,True
llama3.1-8b,H,1726,law,C,C,True
llama3.1-8b,H,1735,law,G,F,False
llama3.1-8b,H,1737,law,E,B,False
llama3.1-8b,H,1740,law,J,D,False
llama3.1-8b,H,1741,law,C,E,False
llama3.1-8b,H,1745,law,E,A,False
llama3.1-8b,H,1747,law,D,B,False
llama3.1-8b,H,1748,law,J,D,False
llama3.1-8b,H,1749,law,E,B,False
llama3.1-8b,H,1751,law,J,J,True
llama3.1-8b,H,1752,law,C,A,False
llama3.1-8b,H,1754,law,G,E,False
llama3.1-8b,H,1760,law,A,A,True
llama3.1-8b,H,1764,law,G,A,False
llama3.1-8b,H,1765,law,J,J,True
llama3.1-8b,H,1769,law,E,H,False
llama3.1-8b,H,1770,law,D,D,True
llama3.1-8b,H,1771,law,G,G,True
llama3.1-8b,H,1772,law,C,J,False
llama3.1-8b,H,1773,law,C,I,False
llama3.1-8b,H,1775,law,G,E,False
llama3.1-8b,H,1776,law,H,J,False
llama3.1-8b,H,1778,law,D,J,False
llama3.1-8b,H,1779,law,J,H,False
llama3.1-8b,H,1782,law,G,C,False
llama3.1-8b,H,1785,law,H,A,False
llama3.1-8b,H,1787,law,C,C,True
llama3.1-8b,H,1788,law,B,J,False
llama3.1-8b,H,1793,law,A,G,False
llama3.1-8b,H,1796,law,C,E,False
llama3.1-8b,H,1797,law,B,J,False
llama3.1-8b,H,1798,law,F,F,True
llama3.1-8b,H,1802,law,C,C,True
llama3.1-8b,H,1803,law,J,J,True
llama3.1-8b,H,1804,law,E,H,False
llama3.1-8b,H,1810,law,C,I,False
llama3.1-8b,H,1813,law,J,C,False
llama3.1-8b,H,1817,law,F,F,True
llama3.1-8b,H,1820,law,G,D,False
llama3.1-8b,H,1826,law,I,A,False
llama3.1-8b,H,1827,law,C,B,False
llama3.1-8b,H,1829,law,D,C,False
llama3.1-8b,H,1831,law,F,J,False
llama3.1-8b,H,1832,law,A,G,False
llama3.1-8b,H,1834,law,I,E,False
llama3.1-8b,H,1835,law,B,B,True
llama3.1-8b,H,1836,law,E,E,True
llama3.1-8b,H,1837,law,B,B,True
llama3.1-8b,H,1838,law,G,G,True
llama3.1-8b,H,1839,law,B,B,True
llama3.1-8b,H,1842,law,C,D,False
llama3.1-8b,H,1848,law,C,B,False
llama3.1-8b,H,1849,law,E,E,True
llama3.1-8b,H,1851,law,C,G,False
llama3.1-8b,H,1852,law,B,H,False
llama3.1-8b,H,1853,law,I,J,False
llama3.1-8b,H,1854,law,E,F,False
llama3.1-8b,H,1855,law,A,H,False
llama3.1-8b,H,1857,law,B,J,False
llama3.1-8b,H,1860,law,A,F,False
llama3.1-8b,H,1864,law,J,J,True
llama3.1-8b,H,1868,law,B,C,False
llama3.1-8b,H,1869,law,B,E,False
llama3.1-8b,H,1871,law,A,H,False
llama3.1-8b,H,1873,law,E,A,False
llama3.1-8b,H,1876,law,E,E,True
llama3.1-8b,H,1878,law,E,E,True
llama3.1-8b,H,1879,law,I,I,True
llama3.1-8b,H,1886,law,F,I,False
llama3.1-8b,H,1891,law,G,H,False
llama3.1-8b,H,1892,law,A,A,True
llama3.1-8b,H,1895,law,B,C,False
llama3.1-8b,H,1898,law,G,G,True
llama3.1-8b,H,1914,law,C,C,True
llama3.1-8b,H,1915,law,G,C,False
llama3.1-8b,H,1917,law,B,A,False
llama3.1-8b,H,1918,law,F,H,False
llama3.1-8b,H,1919,law,E,I,False
llama3.1-8b,H,1928,law,J,E,False
llama3.1-8b,H,1931,law,A,C,False
llama3.1-8b,H,1932,law,I,D,False
llama3.1-8b,H,1935,law,C,H,False
llama3.1-8b,H,1936,law,A,I,False
llama3.1-8b,H,1940,law,G,G,True
llama3.1-8b,H,1942,law,I,I,True
llama3.1-8b,H,1943,law,D,G,False
llama3.1-8b,H,1944,law,D,E,False
llama3.1-8b,H,1947,law,D,F,False
llama3.1-8b,H,1949,law,D,D,True
llama3.1-8b,H,1953,law,B,A,False
llama3.1-8b,H,1954,law,B,B,True
llama3.1-8b,H,1956,law,D,H,False
llama3.1-8b,H,1962,law,D,D,True
llama3.1-8b,H,1964,law,G,G,True
llama3.1-8b,H,1965,law,J,J,True
llama3.1-8b,H,1966,law,D,G,False
llama3.1-8b,H,1967,law,G,E,False
llama3.1-8b,H,1968,law,B,G,False
llama3.1-8b,H,1970,law,B,F,False
llama3.1-8b,H,1971,law,F,D,False
llama3.1-8b,H,1977,law,H,H,True
llama3.1-8b,H,1982,law,G,G,True
llama3.1-8b,H,1983,law,A,I,False
llama3.1-8b,H,1984,law,F,A,False
llama3.1-8b,H,1990,psychology,C,B,False
llama3.1-8b,H,1993,psychology,J,J,True
llama3.1-8b,H,1995,psychology,I,G,False
llama3.1-8b,H,1998,psychology,H,B,False
llama3.1-8b,H,2003,psychology,C,C,True
llama3.1-8b,H,2004,psychology,G,E,False
llama3.1-8b,H,2005,psychology,D,D,True
llama3.1-8b,H,2006,psychology,H,A,False
llama3.1-8b,H,2008,psychology,A,A,True
llama3.1-8b,H,2009,psychology,G,H,False
llama3.1-8b,H,2010,psychology,H,A,False
llama3.1-8b,H,2011,psychology,C,C,True
llama3.1-8b,H,2013,psychology,A,A,True
llama3.1-8b,H,2014,psychology,B,B,True
llama3.1-8b,H,2015,psychology,J,J,True
llama3.1-8b,H,2016,psychology,F,C,False
llama3.1-8b,H,2018,psychology,B,J,False
llama3.1-8b,H,2019,psychology,B,I,False
llama3.1-8b,H,2020,psychology,B,B,True
llama3.1-8b,H,2021,psychology,I,I,True
llama3.1-8b,H,2022,psychology,J,I,False
llama3.1-8b,H,2023,psychology,J,E,False
llama3.1-8b,H,2024,psychology,F,G,False
llama3.1-8b,H,2027,psychology,G,G,True
llama3.1-8b,H,2028,psychology,J,G,False
llama3.1-8b,H,2030,psychology,J,F,False
llama3.1-8b,H,2032,psychology,I,I,True
llama3.1-8b,H,2034,psychology,H,H,True
llama3.1-8b,H,2035,psychology,F,F,True
llama3.1-8b,H,2036,psychology,F,F,True
llama3.1-8b,H,2037,psychology,F,F,True
llama3.1-8b,H,2042,psychology,I,I,True
llama3.1-8b,H,2045,psychology,J,A,False
llama3.1-8b,H,2048,psychology,F,F,True
llama3.1-8b,H,2049,psychology,B,B,True
llama3.1-8b,H,2050,psychology,I,D,False
llama3.1-8b,H,2051,psychology,F,F,True
llama3.1-8b,H,2053,psychology,F,F,True
llama3.1-8b,H,2054,psychology,B,B,True
llama3.1-8b,H,2055,psychology,G,G,True
llama3.1-8b,H,2058,psychology,C,C,True
llama3.1-8b,H,2059,psychology,C,C,True
llama3.1-8b,H,2063,psychology,G,G,True
llama3.1-8b,H,2064,psychology,E,E,True
llama3.1-8b,H,2065,psychology,C,H,False
llama3.1-8b,H,2066,psychology,A,E,False
llama3.1-8b,H,2067,psychology,A,B,False
llama3.1-8b,H,2068,psychology,E,I,False
llama3.1-8b,H,2071,psychology,D,D,True
llama3.1-8b,H,2072,psychology,E,B,False
llama3.1-8b,H,2073,psychology,C,C,True
llama3.1-8b,H,2074,psychology,H,C,False
llama3.1-8b,H,2077,psychology,F,F,True
llama3.1-8b,H,2078,psychology,H,J,False
llama3.1-8b,H,2080,psychology,J,D,False
llama3.1-8b,H,2081,psychology,G,G,True
llama3.1-8b,H,2082,psychology,G,F,False
llama3.1-8b,H,2084,psychology,G,G,True
llama3.1-8b,H,2085,psychology,D,B,False
llama3.1-8b,H,2087,psychology,G,G,True
llama3.1-8b,H,2088,psychology,B,J,False
llama3.1-8b,H,2089,psychology,E,E,True
llama3.1-8b,H,2090,psychology,F,J,False
llama3.1-8b,H,2091,psychology,J,J,True
llama3.1-8b,H,2092,psychology,A,E,False
llama3.1-8b,H,2096,psychology,A,A,True
llama3.1-8b,H,2097,psychology,B,B,True
llama3.1-8b,H,2101,psychology,G,A,False
llama3.1-8b,H,2102,psychology,B,B,True
llama3.1-8b,H,2104,psychology,J,J,True
llama3.1-8b,H,2106,psychology,G,G,True
llama3.1-8b,H,2110,psychology,J,J,True
llama3.1-8b,H,2111,psychology,A,A,True
llama3.1-8b,H,2114,psychology,D,J,False
llama3.1-8b,H,2115,psychology,I,I,True
llama3.1-8b,H,2116,psychology,B,B,True
llama3.1-8b,H,2118,psychology,J,J,True
llama3.1-8b,H,2119,psychology,G,E,False
llama3.1-8b,H,2120,psychology,F,F,True
llama3.1-8b,H,2121,psychology,F,F,True
llama3.1-8b,H,2122,psychology,A,A,True
llama3.1-8b,H,2123,psychology,B,B,True
llama3.1-8b,H,2124,psychology,G,G,True
llama3.1-8b,H,2125,psychology,E,E,True
llama3.1-8b,H,2126,psychology,A,A,True
llama3.1-8b,H,2127,psychology,B,B,True
llama3.1-8b,H,2128,psychology,I,I,True
llama3.1-8b,H,2130,psychology,E,E,True
llama3.1-8b,H,2132,psychology,C,C,True
llama3.1-8b,H,2133,psychology,F,H,False
llama3.1-8b,H,2134,psychology,F,J,False
llama3.1-8b,H,2137,psychology,B,A,False
llama3.1-8b,H,2138,psychology,D,D,True
llama3.1-8b,H,2139,psychology,A,A,True
llama3.1-8b,H,2143,psychology,G,G,True
llama3.1-8b,H,2144,psychology,B,D,False
llama3.1-8b,H,2147,psychology,I,J,False
llama3.1-8b,H,2148,psychology,F,F,True
llama3.1-8b,H,2150,psychology,D,F,False
llama3.1-8b,H,2152,psychology,B,B,True
llama3.1-8b,H,2153,psychology,E,D,False
llama3.1-8b,H,2159,psychology,B,H,False
llama3.1-8b,H,2160,psychology,I,E,False
llama3.1-8b,H,2161,psychology,B,B,True
llama3.1-8b,H,2162,psychology,C,D,False
llama3.1-8b,H,2163,psychology,B,H,False
llama3.1-8b,H,2166,psychology,E,G,False
llama3.1-8b,H,2167,psychology,J,I,False
llama3.1-8b,H,2168,psychology,G,G,True
llama3.1-8b,H,2170,psychology,H,H,True
llama3.1-8b,H,2171,psychology,E,E,True
llama3.1-8b,H,2172,psychology,D,E,False
llama3.1-8b,H,2173,psychology,B,D,False
llama3.1-8b,H,2174,psychology,A,A,True
llama3.1-8b,H,2175,psychology,D,G,False
llama3.1-8b,H,2176,psychology,G,A,False
llama3.1-8b,H,2178,psychology,G,F,False
llama3.1-8b,H,2179,psychology,B,F,False
llama3.1-8b,H,2180,psychology,G,H,False
llama3.1-8b,H,2183,psychology,B,B,True
llama3.1-8b,H,2185,psychology,D,D,True
llama3.1-8b,H,2187,psychology,D,D,True
llama3.1-8b,H,2188,psychology,J,J,True
llama3.1-8b,H,2189,psychology,J,J,True
llama3.1-8b,H,2191,psychology,E,E,True
llama3.1-8b,H,2193,psychology,B,B,True
llama3.1-8b,H,2194,psychology,D,C,False
llama3.1-8b,H,2196,psychology,D,I,False
llama3.1-8b,H,2198,psychology,E,E,True
llama3.1-8b,H,2201,psychology,F,F,True
llama3.1-8b,H,2202,psychology,H,G,False
llama3.1-8b,H,2203,psychology,F,J,False
llama3.1-8b,H,2207,psychology,F,J,False
llama3.1-8b,H,2208,psychology,I,C,False
llama3.1-8b,H,2209,psychology,G,G,True
llama3.1-8b,H,2212,psychology,J,H,False
llama3.1-8b,H,2214,psychology,B,H,False
llama3.1-8b,H,2215,psychology,E,E,True
llama3.1-8b,H,2217,psychology,B,B,True
llama3.1-8b,H,2218,psychology,A,C,False
llama3.1-8b,H,2219,psychology,I,I,True
llama3.1-8b,H,2220,psychology,F,G,False
llama3.1-8b,H,2221,psychology,G,C,False
llama3.1-8b,H,2222,psychology,B,B,True
llama3.1-8b,H,2225,psychology,J,J,True
llama3.1-8b,H,2226,psychology,J,D,False
llama3.1-8b,H,2228,psychology,J,J,True
llama3.1-8b,H,2229,psychology,F,C,False
llama3.1-8b,H,2230,psychology,E,E,True
llama3.1-8b,H,2232,psychology,G,G,True
llama3.1-8b,H,2234,psychology,C,C,True
llama3.1-8b,H,2240,psychology,D,H,False
llama3.1-8b,H,2241,psychology,E,J,False
llama3.1-8b,H,2242,psychology,F,F,True
llama3.1-8b,H,2245,psychology,A,A,True
llama3.1-8b,H,2247,psychology,I,I,True
llama3.1-8b,H,2251,psychology,A,A,True
llama3.1-8b,H,2252,psychology,G,G,True
llama3.1-8b,H,2254,psychology,E,E,True
llama3.1-8b,H,2257,psychology,D,D,True
llama3.1-8b,H,2260,psychology,F,F,True
llama3.1-8b,H,2261,psychology,C,E,False
llama3.1-8b,H,2264,psychology,G,G,True
llama3.1-8b,H,2265,psychology,G,G,True
llama3.1-8b,H,2267,psychology,H,C,False
llama3.1-8b,H,2269,psychology,C,G,False
llama3.1-8b,H,2273,psychology,F,G,False
llama3.1-8b,H,2276,psychology,F,H,False
llama3.1-8b,H,2277,psychology,B,B,True
llama3.1-8b,H,2278,psychology,I,I,True
llama3.1-8b,H,2279,psychology,A,A,True
llama3.1-8b,H,2280,psychology,A,F,False
llama3.1-8b,H,2281,psychology,G,C,False
llama3.1-8b,H,2282,psychology,B,H,False
llama3.1-8b,H,2283,psychology,H,H,True
llama3.1-8b,H,2285,psychology,B,G,False
llama3.1-8b,H,2288,psychology,A,A,True
llama3.1-8b,H,2289,psychology,A,G,False
llama3.1-8b,H,2291,psychology,C,C,True
llama3.1-8b,H,2292,psychology,A,E,False
llama3.1-8b,H,2294,psychology,D,F,False
llama3.1-8b,H,2295,psychology,J,J,True
llama3.1-8b,H,2297,psychology,E,B,False
llama3.1-8b,H,2298,psychology,B,G,False
llama3.1-8b,H,2300,psychology,A,A,True
llama3.1-8b,H,2302,psychology,E,E,True
llama3.1-8b,H,2303,psychology,I,I,True
llama3.1-8b,H,2304,psychology,C,C,True
llama3.1-8b,H,2305,psychology,F,J,False
llama3.1-8b,H,2306,psychology,F,F,True
llama3.1-8b,H,2308,psychology,H,H,True
llama3.1-8b,H,2309,psychology,B,H,False
llama3.1-8b,H,2310,psychology,C,C,True
llama3.1-8b,H,2312,psychology,E,E,True
llama3.1-8b,H,2316,psychology,B,B,True
llama3.1-8b,H,2319,psychology,B,B,True
llama3.1-8b,H,2321,psychology,B,J,False
llama3.1-8b,H,2324,psychology,G,G,True
llama3.1-8b,H,2326,psychology,J,J,True
llama3.1-8b,H,2327,psychology,E,E,True
llama3.1-8b,H,2329,psychology,E,C,False
llama3.1-8b,H,2330,psychology,E,E,True
llama3.1-8b,H,2331,psychology,I,I,True
llama3.1-8b,H,2333,psychology,A,E,False
llama3.1-8b,H,2335,psychology,C,F,False
llama3.1-8b,H,2339,psychology,H,H,True
llama3.1-8b,H,2340,psychology,H,J,False
llama3.1-8b,H,2343,psychology,H,A,False
llama3.1-8b,H,2344,psychology,A,C,False
llama3.1-8b,H,2345,psychology,D,F,False
llama3.1-8b,H,2346,psychology,E,G,False
llama3.1-8b,H,2347,psychology,C,F,False
llama3.1-8b,H,2349,psychology,B,A,False
llama3.1-8b,H,2351,psychology,B,B,True
llama3.1-8b,H,2355,psychology,B,B,True
llama3.1-8b,H,2357,psychology,I,I,True
llama3.1-8b,H,2358,psychology,J,B,False
llama3.1-8b,H,2359,psychology,I,I,True
llama3.1-8b,H,2360,psychology,D,D,True
llama3.1-8b,H,2361,psychology,A,A,True
llama3.1-8b,H,2362,psychology,D,D,True
llama3.1-8b,H,2363,psychology,H,A,False
llama3.1-8b,H,2364,psychology,B,B,True
llama3.1-8b,H,2365,psychology,J,J,True
llama3.1-8b,H,2366,psychology,F,F,True
llama3.1-8b,H,2368,psychology,C,C,True
llama3.1-8b,H,2371,psychology,D,D,True
llama3.1-8b,H,2372,psychology,D,D,True
llama3.1-8b,H,2374,psychology,E,E,True
llama3.1-8b,H,2377,psychology,J,J,True
llama3.1-8b,H,2381,psychology,D,D,True
llama3.1-8b,H,2382,psychology,J,D,False
llama3.1-8b,H,2383,psychology,B,H,False
llama3.1-8b,H,2387,psychology,A,A,True
llama3.1-8b,H,2390,psychology,I,H,False
llama3.1-8b,H,2392,psychology,A,I,False
llama3.1-8b,H,2393,psychology,C,F,False
llama3.1-8b,H,2394,psychology,A,A,True
llama3.1-8b,H,2397,psychology,F,G,False
llama3.1-8b,H,2398,psychology,A,H,False
llama3.1-8b,H,2399,psychology,F,F,True
llama3.1-8b,H,2400,psychology,G,B,False
llama3.1-8b,H,2401,psychology,C,I,False
llama3.1-8b,H,2403,psychology,D,J,False
llama3.1-8b,H,2404,psychology,F,D,False
llama3.1-8b,H,2405,psychology,E,E,True
llama3.1-8b,H,2406,psychology,B,B,True
llama3.1-8b,H,2407,psychology,A,A,True
llama3.1-8b,H,2408,psychology,C,I,False
llama3.1-8b,H,2409,psychology,E,E,True
llama3.1-8b,H,2410,psychology,C,C,True
llama3.1-8b,H,2411,psychology,E,E,True
llama3.1-8b,H,2412,psychology,C,C,True
llama3.1-8b,H,2413,psychology,I,I,True
llama3.1-8b,H,2414,psychology,C,C,True
llama3.1-8b,H,2416,psychology,J,J,True
llama3.1-8b,H,2417,psychology,E,J,False
llama3.1-8b,H,2418,psychology,H,H,True
llama3.1-8b,H,2419,psychology,F,F,True
llama3.1-8b,H,2420,psychology,H,A,False
llama3.1-8b,H,2421,psychology,B,D,False
llama3.1-8b,H,2422,psychology,B,B,True
llama3.1-8b,H,2423,psychology,C,C,True
llama3.1-8b,H,2424,psychology,I,I,True
llama3.1-8b,H,2425,psychology,B,B,True
llama3.1-8b,H,2426,psychology,H,H,True
llama3.1-8b,H,2429,psychology,B,B,True
llama3.1-8b,H,2430,psychology,G,G,True
llama3.1-8b,H,2432,psychology,D,E,False
llama3.1-8b,H,2434,psychology,F,F,True
llama3.1-8b,H,2437,psychology,I,B,False
llama3.1-8b,H,2438,psychology,D,B,False
llama3.1-8b,H,2441,psychology,I,E,False
llama3.1-8b,H,2442,psychology,E,G,False
llama3.1-8b,H,2443,psychology,D,H,False
llama3.1-8b,H,2448,psychology,J,I,False
llama3.1-8b,H,2449,psychology,G,E,False
llama3.1-8b,H,2450,psychology,C,G,False
llama3.1-8b,H,2451,psychology,D,D,True
llama3.1-8b,H,2452,psychology,C,J,False
llama3.1-8b,H,2455,psychology,C,C,True
llama3.1-8b,H,2458,psychology,A,F,False
llama3.1-8b,H,2459,psychology,F,J,False
llama3.1-8b,H,2460,psychology,J,D,False
llama3.1-8b,H,2461,psychology,H,H,True
llama3.1-8b,H,2463,psychology,C,C,True
llama3.1-8b,H,2464,psychology,G,G,True
llama3.1-8b,H,2467,psychology,G,G,True
llama3.1-8b,H,2468,psychology,G,G,True
llama3.1-8b,H,2470,psychology,C,C,True
llama3.1-8b,H,2471,psychology,C,C,True
llama3.1-8b,H,2472,psychology,C,I,False
llama3.1-8b,H,2474,psychology,B,B,True
llama3.1-8b,H,2475,psychology,C,C,True
llama3.1-8b,H,2476,psychology,C,C,True
llama3.1-8b,H,2479,psychology,A,I,False
llama3.1-8b,H,2480,psychology,B,B,True
llama3.1-8b,H,2481,psychology,A,D,False
llama3.1-8b,H,2482,psychology,D,I,False
llama3.1-8b,H,2484,psychology,G,G,True
llama3.1-8b,H,2485,psychology,A,A,True
llama3.1-8b,H,2486,psychology,F,F,True
llama3.1-8b,H,2489,psychology,H,H,True
llama3.1-8b,H,2490,psychology,C,C,True
llama3.1-8b,H,2491,psychology,H,H,True
llama3.1-8b,H,2492,psychology,B,A,False
llama3.1-8b,H,2493,psychology,I,I,True
llama3.1-8b,H,2494,psychology,G,G,True
llama3.1-8b,H,2495,psychology,D,D,True
llama3.1-8b,H,2497,psychology,G,A,False
llama3.1-8b,H,2499,psychology,D,D,True
llama3.1-8b,H,2500,psychology,E,F,False
llama3.1-8b,H,2501,psychology,C,C,True
llama3.1-8b,H,2502,psychology,E,C,False
llama3.1-8b,H,2503,psychology,J,J,True
llama3.1-8b,H,2504,psychology,H,H,True
llama3.1-8b,H,2507,psychology,I,E,False
llama3.1-8b,H,2508,psychology,H,E,False
llama3.1-8b,H,2512,psychology,A,E,False
llama3.1-8b,H,2513,psychology,E,F,False
llama3.1-8b,H,2514,psychology,A,I,False
llama3.1-8b,H,2515,psychology,H,B,False
llama3.1-8b,H,2516,psychology,D,H,False
llama3.1-8b,H,2519,psychology,B,J,False
llama3.1-8b,H,2520,psychology,G,G,True
llama3.1-8b,H,2522,psychology,B,H,False
llama3.1-8b,H,2524,psychology,F,G,False
llama3.1-8b,H,2527,psychology,H,H,True
llama3.1-8b,H,2528,psychology,E,J,False
llama3.1-8b,H,2530,psychology,B,C,False
llama3.1-8b,H,2532,psychology,H,B,False
llama3.1-8b,H,2533,psychology,E,E,True
llama3.1-8b,H,2534,psychology,A,A,True
llama3.1-8b,H,2535,psychology,D,D,True
llama3.1-8b,H,2536,psychology,G,J,False
llama3.1-8b,H,2540,psychology,C,G,False
llama3.1-8b,H,2541,psychology,J,B,False
llama3.1-8b,H,2542,psychology,H,H,True
llama3.1-8b,H,2543,psychology,D,H,False
llama3.1-8b,H,2545,psychology,H,H,True
llama3.1-8b,H,2546,psychology,I,I,True
llama3.1-8b,H,2548,psychology,G,G,True
llama3.1-8b,H,2549,psychology,J,D,False
llama3.1-8b,H,2551,psychology,D,D,True
llama3.1-8b,H,2552,psychology,B,B,True
llama3.1-8b,H,2554,psychology,A,A,True
llama3.1-8b,H,2556,psychology,A,A,True
llama3.1-8b,H,2557,psychology,H,H,True
llama3.1-8b,H,2558,psychology,J,J,True
llama3.1-8b,H,2560,psychology,G,A,False
llama3.1-8b,H,2562,psychology,J,D,False
llama3.1-8b,H,2564,psychology,D,D,True
llama3.1-8b,H,2566,psychology,H,B,False
llama3.1-8b,H,2568,psychology,D,E,False
llama3.1-8b,H,2569,psychology,H,A,False
llama3.1-8b,H,2571,psychology,E,E,True
llama3.1-8b,H,2572,psychology,C,G,False
llama3.1-8b,H,2573,psychology,B,B,True
llama3.1-8b,H,2577,psychology,H,H,True
llama3.1-8b,H,2578,psychology,A,A,True
llama3.1-8b,H,2579,psychology,C,B,False
llama3.1-8b,H,2581,psychology,B,B,True
llama3.1-8b,H,2584,psychology,G,I,False
llama3.1-8b,H,2586,psychology,C,C,True
llama3.1-8b,H,2587,psychology,C,C,True
llama3.1-8b,H,2588,psychology,G,C,False
llama3.1-8b,H,2589,psychology,C,C,True
llama3.1-8b,H,2590,psychology,J,B,False
llama3.1-8b,H,2591,psychology,G,G,True
llama3.1-8b,H,2593,psychology,H,F,False
llama3.1-8b,H,2596,psychology,G,G,True
llama3.1-8b,H,2597,psychology,A,A,True
llama3.1-8b,H,2598,psychology,F,F,True
llama3.1-8b,H,2599,psychology,F,A,False
llama3.1-8b,H,2600,psychology,B,B,True
llama3.1-8b,H,2601,psychology,J,J,True
llama3.1-8b,H,2603,psychology,D,D,True
llama3.1-8b,H,2604,psychology,C,D,False
llama3.1-8b,H,2605,psychology,H,H,True
llama3.1-8b,H,2606,psychology,F,F,True
llama3.1-8b,H,2609,psychology,B,B,True
llama3.1-8b,H,2610,psychology,J,J,True
llama3.1-8b,H,2611,psychology,G,G,True
llama3.1-8b,H,2612,psychology,E,E,True
llama3.1-8b,H,2613,psychology,E,E,True
llama3.1-8b,H,2614,psychology,G,G,True
llama3.1-8b,H,2616,psychology,B,B,True
llama3.1-8b,H,2617,psychology,C,C,True
llama3.1-8b,H,2618,psychology,G,F,False
llama3.1-8b,H,2619,psychology,B,F,False
llama3.1-8b,H,2620,psychology,I,H,False
llama3.1-8b,H,2621,psychology,B,F,False
llama3.1-8b,H,2622,psychology,A,A,True
llama3.1-8b,H,2625,psychology,G,G,True
llama3.1-8b,H,2626,psychology,G,J,False
llama3.1-8b,H,2632,psychology,D,E,False
llama3.1-8b,H,2635,psychology,D,J,False
llama3.1-8b,H,2639,psychology,A,H,False
llama3.1-8b,H,2642,psychology,A,A,True
llama3.1-8b,H,2644,psychology,J,J,True
llama3.1-8b,H,2645,psychology,D,J,False
llama3.1-8b,H,2646,psychology,C,I,False
llama3.1-8b,H,2647,psychology,A,J,False
llama3.1-8b,H,2649,psychology,E,I,False
llama3.1-8b,H,2650,psychology,B,H,False
llama3.1-8b,H,2651,psychology,D,D,True
llama3.1-8b,H,2652,psychology,H,B,False
llama3.1-8b,H,2653,psychology,A,G,False
llama3.1-8b,H,2654,psychology,H,H,True
llama3.1-8b,H,2655,psychology,I,A,False
llama3.1-8b,H,2657,psychology,D,C,False
llama3.1-8b,H,2658,psychology,C,G,False
llama3.1-8b,H,2659,psychology,G,I,False
llama3.1-8b,H,2661,psychology,B,B,True
llama3.1-8b,H,2663,psychology,C,C,True
llama3.1-8b,H,2666,psychology,B,B,True
llama3.1-8b,H,2667,psychology,G,J,False
llama3.1-8b,H,2668,psychology,E,E,True
llama3.1-8b,H,2671,psychology,A,A,True
llama3.1-8b,H,2672,psychology,E,E,True
llama3.1-8b,H,2673,psychology,A,A,True
llama3.1-8b,H,2674,psychology,F,F,True
llama3.1-8b,H,2675,psychology,B,B,True
llama3.1-8b,H,2677,psychology,B,H,False
llama3.1-8b,H,2678,psychology,A,F,False
llama3.1-8b,H,2679,psychology,G,G,True
llama3.1-8b,H,2681,psychology,I,I,True
llama3.1-8b,H,2682,psychology,H,H,True
llama3.1-8b,H,2684,psychology,G,F,False
llama3.1-8b,H,2687,psychology,B,D,False
llama3.1-8b,H,2688,psychology,D,D,True
llama3.1-8b,H,2692,psychology,G,G,True
llama3.1-8b,H,2694,psychology,G,F,False
llama3.1-8b,H,2695,psychology,B,E,False
llama3.1-8b,H,2696,psychology,E,E,True
llama3.1-8b,H,2699,psychology,B,C,False
llama3.1-8b,H,2702,psychology,C,C,True
llama3.1-8b,H,2703,psychology,A,H,False
llama3.1-8b,H,2704,psychology,C,H,False
llama3.1-8b,H,2709,psychology,G,J,False
llama3.1-8b,H,2711,psychology,E,E,True
llama3.1-8b,H,2712,psychology,D,H,False
llama3.1-8b,H,2713,psychology,C,C,True
llama3.1-8b,H,2714,psychology,B,B,True
llama3.1-8b,H,2716,psychology,C,C,True
llama3.1-8b,H,2718,psychology,H,H,True
llama3.1-8b,H,2719,psychology,D,D,True
llama3.1-8b,H,2724,psychology,D,D,True
llama3.1-8b,H,2725,psychology,F,F,True
llama3.1-8b,H,2727,psychology,D,D,True
llama3.1-8b,H,2728,psychology,D,J,False
llama3.1-8b,H,2731,psychology,G,I,False
llama3.1-8b,H,2732,psychology,E,E,True
llama3.1-8b,H,2733,psychology,J,B,False
llama3.1-8b,H,2735,psychology,B,B,True
llama3.1-8b,H,2736,psychology,D,D,True
llama3.1-8b,H,2737,psychology,F,F,True
llama3.1-8b,H,2739,psychology,C,H,False
llama3.1-8b,H,2741,psychology,F,F,True
llama3.1-8b,H,2742,psychology,H,H,True
llama3.1-8b,H,2743,psychology,D,D,True
llama3.1-8b,H,2744,psychology,F,F,True
llama3.1-8b,H,2745,psychology,F,F,True
llama3.1-8b,H,2746,psychology,I,I,True
llama3.1-8b,H,2747,psychology,E,E,True
llama3.1-8b,H,2748,psychology,F,F,True
llama3.1-8b,H,2749,psychology,J,C,False
llama3.1-8b,H,2750,psychology,B,B,True
llama3.1-8b,H,2751,psychology,G,G,True
llama3.1-8b,H,2752,psychology,D,D,True
llama3.1-8b,H,2753,psychology,I,I,True
llama3.1-8b,H,2754,psychology,H,H,True
llama3.1-8b,H,2756,psychology,E,E,True
llama3.1-8b,H,2758,psychology,J,I,False
llama3.1-8b,H,2762,psychology,B,B,True
llama3.1-8b,H,2763,psychology,D,D,True
llama3.1-8b,H,2765,psychology,B,E,False
llama3.1-8b,H,2766,psychology,I,I,True
llama3.1-8b,H,2768,psychology,E,H,False
llama3.1-8b,H,2769,psychology,F,E,False
llama3.1-8b,H,2770,psychology,G,G,True
llama3.1-8b,H,2775,psychology,G,G,True
llama3.1-8b,H,2778,psychology,C,A,False
llama3.1-8b,H,2781,psychology,D,D,True
llama3.1-8b,H,2782,psychology,D,D,True
llama3.1-8b,H,2783,psychology,E,I,False
llama3.1-8b,H,2784,psychology,A,A,True
llama3.1-8b,H,2785,psychology,C,E,False
llama3.1-8b,H,2786,psychology,B,B,True
llama3.1-8b,H,2787,psychology,G,G,True
llama3.1-8b,H,2788,psychology,B,B,True
llama3.1-8b,H,2789,psychology,G,G,True
llama3.1-8b,H,2790,psychology,B,F,False
llama3.1-8b,H,2792,psychology,B,E,False
llama3.1-8b,H,2794,psychology,A,B,False
llama3.1-8b,H,2797,psychology,H,H,True
llama3.1-8b,H,2798,psychology,B,B,True
llama3.1-8b,H,2799,psychology,I,I,True
llama3.1-8b,H,2800,psychology,C,C,True
llama3.1-8b,H,2802,psychology,G,G,True
llama3.1-8b,H,6827,economics,C,A,False
llama3.1-8b,H,6829,economics,D,I,False
llama3.1-8b,H,6833,economics,F,B,False
llama3.1-8b,H,6834,economics,H,I,False
llama3.1-8b,H,6836,economics,A,E,False
llama3.1-8b,H,6837,economics,F,A,False
llama3.1-8b,H,6839,economics,A,D,False
llama3.1-8b,H,6840,economics,G,G,True
llama3.1-8b,H,6842,economics,A,A,True
llama3.1-8b,H,6843,economics,H,E,False
llama3.1-8b,H,6844,economics,D,H,False
llama3.1-8b,H,6846,economics,H,A,False
llama3.1-8b,H,6853,economics,B,F,False
llama3.1-8b,H,6854,economics,C,I,False
llama3.1-8b,H,6857,economics,A,A,True
llama3.1-8b,H,6858,economics,C,C,True
llama3.1-8b,H,6859,economics,C,G,False
llama3.1-8b,H,6860,economics,B,J,False
llama3.1-8b,H,6864,economics,D,D,True
llama3.1-8b,H,6865,economics,H,H,True
llama3.1-8b,H,6866,economics,G,G,True
llama3.1-8b,H,6867,economics,C,C,True
llama3.1-8b,H,6869,economics,J,C,False
llama3.1-8b,H,6872,economics,C,C,True
llama3.1-8b,H,6873,economics,I,I,True
llama3.1-8b,H,6875,economics,A,A,True
llama3.1-8b,H,6876,economics,H,A,False
llama3.1-8b,H,6877,economics,E,E,True
llama3.1-8b,H,6878,economics,E,C,False
llama3.1-8b,H,6879,economics,G,G,True
llama3.1-8b,H,6880,economics,E,D,False
llama3.1-8b,H,6881,economics,F,G,False
llama3.1-8b,H,6882,economics,J,J,True
llama3.1-8b,H,6883,economics,E,C,False
llama3.1-8b,H,6887,economics,I,I,True
llama3.1-8b,H,6888,economics,G,G,True
llama3.1-8b,H,6889,economics,H,H,True
llama3.1-8b,H,6894,economics,C,F,False
llama3.1-8b,H,6895,economics,B,J,False
llama3.1-8b,H,6896,economics,C,F,False
llama3.1-8b,H,6897,economics,A,B,False
llama3.1-8b,H,6900,economics,C,C,True
llama3.1-8b,H,6905,economics,B,I,False
llama3.1-8b,H,6906,economics,F,E,False
llama3.1-8b,H,6908,economics,J,C,False
llama3.1-8b,H,6909,economics,H,C,False
llama3.1-8b,H,6910,economics,E,J,False
llama3.1-8b,H,6912,economics,F,B,False
llama3.1-8b,H,6913,economics,D,C,False
llama3.1-8b,H,6917,economics,J,J,True
llama3.1-8b,H,6918,economics,A,A,True
llama3.1-8b,H,6919,economics,A,A,True
llama3.1-8b,H,6921,economics,A,A,True
llama3.1-8b,H,6923,economics,H,B,False
llama3.1-8b,H,6929,economics,C,B,False
llama3.1-8b,H,6930,economics,G,G,True
llama3.1-8b,H,6931,economics,C,C,True
llama3.1-8b,H,6932,economics,G,I,False
llama3.1-8b,H,6933,economics,C,C,True
llama3.1-8b,H,6934,economics,E,E,True
llama3.1-8b,H,6935,economics,G,G,True
llama3.1-8b,H,6936,economics,E,E,True
llama3.1-8b,H,6937,economics,G,E,False
llama3.1-8b,H,6938,economics,D,D,True
llama3.1-8b,H,6939,economics,H,H,True
llama3.1-8b,H,6940,economics,C,B,False
llama3.1-8b,H,6941,economics,J,J,True
llama3.1-8b,H,6944,economics,A,A,True
llama3.1-8b,H,6946,economics,H,H,True
llama3.1-8b,H,6947,economics,I,I,True
llama3.1-8b,H,6948,economics,D,D,True
llama3.1-8b,H,6950,economics,J,J,True
llama3.1-8b,H,6951,economics,B,J,False
llama3.1-8b,H,6952,economics,F,F,True
llama3.1-8b,H,6953,economics,I,I,True
llama3.1-8b,H,6955,economics,J,G,False
llama3.1-8b,H,6956,economics,A,H,False
llama3.1-8b,H,6958,economics,F,B,False
llama3.1-8b,H,6959,economics,G,G,True
llama3.1-8b,H,6965,economics,F,B,False
llama3.1-8b,H,6966,economics,G,A,False
llama3.1-8b,H,6970,economics,I,B,False
llama3.1-8b,H,6971,economics,G,J,False
llama3.1-8b,H,6973,economics,D,F,False
llama3.1-8b,H,6974,economics,A,A,True
llama3.1-8b,H,6975,economics,A,E,False
llama3.1-8b,H,6976,economics,B,B,True
llama3.1-8b,H,6977,economics,A,I,False
llama3.1-8b,H,6978,economics,C,G,False
llama3.1-8b,H,6979,economics,E,E,True
llama3.1-8b,H,6980,economics,G,G,True
llama3.1-8b,H,6981,economics,B,J,False
llama3.1-8b,H,6982,economics,D,H,False
llama3.1-8b,H,6984,economics,F,F,True
llama3.1-8b,H,6986,economics,A,A,True
llama3.1-8b,H,6987,economics,H,H,True
llama3.1-8b,H,6988,economics,J,E,False
llama3.1-8b,H,6996,economics,A,A,True
llama3.1-8b,H,6998,economics,D,H,False
llama3.1-8b,H,6999,economics,A,A,True
llama3.1-8b,H,7000,economics,D,H,False
llama3.1-8b,H,7002,economics,C,C,True
llama3.1-8b,H,7003,economics,C,A,False
llama3.1-8b,H,7005,economics,I,I,True
llama3.1-8b,H,7009,economics,D,D,True
llama3.1-8b,H,7012,economics,D,B,False
llama3.1-8b,H,7014,economics,B,B,True
llama3.1-8b,H,7015,economics,E,E,True
llama3.1-8b,H,7018,economics,E,E,True
llama3.1-8b,H,7019,economics,F,F,True
llama3.1-8b,H,7020,economics,D,J,False
llama3.1-8b,H,7021,economics,C,C,True
llama3.1-8b,H,7022,economics,J,J,True
llama3.1-8b,H,7023,economics,B,C,False
llama3.1-8b,H,7026,economics,E,E,True
llama3.1-8b,H,7027,economics,A,B,False
llama3.1-8b,H,7032,economics,B,C,False
llama3.1-8b,H,7033,economics,F,I,False
llama3.1-8b,H,7034,economics,F,D,False
llama3.1-8b,H,7035,economics,H,H,True
llama3.1-8b,H,7037,economics,F,F,True
llama3.1-8b,H,7038,economics,E,E,True
llama3.1-8b,H,7040,economics,F,I,False
llama3.1-8b,H,7041,economics,G,A,False
llama3.1-8b,H,7042,economics,H,H,True
llama3.1-8b,H,7043,economics,F,C,False
llama3.1-8b,H,7044,economics,C,C,True
llama3.1-8b,H,7050,economics,B,B,True
llama3.1-8b,H,7051,economics,A,J,False
llama3.1-8b,H,7052,economics,H,D,False
llama3.1-8b,H,7053,economics,G,G,True
llama3.1-8b,H,7054,economics,B,C,False
llama3.1-8b,H,7056,economics,D,C,False
llama3.1-8b,H,7057,economics,G,G,True
llama3.1-8b,H,7059,economics,F,I,False
llama3.1-8b,H,7064,economics,H,A,False
llama3.1-8b,H,7065,economics,J,J,True
llama3.1-8b,H,7066,economics,D,C,False
llama3.1-8b,H,7068,economics,B,D,False
llama3.1-8b,H,7073,economics,B,E,False
llama3.1-8b,H,7075,economics,I,F,False
llama3.1-8b,H,7076,economics,J,J,True
llama3.1-8b,H,7077,economics,F,J,False
llama3.1-8b,H,7078,economics,F,F,True
llama3.1-8b,H,7079,economics,F,F,True
llama3.1-8b,H,7081,economics,D,D,True
llama3.1-8b,H,7082,economics,J,J,True
llama3.1-8b,H,7083,economics,E,A,False
llama3.1-8b,H,7086,economics,H,F,False
llama3.1-8b,H,7087,economics,B,B,True
llama3.1-8b,H,7088,economics,I,I,True
llama3.1-8b,H,7089,economics,H,H,True
llama3.1-8b,H,7090,economics,J,J,True
llama3.1-8b,H,7091,economics,E,E,True
llama3.1-8b,H,7092,economics,G,G,True
llama3.1-8b,H,7093,economics,B,B,True
llama3.1-8b,H,7094,economics,I,I,True
llama3.1-8b,H,7097,economics,C,B,False
llama3.1-8b,H,7107,economics,G,B,False
llama3.1-8b,H,7108,economics,H,H,True
llama3.1-8b,H,7109,economics,F,F,True
llama3.1-8b,H,7110,economics,D,I,False
llama3.1-8b,H,7111,economics,F,F,True
llama3.1-8b,H,7112,economics,D,G,False
llama3.1-8b,H,7114,economics,J,G,False
llama3.1-8b,H,7115,economics,A,A,True
llama3.1-8b,H,7116,economics,H,J,False
llama3.1-8b,H,7119,economics,J,J,True
llama3.1-8b,H,7123,economics,F,F,True
llama3.1-8b,H,7124,economics,J,B,False
llama3.1-8b,H,7126,economics,J,J,True
llama3.1-8b,H,7127,economics,F,F,True
llama3.1-8b,H,7128,economics,D,J,False
llama3.1-8b,H,7129,economics,I,I,True
llama3.1-8b,H,7133,economics,H,C,False
llama3.1-8b,H,7134,economics,B,B,True
llama3.1-8b,H,7135,economics,A,D,False
llama3.1-8b,H,7136,economics,H,H,True
llama3.1-8b,H,7137,economics,F,H,False
llama3.1-8b,H,7138,economics,D,D,True
llama3.1-8b,H,7139,economics,I,I,True
llama3.1-8b,H,7140,economics,C,A,False
llama3.1-8b,H,7142,economics,C,C,True
llama3.1-8b,H,7146,economics,D,D,True
llama3.1-8b,H,7147,economics,D,D,True
llama3.1-8b,H,7148,economics,G,G,True
llama3.1-8b,H,7149,economics,D,D,True
llama3.1-8b,H,7150,economics,E,H,False
llama3.1-8b,H,7153,economics,C,C,True
llama3.1-8b,H,7158,economics,C,G,False
llama3.1-8b,H,7159,economics,A,H,False
llama3.1-8b,H,7160,economics,A,D,False
llama3.1-8b,H,7165,economics,F,F,True
llama3.1-8b,H,7167,economics,E,J,False
llama3.1-8b,H,7169,economics,C,C,True
llama3.1-8b,H,7170,economics,G,H,False
llama3.1-8b,H,7172,economics,B,B,True
llama3.1-8b,H,7174,economics,D,D,True
llama3.1-8b,H,7175,economics,B,B,True
llama3.1-8b,H,7176,economics,D,D,True
llama3.1-8b,H,7177,economics,C,C,True
llama3.1-8b,H,7181,economics,H,D,False
llama3.1-8b,H,7182,economics,H,F,False
llama3.1-8b,H,7183,economics,J,A,False
llama3.1-8b,H,7186,economics,G,D,False
llama3.1-8b,H,7188,economics,A,A,True
llama3.1-8b,H,7191,economics,A,A,True
llama3.1-8b,H,7194,economics,E,B,False
llama3.1-8b,H,7196,economics,E,B,False
llama3.1-8b,H,7198,economics,C,G,False
llama3.1-8b,H,7200,economics,F,B,False
llama3.1-8b,H,7201,economics,H,H,True
llama3.1-8b,H,7203,economics,G,G,True
llama3.1-8b,H,7204,economics,C,C,True
llama3.1-8b,H,7208,economics,E,E,True
llama3.1-8b,H,7210,economics,G,F,False
llama3.1-8b,H,7211,economics,J,F,False
llama3.1-8b,H,7213,economics,J,J,True
llama3.1-8b,H,7215,economics,J,A,False
llama3.1-8b,H,7216,economics,A,A,True
llama3.1-8b,H,7217,economics,B,B,True
llama3.1-8b,H,7218,economics,B,E,False
llama3.1-8b,H,7219,economics,G,G,True
llama3.1-8b,H,7223,economics,D,A,False
llama3.1-8b,H,7225,economics,B,H,False
llama3.1-8b,H,7228,economics,C,C,True
llama3.1-8b,H,7233,economics,A,A,True
llama3.1-8b,H,7234,economics,A,A,True
llama3.1-8b,H,7235,economics,F,I,False
llama3.1-8b,H,7236,economics,D,D,True
llama3.1-8b,H,7237,economics,C,I,False
llama3.1-8b,H,7238,economics,F,E,False
llama3.1-8b,H,7239,economics,E,F,False
llama3.1-8b,H,7240,economics,H,B,False
llama3.1-8b,H,7241,economics,G,I,False
llama3.1-8b,H,7243,economics,J,D,False
llama3.1-8b,H,7245,economics,B,B,True
llama3.1-8b,H,7246,economics,B,B,True
llama3.1-8b,H,7248,economics,H,A,False
llama3.1-8b,H,7249,economics,A,J,False
llama3.1-8b,H,7250,economics,J,G,False
llama3.1-8b,H,7251,economics,J,E,False
llama3.1-8b,H,7253,economics,A,A,True
llama3.1-8b,H,7256,economics,D,D,True
llama3.1-8b,H,7258,economics,J,J,True
llama3.1-8b,H,7259,economics,C,C,True
llama3.1-8b,H,7260,economics,G,G,True
llama3.1-8b,H,7262,economics,J,B,False
llama3.1-8b,H,7263,economics,F,F,True
llama3.1-8b,H,7264,economics,G,J,False
llama3.1-8b,H,7265,economics,E,E,True
llama3.1-8b,H,7266,economics,G,I,False
llama3.1-8b,H,7267,economics,B,I,False
llama3.1-8b,H,7268,economics,G,H,False
llama3.1-8b,H,7269,economics,C,C,True
llama3.1-8b,H,7270,economics,C,E,False
llama3.1-8b,H,7271,economics,H,H,True
llama3.1-8b,H,7273,economics,G,B,False
llama3.1-8b,H,7275,economics,E,E,True
llama3.1-8b,H,7277,economics,B,B,True
llama3.1-8b,H,7278,economics,J,J,True
llama3.1-8b,H,7279,economics,E,E,True
llama3.1-8b,H,7280,economics,F,F,True
llama3.1-8b,H,7282,economics,F,F,True
llama3.1-8b,H,7283,economics,E,E,True
llama3.1-8b,H,7284,economics,E,C,False
llama3.1-8b,H,7285,economics,E,E,True
llama3.1-8b,H,7286,economics,H,H,True
llama3.1-8b,H,7287,economics,B,I,False
llama3.1-8b,H,7290,economics,J,J,True
llama3.1-8b,H,7291,economics,E,G,False
llama3.1-8b,H,7295,economics,A,A,True
llama3.1-8b,H,7296,economics,B,D,False
llama3.1-8b,H,7297,economics,I,I,True
llama3.1-8b,H,7298,economics,C,D,False
llama3.1-8b,H,7299,economics,F,H,False
llama3.1-8b,H,7300,economics,B,G,False
llama3.1-8b,H,7302,economics,J,G,False
llama3.1-8b,H,7304,economics,C,C,True
llama3.1-8b,H,7309,economics,A,J,False
llama3.1-8b,H,7310,economics,B,I,False
llama3.1-8b,H,7313,economics,J,E,False
llama3.1-8b,H,7314,economics,J,J,True
llama3.1-8b,H,7315,economics,E,H,False
llama3.1-8b,H,7317,economics,B,F,False
llama3.1-8b,H,7318,economics,D,F,False
llama3.1-8b,H,7325,economics,C,C,True
llama3.1-8b,H,7326,economics,E,E,True
llama3.1-8b,H,7327,economics,C,C,True
llama3.1-8b,H,7328,economics,A,A,True
llama3.1-8b,H,7329,economics,B,B,True
llama3.1-8b,H,7331,economics,F,F,True
llama3.1-8b,H,7339,economics,F,F,True
llama3.1-8b,H,7341,economics,B,F,False
llama3.1-8b,H,7342,economics,G,F,False
llama3.1-8b,H,7344,economics,J,J,True
llama3.1-8b,H,7345,economics,C,G,False
llama3.1-8b,H,7346,economics,E,C,False
llama3.1-8b,H,7348,economics,B,I,False
llama3.1-8b,H,7351,economics,C,F,False
llama3.1-8b,H,7352,economics,J,F,False
llama3.1-8b,H,7358,economics,G,A,False
llama3.1-8b,H,7359,economics,J,B,False
llama3.1-8b,H,7360,economics,H,H,True
llama3.1-8b,H,7361,economics,G,I,False
llama3.1-8b,H,7363,economics,G,G,True
llama3.1-8b,H,7365,economics,A,F,False
llama3.1-8b,H,7366,economics,C,D,False
llama3.1-8b,H,7370,economics,B,E,False
llama3.1-8b,H,7371,economics,J,C,False
llama3.1-8b,H,7372,economics,G,F,False
llama3.1-8b,H,7374,economics,J,J,True
llama3.1-8b,H,7375,economics,H,I,False
llama3.1-8b,H,7376,economics,H,H,True
llama3.1-8b,H,7377,economics,B,F,False
llama3.1-8b,H,7380,economics,F,F,True
llama3.1-8b,H,7383,economics,E,G,False
llama3.1-8b,H,7384,economics,B,B,True
llama3.1-8b,H,7385,economics,H,H,True
llama3.1-8b,H,7386,economics,G,G,True
llama3.1-8b,H,7388,economics,A,A,True
llama3.1-8b,H,7391,economics,A,A,True
llama3.1-8b,H,7392,economics,B,B,True
llama3.1-8b,H,7393,economics,H,J,False
llama3.1-8b,H,7394,economics,G,C,False
llama3.1-8b,H,7396,economics,G,G,True
llama3.1-8b,H,7398,economics,F,F,True
llama3.1-8b,H,7399,economics,D,I,False
llama3.1-8b,H,7400,economics,C,C,True
llama3.1-8b,H,7402,economics,C,B,False
llama3.1-8b,H,7403,economics,A,B,False
llama3.1-8b,H,7404,economics,J,J,True
llama3.1-8b,H,7405,economics,C,C,True
llama3.1-8b,H,7406,economics,A,J,False
llama3.1-8b,H,7407,economics,G,G,True
llama3.1-8b,H,7408,economics,A,A,True
llama3.1-8b,H,7409,economics,C,C,True
llama3.1-8b,H,7410,economics,C,D,False
llama3.1-8b,H,7411,economics,D,D,True
llama3.1-8b,H,7412,economics,J,J,True
llama3.1-8b,H,7415,economics,H,H,True
llama3.1-8b,H,7417,economics,A,I,False
llama3.1-8b,H,7418,economics,D,D,True
llama3.1-8b,H,7419,economics,J,J,True
llama3.1-8b,H,7428,economics,E,F,False
llama3.1-8b,H,7429,economics,C,E,False
llama3.1-8b,H,7430,economics,J,H,False
llama3.1-8b,H,7431,economics,F,E,False
llama3.1-8b,H,7433,economics,G,H,False
llama3.1-8b,H,7434,economics,G,G,True
llama3.1-8b,H,7436,economics,D,D,True
llama3.1-8b,H,7437,economics,J,A,False
llama3.1-8b,H,7439,economics,G,G,True
llama3.1-8b,H,7442,economics,C,I,False
llama3.1-8b,H,7443,economics,J,F,False
llama3.1-8b,H,7444,economics,C,A,False
llama3.1-8b,H,7445,economics,I,I,True
llama3.1-8b,H,7447,economics,E,J,False
llama3.1-8b,H,7449,economics,H,G,False
llama3.1-8b,H,7450,economics,I,H,False
llama3.1-8b,H,7452,economics,C,C,True
llama3.1-8b,H,7453,economics,B,I,False
llama3.1-8b,H,7456,economics,C,F,False
llama3.1-8b,H,7459,economics,C,C,True
llama3.1-8b,H,7460,economics,G,G,True
llama3.1-8b,H,7461,economics,G,G,True
llama3.1-8b,H,7464,economics,H,H,True
llama3.1-8b,H,7466,economics,H,H,True
llama3.1-8b,H,7469,economics,G,G,True
llama3.1-8b,H,7470,economics,E,E,True
llama3.1-8b,H,7471,economics,D,C,False
llama3.1-8b,H,7473,economics,C,H,False
llama3.1-8b,H,7474,economics,D,A,False
llama3.1-8b,H,7477,economics,I,I,True
llama3.1-8b,H,7479,economics,J,J,True
llama3.1-8b,H,7483,economics,D,I,False
llama3.1-8b,H,7484,economics,H,B,False
llama3.1-8b,H,7485,economics,C,F,False
llama3.1-8b,H,7492,economics,F,I,False
llama3.1-8b,H,7493,economics,G,G,True
llama3.1-8b,H,7494,economics,E,J,False
llama3.1-8b,H,7496,economics,C,G,False
llama3.1-8b,H,7500,economics,B,H,False
llama3.1-8b,H,7501,economics,B,G,False
llama3.1-8b,H,7502,economics,F,F,True
llama3.1-8b,H,7504,economics,A,C,False
llama3.1-8b,H,7505,economics,J,J,True
llama3.1-8b,H,7508,economics,H,C,False
llama3.1-8b,H,7509,economics,E,E,True
llama3.1-8b,H,7510,economics,H,I,False
llama3.1-8b,H,7512,economics,C,J,False
llama3.1-8b,H,7514,economics,J,C,False
llama3.1-8b,H,7516,economics,G,A,False
llama3.1-8b,H,7521,economics,H,H,True
llama3.1-8b,H,7522,economics,J,F,False
llama3.1-8b,H,7523,economics,C,C,True
llama3.1-8b,H,7524,economics,I,I,True
llama3.1-8b,H,7525,economics,C,C,True
llama3.1-8b,H,7526,economics,B,B,True
llama3.1-8b,H,7529,economics,G,G,True
llama3.1-8b,H,7530,economics,E,I,False
llama3.1-8b,H,7532,economics,F,A,False
llama3.1-8b,H,7533,economics,E,E,True
llama3.1-8b,H,7534,economics,C,H,False
llama3.1-8b,H,7536,economics,A,F,False
llama3.1-8b,H,7537,economics,A,B,False
llama3.1-8b,H,7538,economics,F,B,False
llama3.1-8b,H,7539,economics,C,C,True
llama3.1-8b,H,7540,economics,G,G,True
llama3.1-8b,H,7542,economics,H,A,False
llama3.1-8b,H,7543,economics,D,H,False
llama3.1-8b,H,7544,economics,B,I,False
llama3.1-8b,H,7545,economics,A,A,True
llama3.1-8b,H,7546,economics,A,A,True
llama3.1-8b,H,7547,economics,G,G,True
llama3.1-8b,H,7548,economics,B,B,True
llama3.1-8b,H,7549,economics,D,D,True
llama3.1-8b,H,7550,economics,I,I,True
llama3.1-8b,H,7551,economics,D,D,True
llama3.1-8b,H,7552,economics,E,C,False
llama3.1-8b,H,7554,economics,E,E,True
llama3.1-8b,H,7556,economics,J,D,False
llama3.1-8b,H,7560,economics,I,J,False
llama3.1-8b,H,7561,economics,G,G,True
llama3.1-8b,H,7562,economics,I,E,False
llama3.1-8b,H,7564,economics,C,D,False
llama3.1-8b,H,7565,economics,E,D,False
llama3.1-8b,H,7566,economics,D,C,False
llama3.1-8b,H,7567,economics,F,E,False
llama3.1-8b,H,7568,economics,J,D,False
llama3.1-8b,H,7572,economics,I,E,False
llama3.1-8b,H,7573,economics,F,F,True
llama3.1-8b,H,7575,economics,D,D,True
llama3.1-8b,H,7580,economics,E,J,False
llama3.1-8b,H,7582,economics,G,E,False
llama3.1-8b,H,7583,economics,C,E,False
llama3.1-8b,H,7584,economics,J,J,True
llama3.1-8b,H,7586,economics,G,G,True
llama3.1-8b,H,7590,economics,A,A,True
llama3.1-8b,H,7592,economics,J,G,False
llama3.1-8b,H,7593,economics,G,B,False
llama3.1-8b,H,7594,economics,C,C,True
llama3.1-8b,H,7596,economics,G,G,True
llama3.1-8b,H,7599,economics,J,J,True
llama3.1-8b,H,7600,economics,C,C,True
llama3.1-8b,H,7602,economics,B,B,True
llama3.1-8b,H,7603,economics,B,B,True
llama3.1-8b,H,7604,economics,D,A,False
llama3.1-8b,H,7606,economics,H,H,True
llama3.1-8b,H,7607,economics,J,J,True
llama3.1-8b,H,7608,economics,B,D,False
llama3.1-8b,H,7610,economics,E,A,False
llama3.1-8b,H,7611,economics,E,E,True
llama3.1-8b,H,7613,economics,G,G,True
llama3.1-8b,H,7614,economics,G,J,False
llama3.1-8b,H,7617,economics,H,D,False
llama3.1-8b,H,7618,economics,A,A,True
llama3.1-8b,H,7619,economics,C,B,False
llama3.1-8b,H,7620,economics,G,G,True
llama3.1-8b,H,7621,economics,J,A,False
llama3.1-8b,H,7622,economics,J,B,False
llama3.1-8b,H,7623,economics,B,D,False
llama3.1-8b,H,7626,economics,C,G,False
llama3.1-8b,H,7629,economics,G,A,False
llama3.1-8b,H,7630,economics,B,I,False
llama3.1-8b,H,7632,economics,G,D,False
llama3.1-8b,H,7634,economics,C,H,False
llama3.1-8b,H,7638,economics,H,E,False
llama3.1-8b,H,7639,economics,G,D,False
llama3.1-8b,H,7640,economics,A,G,False
llama3.1-8b,H,7641,economics,B,A,False
llama3.1-8b,H,7644,economics,G,D,False
llama3.1-8b,H,7645,economics,D,D,True
llama3.1-8b,H,7646,economics,J,J,True
llama3.1-8b,H,7648,economics,C,I,False
llama3.1-8b,H,7649,economics,G,G,True
llama3.1-8b,H,7650,economics,H,H,True
llama3.1-8b,H,7651,economics,B,B,True
llama3.1-8b,H,7655,economics,I,F,False
llama3.1-8b,H,7656,economics,A,J,False
llama3.1-8b,H,7657,economics,J,D,False
llama3.1-8b,H,7658,economics,H,I,False
llama3.1-8b,H,7662,economics,B,F,False
llama3.1-8b,H,7664,economics,B,B,True
llama3.1-8b,H,7665,economics,E,E,True
llama3.1-8b,H,7667,economics,C,B,False
llama3.1-8b,H,7669,economics,E,E,True
llama3.1-8b,H,7670,economics,C,H,False
llama3.1-8b,H,7671,economics,J,J,True
llama3.1-8b,H,7672,economics,D,H,False
llama3.1-8b,H,7673,economics,E,E,True
llama3.1-8b,H,7674,economics,A,A,True
llama3.1-8b,H,7675,economics,H,H,True
llama3.1-8b,H,7676,economics,B,B,True
llama3.1-8b,H,7677,economics,E,E,True
llama3.1-8b,H,7678,economics,B,B,True
llama3.1-8b,H,7679,economics,H,B,False
llama3.1-8b,H,7681,economics,F,F,True
llama3.1-8b,H,7684,economics,B,I,False
llama3.1-8b,H,7686,economics,B,J,False
